cycle,e,tick_emissions_Ue
0,gCO2e emissions,nil
1,gCO2e emissions,nil
2,gCO2e emissions,102900000.0
3,gCO2e emissions,102900000.0
4,gCO2e emissions,102900000.0
5,gCO2e emissions,102900000.0
6,gCO2e emissions,102900000.0
7,gCO2e emissions,102900000.0
8,gCO2e emissions,102900000.0
9,gCO2e emissions,102900000.0
10,gCO2e emissions,102900000.0
11,gCO2e emissions,102900000.0
12,gCO2e emissions,0.0
13,gCO2e emissions,0.0
14,gCO2e emissions,0.0
15,gCO2e emissions,0.0
16,gCO2e emissions,0.0
17,gCO2e emissions,0.0
18,gCO2e emissions,0.0
19,gCO2e emissions,0.0
20,gCO2e emissions,0.0
21,gCO2e emissions,0.0
22,gCO2e emissions,0.0
23,gCO2e emissions,0.0
24,gCO2e emissions,2400000.0
25,gCO2e emissions,7200000.0
26,gCO2e emissions,12600000.0
27,gCO2e emissions,26400000.0
28,gCO2e emissions,35700000.0
29,gCO2e emissions,50100000.0
30,gCO2e emissions,61800000.0
31,gCO2e emissions,71100000.0
32,gCO2e emissions,83700000.0
33,gCO2e emissions,93600000.0
34,gCO2e emissions,102900000.0
35,gCO2e emissions,100500000.0
36,gCO2e emissions,95700000.0
37,gCO2e emissions,90300000.0
38,gCO2e emissions,76500000.0
39,gCO2e emissions,67200000.0
40,gCO2e emissions,52800000.0
41,gCO2e emissions,41100000.0
42,gCO2e emissions,31800000.0
43,gCO2e emissions,19200000.0
44,gCO2e emissions,9300000.0
45,gCO2e emissions,0.0
46,gCO2e emissions,0.0
47,gCO2e emissions,0.0
48,gCO2e emissions,0.0
49,gCO2e emissions,600000.0
50,gCO2e emissions,1800000.0
51,gCO2e emissions,3000000.0
52,gCO2e emissions,6900000.0
53,gCO2e emissions,12000000.0
54,gCO2e emissions,16800000.0
55,gCO2e emissions,22200000.0
56,gCO2e emissions,30600000.0
57,gCO2e emissions,41400000.0
58,gCO2e emissions,52500000.0
59,gCO2e emissions,63000000.0
60,gCO2e emissions,73200000.0
61,gCO2e emissions,79200000.0
62,gCO2e emissions,86700000.0
63,gCO2e emissions,88500000.0
64,gCO2e emissions,87600000.0
65,gCO2e emissions,84000000.0
66,gCO2e emissions,80400000.0
67,gCO2e emissions,72300000.0
68,gCO2e emissions,61500000.0
69,gCO2e emissions,50400000.0
70,gCO2e emissions,39900000.0
71,gCO2e emissions,29100000.0
72,gCO2e emissions,22200000.0
73,gCO2e emissions,13500000.0
74,gCO2e emissions,7800000.0
75,gCO2e emissions,3900000.0
76,gCO2e emissions,2700000.0
77,gCO2e emissions,2100000.0
78,gCO2e emissions,3300000.0
79,gCO2e emissions,4500000.0
80,gCO2e emissions,6600000.0
81,gCO2e emissions,10500000.0
82,gCO2e emissions,14400000.0
83,gCO2e emissions,19500000.0
84,gCO2e emissions,28200000.0
85,gCO2e emissions,37200000.0
86,gCO2e emissions,45300000.0
87,gCO2e emissions,54900000.0
88,gCO2e emissions,60600000.0
89,gCO2e emissions,68400000.0
90,gCO2e emissions,73200000.0
91,gCO2e emissions,78300000.0
92,gCO2e emissions,79800000.0
93,gCO2e emissions,81000000.0
94,gCO2e emissions,78600000.0
0,gCO2e emissions,nil
1,gCO2e emissions,nil
2,gCO2e emissions,308700000.0
3,gCO2e emissions,308700000.0
4,gCO2e emissions,308700000.0
5,gCO2e emissions,308700000.0
6,gCO2e emissions,308700000.0
7,gCO2e emissions,308700000.0
8,gCO2e emissions,308700000.0
9,gCO2e emissions,308700000.0
10,gCO2e emissions,308700000.0
11,gCO2e emissions,308700000.0
12,gCO2e emissions,0.0
13,gCO2e emissions,0.0
14,gCO2e emissions,0.0
15,gCO2e emissions,0.0
16,gCO2e emissions,0.0
17,gCO2e emissions,0.0
18,gCO2e emissions,0.0
19,gCO2e emissions,0.0
20,gCO2e emissions,0.0
21,gCO2e emissions,0.0
22,gCO2e emissions,0.0
23,gCO2e emissions,0.0
24,gCO2e emissions,0.0
25,gCO2e emissions,900000.0
26,gCO2e emissions,9000000.0
27,gCO2e emissions,26100000.0
28,gCO2e emissions,60000000.0
29,gCO2e emissions,106800000.0
30,gCO2e emissions,158100000.0
31,gCO2e emissions,207300000.0
32,gCO2e emissions,249900000.0
33,gCO2e emissions,281700000.0
34,gCO2e emissions,308700000.0
35,gCO2e emissions,308700000.0
36,gCO2e emissions,307800000.0
37,gCO2e emissions,299400000.0
38,gCO2e emissions,278400000.0
39,gCO2e emissions,234900000.0
40,gCO2e emissions,174300000.0
41,gCO2e emissions,113400000.0
42,gCO2e emissions,57000000.0
43,gCO2e emissions,22500000.0
44,gCO2e emissions,4200000.0
45,gCO2e emissions,0.0
46,gCO2e emissions,0.0
47,gCO2e emissions,0.0
48,gCO2e emissions,0.0
49,gCO2e emissions,0.0
50,gCO2e emissions,0.0
51,gCO2e emissions,300000.0
52,gCO2e emissions,900000.0
53,gCO2e emissions,5400000.0
54,gCO2e emissions,13500000.0
55,gCO2e emissions,28800000.0
56,gCO2e emissions,51900000.0
57,gCO2e emissions,87300000.0
58,gCO2e emissions,122100000.0
59,gCO2e emissions,160500000.0
60,gCO2e emissions,201300000.0
61,gCO2e emissions,242400000.0
62,gCO2e emissions,269700000.0
63,gCO2e emissions,288600000.0
64,gCO2e emissions,295800000.0
65,gCO2e emissions,289200000.0
66,gCO2e emissions,271800000.0
67,gCO2e emissions,242100000.0
68,gCO2e emissions,201900000.0
69,gCO2e emissions,159600000.0
70,gCO2e emissions,111000000.0
71,gCO2e emissions,69600000.0
72,gCO2e emissions,37200000.0
73,gCO2e emissions,18300000.0
74,gCO2e emissions,5100000.0
75,gCO2e emissions,1500000.0
76,gCO2e emissions,600000.0
77,gCO2e emissions,0.0
78,gCO2e emissions,0.0
79,gCO2e emissions,900000.0
80,gCO2e emissions,1200000.0
81,gCO2e emissions,3900000.0
82,gCO2e emissions,11100000.0
83,gCO2e emissions,26100000.0
84,gCO2e emissions,42900000.0
85,gCO2e emissions,73200000.0
86,gCO2e emissions,105000000.0
87,gCO2e emissions,144000000.0
88,gCO2e emissions,177300000.0
89,gCO2e emissions,208500000.0
90,gCO2e emissions,237300000.0
91,gCO2e emissions,261000000.0
92,gCO2e emissions,278700000.0
93,gCO2e emissions,285900000.0
94,gCO2e emissions,272400000.0
95,gCO2e emissions,252000000.0
96,gCO2e emissions,216600000.0
97,gCO2e emissions,178800000.0
98,gCO2e emissions,136200000.0
99,gCO2e emissions,101400000.0
100,gCO2e emissions,71700000.0
101,gCO2e emissions,47100000.0
102,gCO2e emissions,25800000.0
103,gCO2e emissions,12000000.0
104,gCO2e emissions,3900000.0
105,gCO2e emissions,2100000.0
106,gCO2e emissions,900000.0
107,gCO2e emissions,300000.0
108,gCO2e emissions,2400000.0
109,gCO2e emissions,6000000.0
110,gCO2e emissions,10500000.0
111,gCO2e emissions,21000000.0
112,gCO2e emissions,36000000.0
113,gCO2e emissions,58500000.0
114,gCO2e emissions,84300000.0
115,gCO2e emissions,115500000.0
116,gCO2e emissions,151200000.0
117,gCO2e emissions,182100000.0
118,gCO2e emissions,214800000.0
119,gCO2e emissions,240900000.0
120,gCO2e emissions,256500000.0
121,gCO2e emissions,266100000.0
122,gCO2e emissions,265800000.0
123,gCO2e emissions,253800000.0
124,gCO2e emissions,233700000.0
125,gCO2e emissions,204000000.0
126,gCO2e emissions,167100000.0
127,gCO2e emissions,131400000.0
128,gCO2e emissions,97200000.0
129,gCO2e emissions,70800000.0
130,gCO2e emissions,46800000.0
131,gCO2e emissions,28200000.0
132,gCO2e emissions,17700000.0
0,gCO2e emissions,nil
1,gCO2e emissions,nil
2,gCO2e emissions,308700000.0
3,gCO2e emissions,308700000.0
4,gCO2e emissions,308700000.0
5,gCO2e emissions,308700000.0
6,gCO2e emissions,308700000.0
7,gCO2e emissions,308700000.0
8,gCO2e emissions,308700000.0
9,gCO2e emissions,308700000.0
10,gCO2e emissions,308700000.0
11,gCO2e emissions,308700000.0
12,gCO2e emissions,0.0
13,gCO2e emissions,0.0
14,gCO2e emissions,0.0
15,gCO2e emissions,0.0
16,gCO2e emissions,0.0
17,gCO2e emissions,0.0
18,gCO2e emissions,0.0
19,gCO2e emissions,0.0
20,gCO2e emissions,0.0
0,gCO2e emissions,nil
1,gCO2e emissions,nil
2,gCO2e emissions,224054673.02496603
3,gCO2e emissions,377183059.4917106
4,gCO2e emissions,347687189.8551882
5,gCO2e emissions,339414095.06566685
6,gCO2e emissions,286908044.1338984
7,gCO2e emissions,274122435.96177936
8,gCO2e emissions,260993070.0862378
9,gCO2e emissions,246881532.57122132
10,gCO2e emissions,278061508.11459136
11,gCO2e emissions,286590845.27176255
12,gCO2e emissions,270725759.3814589
13,gCO2e emissions,233919323.34886774
14,gCO2e emissions,202471420.35220033
15,gCO2e emissions,208342852.21132022
16,gCO2e emissions,201962849.90993628
17,gCO2e emissions,175728568.14088014
18,gCO2e emissions,165048565.8394962
19,gCO2e emissions,186119997.6986161
20,gCO2e emissions,179211427.25635207
21,gCO2e emissions,171008570.44226405
22,gCO2e emissions,163522854.5127041
23,gCO2e emissions,162314284.07044008
24,gCO2e emissions,149019997.69861606
25,gCO2e emissions,142611427.25635207
26,gCO2e emissions,172105713.62817603
27,gCO2e emissions,171002856.81408802
28,gCO2e emissions,172402856.81408802
29,gCO2e emissions,156814284.07044005
30,gCO2e emissions,166102856.81408802
31,gCO2e emissions,184105713.62817603
32,gCO2e emissions,224602856.81408802
33,gCO2e emissions,226902856.81408802
34,gCO2e emissions,229500000.0
35,gCO2e emissions,225300000.0
36,gCO2e emissions,247600000.0
37,gCO2e emissions,249900000.0
38,gCO2e emissions,258202856.81408802
39,gCO2e emissions,260500000.0
40,gCO2e emissions,249605713.62817603
41,gCO2e emissions,220800000.0
42,gCO2e emissions,245000000.0
43,gCO2e emissions,196405713.62817603
44,gCO2e emissions,198100000.0
45,gCO2e emissions,204402856.81408802
46,gCO2e emissions,194600000.0
47,gCO2e emissions,184700000.0
48,gCO2e emissions,177902856.81408802
49,gCO2e emissions,163700000.0
50,gCO2e emissions,162000000.0
51,gCO2e emissions,169800000.0
52,gCO2e emissions,152600000.0
53,gCO2e emissions,158200000.0
54,gCO2e emissions,174700000.0
55,gCO2e emissions,160400000.0
56,gCO2e emissions,143800000.0
57,gCO2e emissions,170900000.0
58,gCO2e emissions,175600000.0
59,gCO2e emissions,192500000.0
60,gCO2e emissions,192700000.0
61,gCO2e emissions,209400000.0
62,gCO2e emissions,211000000.0
63,gCO2e emissions,242900000.0
64,gCO2e emissions,223300000.0
65,gCO2e emissions,239000000.0
66,gCO2e emissions,244700000.0
67,gCO2e emissions,239000000.0
68,gCO2e emissions,245900000.0
0,gCO2e emissions,nil
1,gCO2e emissions,nil
2,gCO2e emissions,224054673.02496603
3,gCO2e emissions,353870225.9261585
4,gCO2e emissions,375974761.98504895
5,gCO2e emissions,322036463.43118155
6,gCO2e emissions,300970648.6939911
0,gCO2e emissions,nil
1,gCO2e emissions,nil
2,gCO2e emissions,225770071.76061288
3,gCO2e emissions,357999540.90747803
4,gCO2e emissions,365858084.36739486
5,gCO2e emissions,334904895.95304936
6,gCO2e emissions,288456067.8507509
7,gCO2e emissions,264772746.38515654
8,gCO2e emissions,261464433.69580132
9,gCO2e emissions,270637714.608112
10,gCO2e emissions,283573622.6704021
11,gCO2e emissions,291954389.38530934
12,gCO2e emissions,260197261.45049164
13,gCO2e emissions,222187876.2386536
14,gCO2e emissions,204788598.64306876
15,gCO2e emissions,220659288.2439114
16,gCO2e emissions,198967153.83423847
17,gCO2e emissions,168631424.95496815
18,gCO2e emissions,176831424.95496815
19,gCO2e emissions,172630720.10303122
20,gCO2e emissions,184928568.14088017
21,gCO2e emissions,166508570.44226405
22,gCO2e emissions,170117140.88452807
23,gCO2e emissions,166908570.44226405
24,gCO2e emissions,148008570.44226402
25,gCO2e emissions,152305713.62817603
26,gCO2e emissions,156508570.44226405
27,gCO2e emissions,175414284.07044005
28,gCO2e emissions,167200000.0
29,gCO2e emissions,169108570.44226402
30,gCO2e emissions,186902856.81408802
31,gCO2e emissions,175200000.0
32,gCO2e emissions,225008570.44226405
33,gCO2e emissions,222602856.81408802
34,gCO2e emissions,234302856.81408802
35,gCO2e emissions,228502856.81408802
36,gCO2e emissions,232608570.44226405
37,gCO2e emissions,249100000.0
38,gCO2e emissions,261200000.0
39,gCO2e emissions,263500000.0
40,gCO2e emissions,256700000.0
41,gCO2e emissions,202100000.0
42,gCO2e emissions,234802856.81408802
43,gCO2e emissions,209600000.0
44,gCO2e emissions,200300000.0
45,gCO2e emissions,209600000.0
46,gCO2e emissions,182405713.62817603
47,gCO2e emissions,182000000.0
48,gCO2e emissions,181302856.81408802
49,gCO2e emissions,157300000.0
50,gCO2e emissions,166200000.0
51,gCO2e emissions,168700000.0
52,gCO2e emissions,150800000.0
53,gCO2e emissions,167202856.81408802
54,gCO2e emissions,163400000.0
55,gCO2e emissions,159900000.0
56,gCO2e emissions,154200000.0
57,gCO2e emissions,172800000.0
58,gCO2e emissions,173100000.0
59,gCO2e emissions,194600000.0
60,gCO2e emissions,197700000.0
61,gCO2e emissions,218802856.81408802
62,gCO2e emissions,219000000.0
63,gCO2e emissions,223200000.0
64,gCO2e emissions,217100000.0
65,gCO2e emissions,234200000.0
66,gCO2e emissions,244100000.0
67,gCO2e emissions,243302856.81408802
68,gCO2e emissions,252500000.0
69,gCO2e emissions,220900000.0
70,gCO2e emissions,230900000.0
71,gCO2e emissions,239700000.0
72,gCO2e emissions,193202856.81408802
73,gCO2e emissions,210000000.0
74,gCO2e emissions,197500000.0
75,gCO2e emissions,181800000.0
76,gCO2e emissions,172900000.0
77,gCO2e emissions,167800000.0
78,gCO2e emissions,173300000.0
79,gCO2e emissions,167000000.0
80,gCO2e emissions,168600000.0
81,gCO2e emissions,173200000.0
82,gCO2e emissions,172400000.0
83,gCO2e emissions,178600000.0
84,gCO2e emissions,164800000.0
85,gCO2e emissions,163100000.0
86,gCO2e emissions,170800000.0
87,gCO2e emissions,197100000.0
88,gCO2e emissions,199600000.0
89,gCO2e emissions,177200000.0
90,gCO2e emissions,223200000.0
91,gCO2e emissions,203500000.0
92,gCO2e emissions,220400000.0
93,gCO2e emissions,231900000.0
94,gCO2e emissions,244000000.0
95,gCO2e emissions,257800000.0
96,gCO2e emissions,235200000.0
97,gCO2e emissions,233300000.0
98,gCO2e emissions,217700000.0
99,gCO2e emissions,218000000.0
100,gCO2e emissions,226300000.0
101,gCO2e emissions,201100000.0
102,gCO2e emissions,201400000.0
103,gCO2e emissions,216700000.0
104,gCO2e emissions,182400000.0
105,gCO2e emissions,166100000.0
106,gCO2e emissions,180400000.0
107,gCO2e emissions,158600000.0
108,gCO2e emissions,202700000.0
109,gCO2e emissions,160800000.0
110,gCO2e emissions,172400000.0
111,gCO2e emissions,181000000.0
112,gCO2e emissions,162500000.0
113,gCO2e emissions,175500000.0
114,gCO2e emissions,176400000.0
115,gCO2e emissions,201800000.0
116,gCO2e emissions,184400000.0
117,gCO2e emissions,207600000.0
118,gCO2e emissions,191400000.0
119,gCO2e emissions,188500000.0
120,gCO2e emissions,222900000.0
121,gCO2e emissions,213300000.0
122,gCO2e emissions,252300000.0
123,gCO2e emissions,213700000.0
124,gCO2e emissions,220700000.0
125,gCO2e emissions,222600000.0
126,gCO2e emissions,232100000.0
127,gCO2e emissions,232400000.0
128,gCO2e emissions,222400000.0
129,gCO2e emissions,222400000.0
130,gCO2e emissions,191700000.0
131,gCO2e emissions,204400000.0
132,gCO2e emissions,189600000.0
133,gCO2e emissions,190000000.0
134,gCO2e emissions,192600000.0
135,gCO2e emissions,180500000.0
136,gCO2e emissions,169300000.0
137,gCO2e emissions,167500000.0
138,gCO2e emissions,185200000.0
139,gCO2e emissions,178500000.0
140,gCO2e emissions,186900000.0
141,gCO2e emissions,164500000.0
142,gCO2e emissions,172600000.0
143,gCO2e emissions,180100000.0
144,gCO2e emissions,182600000.0
145,gCO2e emissions,171000000.0
146,gCO2e emissions,199400000.0
147,gCO2e emissions,219500000.0
148,gCO2e emissions,204400000.0
149,gCO2e emissions,212100000.0
150,gCO2e emissions,200700000.0
151,gCO2e emissions,215800000.0
152,gCO2e emissions,248700000.0
153,gCO2e emissions,233500000.0
154,gCO2e emissions,220700000.0
155,gCO2e emissions,216700000.0
156,gCO2e emissions,219100000.0
157,gCO2e emissions,205000000.0
158,gCO2e emissions,219800000.0
159,gCO2e emissions,194600000.0
160,gCO2e emissions,215200000.0
161,gCO2e emissions,191000000.0
162,gCO2e emissions,176600000.0
163,gCO2e emissions,196000000.0
164,gCO2e emissions,189400000.0
165,gCO2e emissions,197300000.0
166,gCO2e emissions,166800000.0
167,gCO2e emissions,182400000.0
168,gCO2e emissions,170600000.0
169,gCO2e emissions,192400000.0
170,gCO2e emissions,166800000.0
171,gCO2e emissions,186800000.0
172,gCO2e emissions,186900000.0
173,gCO2e emissions,200700000.0
174,gCO2e emissions,177900000.0
175,gCO2e emissions,183200000.0
176,gCO2e emissions,209400000.0
177,gCO2e emissions,203400000.0
178,gCO2e emissions,223600000.0
179,gCO2e emissions,196700000.0
180,gCO2e emissions,212900000.0
181,gCO2e emissions,227600000.0
182,gCO2e emissions,214900000.0
183,gCO2e emissions,211900000.0
184,gCO2e emissions,229600000.0
185,gCO2e emissions,211300000.0
186,gCO2e emissions,207500000.0
187,gCO2e emissions,199800000.0
188,gCO2e emissions,198400000.0
189,gCO2e emissions,191500000.0
190,gCO2e emissions,202800000.0
191,gCO2e emissions,190400000.0
192,gCO2e emissions,192300000.0
193,gCO2e emissions,181700000.0
194,gCO2e emissions,182600000.0
195,gCO2e emissions,193600000.0
196,gCO2e emissions,196000000.0
197,gCO2e emissions,188600000.0
198,gCO2e emissions,176000000.0
199,gCO2e emissions,177900000.0
200,gCO2e emissions,163300000.0
201,gCO2e emissions,201200000.0
202,gCO2e emissions,197200000.0
203,gCO2e emissions,185900000.0
204,gCO2e emissions,215600000.0
205,gCO2e emissions,202000000.0
206,gCO2e emissions,199800000.0
207,gCO2e emissions,194600000.0
208,gCO2e emissions,215400000.0
209,gCO2e emissions,200000000.0
210,gCO2e emissions,216800000.0
211,gCO2e emissions,220000000.0
212,gCO2e emissions,213000000.0
213,gCO2e emissions,210500000.0
214,gCO2e emissions,181000000.0
215,gCO2e emissions,227100000.0
216,gCO2e emissions,205400000.0
217,gCO2e emissions,204100000.0
218,gCO2e emissions,199300000.0
219,gCO2e emissions,184500000.0
220,gCO2e emissions,189100000.0
221,gCO2e emissions,182000000.0
222,gCO2e emissions,200700000.0
223,gCO2e emissions,184700000.0
224,gCO2e emissions,200000000.0
225,gCO2e emissions,190000000.0
226,gCO2e emissions,185000000.0
227,gCO2e emissions,181800000.0
228,gCO2e emissions,199000000.0
229,gCO2e emissions,204400000.0
230,gCO2e emissions,173100000.0
231,gCO2e emissions,186400000.0
232,gCO2e emissions,197800000.0
233,gCO2e emissions,186600000.0
234,gCO2e emissions,228700000.0
235,gCO2e emissions,199700000.0
236,gCO2e emissions,191900000.0
237,gCO2e emissions,212600000.0
238,gCO2e emissions,203700000.0
239,gCO2e emissions,216300000.0
240,gCO2e emissions,218300000.0
241,gCO2e emissions,200300000.0
242,gCO2e emissions,192100000.0
243,gCO2e emissions,214900000.0
244,gCO2e emissions,225600000.0
245,gCO2e emissions,209300000.0
246,gCO2e emissions,203900000.0
247,gCO2e emissions,174800000.0
248,gCO2e emissions,201200000.0
249,gCO2e emissions,191300000.0
250,gCO2e emissions,192400000.0
251,gCO2e emissions,198800000.0
252,gCO2e emissions,175500000.0
253,gCO2e emissions,183200000.0
254,gCO2e emissions,188700000.0
255,gCO2e emissions,181400000.0
256,gCO2e emissions,191700000.0
257,gCO2e emissions,194900000.0
258,gCO2e emissions,187000000.0
259,gCO2e emissions,208000000.0
260,gCO2e emissions,189700000.0
261,gCO2e emissions,194500000.0
262,gCO2e emissions,187700000.0
263,gCO2e emissions,182500000.0
264,gCO2e emissions,204100000.0
265,gCO2e emissions,207300000.0
266,gCO2e emissions,208000000.0
267,gCO2e emissions,200800000.0
268,gCO2e emissions,197900000.0
269,gCO2e emissions,225400000.0
270,gCO2e emissions,213500000.0
271,gCO2e emissions,228000000.0
272,gCO2e emissions,210200000.0
273,gCO2e emissions,211400000.0
274,gCO2e emissions,203600000.0
275,gCO2e emissions,219000000.0
276,gCO2e emissions,190400000.0
277,gCO2e emissions,204500000.0
278,gCO2e emissions,172100000.0
279,gCO2e emissions,194000000.0
280,gCO2e emissions,194500000.0
281,gCO2e emissions,196500000.0
282,gCO2e emissions,172700000.0
283,gCO2e emissions,185400000.0
284,gCO2e emissions,192000000.0
285,gCO2e emissions,190800000.0
286,gCO2e emissions,178200000.0
287,gCO2e emissions,191400000.0
288,gCO2e emissions,220400000.0
289,gCO2e emissions,226100000.0
290,gCO2e emissions,190400000.0
291,gCO2e emissions,169700000.0
292,gCO2e emissions,187000000.0
293,gCO2e emissions,197900000.0
294,gCO2e emissions,210300000.0
295,gCO2e emissions,220600000.0
296,gCO2e emissions,204400000.0
297,gCO2e emissions,208700000.0
298,gCO2e emissions,224700000.0
299,gCO2e emissions,193700000.0
300,gCO2e emissions,217000000.0
301,gCO2e emissions,192900000.0
302,gCO2e emissions,213300000.0
303,gCO2e emissions,192800000.0
304,gCO2e emissions,217100000.0
305,gCO2e emissions,187300000.0
306,gCO2e emissions,189800000.0
307,gCO2e emissions,194900000.0
308,gCO2e emissions,197900000.0
309,gCO2e emissions,185200000.0
310,gCO2e emissions,189700000.0
311,gCO2e emissions,200700000.0
312,gCO2e emissions,194400000.0
313,gCO2e emissions,188000000.0
314,gCO2e emissions,193100000.0
315,gCO2e emissions,182700000.0
316,gCO2e emissions,179500000.0
317,gCO2e emissions,181700000.0
318,gCO2e emissions,194200000.0
319,gCO2e emissions,197000000.0
320,gCO2e emissions,188000000.0
321,gCO2e emissions,210300000.0
322,gCO2e emissions,214000000.0
323,gCO2e emissions,193900000.0
324,gCO2e emissions,203600000.0
325,gCO2e emissions,202600000.0
326,gCO2e emissions,220200000.0
327,gCO2e emissions,207600000.0
328,gCO2e emissions,205800000.0
329,gCO2e emissions,199600000.0
330,gCO2e emissions,196600000.0
331,gCO2e emissions,184400000.0
332,gCO2e emissions,190200000.0
333,gCO2e emissions,216300000.0
334,gCO2e emissions,195400000.0
335,gCO2e emissions,183400000.0
336,gCO2e emissions,188300000.0
337,gCO2e emissions,182100000.0
338,gCO2e emissions,193400000.0
339,gCO2e emissions,191600000.0
340,gCO2e emissions,183100000.0
341,gCO2e emissions,206300000.0
342,gCO2e emissions,185900000.0
343,gCO2e emissions,194600000.0
344,gCO2e emissions,195500000.0
345,gCO2e emissions,173100000.0
346,gCO2e emissions,195100000.0
347,gCO2e emissions,180800000.0
348,gCO2e emissions,211900000.0
349,gCO2e emissions,196100000.0
350,gCO2e emissions,218200000.0
351,gCO2e emissions,214100000.0
352,gCO2e emissions,199300000.0
353,gCO2e emissions,191200000.0
354,gCO2e emissions,218800000.0
355,gCO2e emissions,217900000.0
356,gCO2e emissions,209700000.0
357,gCO2e emissions,191000000.0
358,gCO2e emissions,191500000.0
359,gCO2e emissions,204100000.0
360,gCO2e emissions,214200000.0
361,gCO2e emissions,199000000.0
362,gCO2e emissions,219800000.0
363,gCO2e emissions,183500000.0
364,gCO2e emissions,191300000.0
365,gCO2e emissions,188200000.0
366,gCO2e emissions,205100000.0
367,gCO2e emissions,203500000.0
368,gCO2e emissions,206200000.0
369,gCO2e emissions,182200000.0
370,gCO2e emissions,174200000.0
371,gCO2e emissions,181700000.0
372,gCO2e emissions,193400000.0
373,gCO2e emissions,216100000.0
374,gCO2e emissions,186100000.0
375,gCO2e emissions,194300000.0
376,gCO2e emissions,191400000.0
377,gCO2e emissions,190100000.0
378,gCO2e emissions,200900000.0
379,gCO2e emissions,202000000.0
380,gCO2e emissions,202600000.0
381,gCO2e emissions,190200000.0
382,gCO2e emissions,203100000.0
383,gCO2e emissions,209400000.0
384,gCO2e emissions,216900000.0
385,gCO2e emissions,207800000.0
386,gCO2e emissions,208900000.0
387,gCO2e emissions,202700000.0
388,gCO2e emissions,220400000.0
389,gCO2e emissions,181600000.0
390,gCO2e emissions,193000000.0
391,gCO2e emissions,194500000.0
392,gCO2e emissions,206400000.0
393,gCO2e emissions,208600000.0
394,gCO2e emissions,186300000.0
395,gCO2e emissions,169000000.0
396,gCO2e emissions,203100000.0
397,gCO2e emissions,191100000.0
398,gCO2e emissions,179600000.0
399,gCO2e emissions,202100000.0
400,gCO2e emissions,204800000.0
401,gCO2e emissions,177700000.0
402,gCO2e emissions,202700000.0
403,gCO2e emissions,202000000.0
404,gCO2e emissions,183800000.0
405,gCO2e emissions,204000000.0
406,gCO2e emissions,184800000.0
407,gCO2e emissions,211200000.0
408,gCO2e emissions,201200000.0
409,gCO2e emissions,222300000.0
410,gCO2e emissions,194700000.0
411,gCO2e emissions,196500000.0
412,gCO2e emissions,196400000.0
413,gCO2e emissions,201500000.0
414,gCO2e emissions,211300000.0
415,gCO2e emissions,222900000.0
416,gCO2e emissions,190200000.0
417,gCO2e emissions,189300000.0
418,gCO2e emissions,204200000.0
419,gCO2e emissions,203600000.0
420,gCO2e emissions,204500000.0
421,gCO2e emissions,189400000.0
422,gCO2e emissions,174700000.0
423,gCO2e emissions,196100000.0
424,gCO2e emissions,208400000.0
425,gCO2e emissions,209300000.0
426,gCO2e emissions,201400000.0
427,gCO2e emissions,176900000.0
428,gCO2e emissions,174800000.0
429,gCO2e emissions,203000000.0
430,gCO2e emissions,180400000.0
431,gCO2e emissions,208000000.0
432,gCO2e emissions,199200000.0
433,gCO2e emissions,181600000.0
434,gCO2e emissions,187400000.0
435,gCO2e emissions,206200000.0
436,gCO2e emissions,197300000.0
437,gCO2e emissions,208000000.0
438,gCO2e emissions,218700000.0
439,gCO2e emissions,191700000.0
440,gCO2e emissions,208600000.0
441,gCO2e emissions,207100000.0
442,gCO2e emissions,196800000.0
443,gCO2e emissions,227100000.0
444,gCO2e emissions,179500000.0
445,gCO2e emissions,196500000.0
446,gCO2e emissions,201600000.0
447,gCO2e emissions,193200000.0
448,gCO2e emissions,213900000.0
449,gCO2e emissions,179000000.0
450,gCO2e emissions,225200000.0
451,gCO2e emissions,201600000.0
452,gCO2e emissions,187200000.0
453,gCO2e emissions,201300000.0
454,gCO2e emissions,193300000.0
455,gCO2e emissions,173900000.0
456,gCO2e emissions,216500000.0
457,gCO2e emissions,183000000.0
458,gCO2e emissions,192900000.0
459,gCO2e emissions,194300000.0
460,gCO2e emissions,206900000.0
461,gCO2e emissions,191500000.0
462,gCO2e emissions,185500000.0
463,gCO2e emissions,226400000.0
464,gCO2e emissions,199300000.0
465,gCO2e emissions,194600000.0
466,gCO2e emissions,210000000.0
467,gCO2e emissions,200600000.0
468,gCO2e emissions,222500000.0
469,gCO2e emissions,212100000.0
470,gCO2e emissions,176300000.0
471,gCO2e emissions,225300000.0
472,gCO2e emissions,198600000.0
473,gCO2e emissions,187500000.0
474,gCO2e emissions,198200000.0
475,gCO2e emissions,202600000.0
476,gCO2e emissions,201800000.0
477,gCO2e emissions,184600000.0
478,gCO2e emissions,207100000.0
479,gCO2e emissions,194600000.0
480,gCO2e emissions,207800000.0
481,gCO2e emissions,198900000.0
482,gCO2e emissions,180900000.0
483,gCO2e emissions,197800000.0
484,gCO2e emissions,185800000.0
485,gCO2e emissions,234700000.0
486,gCO2e emissions,170300000.0
487,gCO2e emissions,187000000.0
488,gCO2e emissions,196800000.0
489,gCO2e emissions,175700000.0
490,gCO2e emissions,220800000.0
491,gCO2e emissions,190400000.0
492,gCO2e emissions,206500000.0
493,gCO2e emissions,199500000.0
494,gCO2e emissions,192400000.0
495,gCO2e emissions,190100000.0
496,gCO2e emissions,205000000.0
497,gCO2e emissions,205900000.0
498,gCO2e emissions,192400000.0
499,gCO2e emissions,205500000.0
500,gCO2e emissions,209900000.0
501,gCO2e emissions,185100000.0
502,gCO2e emissions,222600000.0
503,gCO2e emissions,191500000.0
504,gCO2e emissions,208100000.0
505,gCO2e emissions,181400000.0
506,gCO2e emissions,186900000.0
507,gCO2e emissions,204000000.0
508,gCO2e emissions,193200000.0
509,gCO2e emissions,208600000.0
510,gCO2e emissions,185500000.0
511,gCO2e emissions,191400000.0
512,gCO2e emissions,200800000.0
513,gCO2e emissions,198600000.0
514,gCO2e emissions,206900000.0
515,gCO2e emissions,200000000.0
516,gCO2e emissions,191500000.0
517,gCO2e emissions,198600000.0
518,gCO2e emissions,181400000.0
519,gCO2e emissions,193100000.0
520,gCO2e emissions,182600000.0
521,gCO2e emissions,190500000.0
522,gCO2e emissions,192700000.0
523,gCO2e emissions,206800000.0
524,gCO2e emissions,192800000.0
525,gCO2e emissions,186700000.0
526,gCO2e emissions,186700000.0
527,gCO2e emissions,189900000.0
528,gCO2e emissions,222500000.0
529,gCO2e emissions,207400000.0
530,gCO2e emissions,198000000.0
531,gCO2e emissions,210900000.0
532,gCO2e emissions,193800000.0
533,gCO2e emissions,207700000.0
534,gCO2e emissions,199100000.0
535,gCO2e emissions,188000000.0
536,gCO2e emissions,198500000.0
537,gCO2e emissions,191600000.0
538,gCO2e emissions,172700000.0
0,gCO2e emissions,nil
1,gCO2e emissions,nil
2,gCO2e emissions,224518709.5853666
3,gCO2e emissions,372833547.6312061
4,gCO2e emissions,380896012.46614504
5,gCO2e emissions,343503989.0396635
6,gCO2e emissions,280629886.5818519
7,gCO2e emissions,268540944.8821006
8,gCO2e emissions,260037003.69758266
9,gCO2e emissions,274126576.45241666
10,gCO2e emissions,269484364.9286794
11,gCO2e emissions,261293637.92149645
12,gCO2e emissions,253415036.97704384
13,gCO2e emissions,250418638.350793
14,gCO2e emissions,195547860.9875593
15,gCO2e emissions,216957136.2817603
16,gCO2e emissions,169834281.76905617
17,gCO2e emissions,169519997.6986161
18,gCO2e emissions,181545709.0254082
19,gCO2e emissions,186622854.5127041
20,gCO2e emissions,199017140.8845281
21,gCO2e emissions,183611427.25635204
22,gCO2e emissions,148814284.07044008
23,gCO2e emissions,146602856.81408802
24,gCO2e emissions,150014284.07044008
25,gCO2e emissions,160911427.25635204
26,gCO2e emissions,185400000.0
27,gCO2e emissions,145511427.25635207
28,gCO2e emissions,177302856.81408802
29,gCO2e emissions,168808570.44226405
30,gCO2e emissions,211102856.81408802
31,gCO2e emissions,183602856.81408802
32,gCO2e emissions,218005713.62817603
33,gCO2e emissions,214002856.81408802
34,gCO2e emissions,235502856.81408802
35,gCO2e emissions,238300000.0
36,gCO2e emissions,238202856.81408802
37,gCO2e emissions,242000000.0
38,gCO2e emissions,244700000.0
39,gCO2e emissions,232305713.62817603
40,gCO2e emissions,240800000.0
41,gCO2e emissions,255302856.81408802
42,gCO2e emissions,234705713.62817603
43,gCO2e emissions,203902856.81408802
44,gCO2e emissions,198902856.81408802
45,gCO2e emissions,180405713.62817603
46,gCO2e emissions,219600000.0
47,gCO2e emissions,173800000.0
48,gCO2e emissions,154502856.81408802
49,gCO2e emissions,168700000.0
50,gCO2e emissions,160300000.0
51,gCO2e emissions,182900000.0
52,gCO2e emissions,160300000.0
53,gCO2e emissions,152302856.81408802
54,gCO2e emissions,166200000.0
55,gCO2e emissions,155100000.0
56,gCO2e emissions,171402856.81408802
57,gCO2e emissions,189600000.0
58,gCO2e emissions,167400000.0
59,gCO2e emissions,187100000.0
60,gCO2e emissions,178500000.0
61,gCO2e emissions,215102856.81408802
62,gCO2e emissions,252000000.0
63,gCO2e emissions,227300000.0
64,gCO2e emissions,211400000.0
65,gCO2e emissions,223900000.0
66,gCO2e emissions,224700000.0
67,gCO2e emissions,249200000.0
68,gCO2e emissions,236300000.0
69,gCO2e emissions,242100000.0
70,gCO2e emissions,233000000.0
71,gCO2e emissions,217900000.0
72,gCO2e emissions,202900000.0
73,gCO2e emissions,203000000.0
74,gCO2e emissions,173800000.0
75,gCO2e emissions,196800000.0
76,gCO2e emissions,194800000.0
77,gCO2e emissions,186400000.0
78,gCO2e emissions,168602856.81408802
79,gCO2e emissions,166200000.0
80,gCO2e emissions,165500000.0
81,gCO2e emissions,183800000.0
82,gCO2e emissions,144000000.0
83,gCO2e emissions,183000000.0
84,gCO2e emissions,186700000.0
85,gCO2e emissions,171500000.0
86,gCO2e emissions,182800000.0
87,gCO2e emissions,172600000.0
88,gCO2e emissions,208800000.0
89,gCO2e emissions,208000000.0
90,gCO2e emissions,188100000.0
91,gCO2e emissions,225600000.0
92,gCO2e emissions,248200000.0
93,gCO2e emissions,216700000.0
94,gCO2e emissions,238900000.0
95,gCO2e emissions,229200000.0
96,gCO2e emissions,253000000.0
97,gCO2e emissions,227200000.0
98,gCO2e emissions,196100000.0
99,gCO2e emissions,211700000.0
100,gCO2e emissions,217700000.0
101,gCO2e emissions,215500000.0
102,gCO2e emissions,204000000.0
103,gCO2e emissions,177800000.0
104,gCO2e emissions,163300000.0
0,gCO2e emissions,nil
1,gCO2e emissions,nil
2,gCO2e emissions,219776489.9865279
3,gCO2e emissions,370146227.1451673
4,gCO2e emissions,405422918.9593105
5,gCO2e emissions,328067953.8969861
6,gCO2e emissions,286419977.5332991
7,gCO2e emissions,232147752.86001167
8,gCO2e emissions,263614122.42686474
9,gCO2e emissions,263032309.93445495
10,gCO2e emissions,261891505.81320748
11,gCO2e emissions,287462677.61803454
12,gCO2e emissions,257139340.90134594
13,gCO2e emissions,231207191.2405788
14,gCO2e emissions,208272867.46241456
15,gCO2e emissions,173470715.5002634
16,gCO2e emissions,195741442.50744632
17,gCO2e emissions,178756431.4298233
18,gCO2e emissions,167425711.3267921
19,gCO2e emissions,176019997.6986161
20,gCO2e emissions,175108570.44226405
21,gCO2e emissions,172211427.25635204
22,gCO2e emissions,167114284.07044008
23,gCO2e emissions,160911427.25635207
24,gCO2e emissions,151602856.81408802
25,gCO2e emissions,164208570.44226405
26,gCO2e emissions,167308570.44226405
27,gCO2e emissions,177711427.25635207
28,gCO2e emissions,178702856.81408802
29,gCO2e emissions,176705713.62817603
30,gCO2e emissions,179802856.81408802
31,gCO2e emissions,179802856.81408802
32,gCO2e emissions,207702856.81408802
33,gCO2e emissions,233105713.62817603
34,gCO2e emissions,225902856.81408802
35,gCO2e emissions,213900000.0
36,gCO2e emissions,257005713.62817603
37,gCO2e emissions,260400000.0
38,gCO2e emissions,260100000.0
39,gCO2e emissions,234202856.81408802
40,gCO2e emissions,216300000.0
41,gCO2e emissions,218400000.0
42,gCO2e emissions,201600000.0
43,gCO2e emissions,229300000.0
44,gCO2e emissions,205202856.81408802
45,gCO2e emissions,203702856.81408802
46,gCO2e emissions,186400000.0
47,gCO2e emissions,170700000.0
48,gCO2e emissions,167500000.0
49,gCO2e emissions,155400000.0
50,gCO2e emissions,167900000.0
51,gCO2e emissions,170400000.0
52,gCO2e emissions,167800000.0
53,gCO2e emissions,163800000.0
54,gCO2e emissions,164500000.0
55,gCO2e emissions,162400000.0
56,gCO2e emissions,192200000.0
57,gCO2e emissions,166002856.81408802
58,gCO2e emissions,168600000.0
59,gCO2e emissions,187100000.0
60,gCO2e emissions,200302856.81408802
61,gCO2e emissions,223502856.81408802
62,gCO2e emissions,237900000.0
63,gCO2e emissions,219400000.0
64,gCO2e emissions,230900000.0
65,gCO2e emissions,214300000.0
66,gCO2e emissions,239300000.0
67,gCO2e emissions,244800000.0
68,gCO2e emissions,218200000.0
69,gCO2e emissions,225600000.0
70,gCO2e emissions,218900000.0
71,gCO2e emissions,225200000.0
72,gCO2e emissions,196000000.0
73,gCO2e emissions,226000000.0
74,gCO2e emissions,183200000.0
75,gCO2e emissions,186400000.0
76,gCO2e emissions,197700000.0
77,gCO2e emissions,180100000.0
78,gCO2e emissions,163800000.0
79,gCO2e emissions,147900000.0
80,gCO2e emissions,165500000.0
81,gCO2e emissions,185500000.0
82,gCO2e emissions,167300000.0
83,gCO2e emissions,166200000.0
84,gCO2e emissions,153400000.0
85,gCO2e emissions,178100000.0
86,gCO2e emissions,194900000.0
87,gCO2e emissions,206200000.0
88,gCO2e emissions,192000000.0
89,gCO2e emissions,211600000.0
90,gCO2e emissions,182800000.0
91,gCO2e emissions,213300000.0
92,gCO2e emissions,226500000.0
93,gCO2e emissions,226900000.0
94,gCO2e emissions,234200000.0
95,gCO2e emissions,227800000.0
96,gCO2e emissions,249900000.0
97,gCO2e emissions,206800000.0
98,gCO2e emissions,212600000.0
99,gCO2e emissions,236700000.0
100,gCO2e emissions,213500000.0
101,gCO2e emissions,208200000.0
102,gCO2e emissions,207300000.0
103,gCO2e emissions,177300000.0
104,gCO2e emissions,172600000.0
105,gCO2e emissions,185100000.0
106,gCO2e emissions,197500000.0
107,gCO2e emissions,174200000.0
108,gCO2e emissions,171100000.0
109,gCO2e emissions,163900000.0
110,gCO2e emissions,164600000.0
111,gCO2e emissions,173500000.0
112,gCO2e emissions,181600000.0
113,gCO2e emissions,178300000.0
114,gCO2e emissions,196200000.0
115,gCO2e emissions,168900000.0
116,gCO2e emissions,209600000.0
117,gCO2e emissions,190900000.0
118,gCO2e emissions,206700000.0
119,gCO2e emissions,204800000.0
120,gCO2e emissions,201000000.0
121,gCO2e emissions,204800000.0
122,gCO2e emissions,229200000.0
123,gCO2e emissions,222400000.0
124,gCO2e emissions,241000000.0
125,gCO2e emissions,224500000.0
126,gCO2e emissions,248600000.0
127,gCO2e emissions,202400000.0
128,gCO2e emissions,227900000.0
129,gCO2e emissions,182600000.0
130,gCO2e emissions,191200000.0
131,gCO2e emissions,196300000.0
132,gCO2e emissions,207900000.0
133,gCO2e emissions,192100000.0
134,gCO2e emissions,171900000.0
135,gCO2e emissions,198200000.0
136,gCO2e emissions,153400000.0
137,gCO2e emissions,158800000.0
138,gCO2e emissions,183600000.0
139,gCO2e emissions,171400000.0
140,gCO2e emissions,194700000.0
141,gCO2e emissions,180500000.0
142,gCO2e emissions,159800000.0
143,gCO2e emissions,174000000.0
144,gCO2e emissions,214100000.0
145,gCO2e emissions,173600000.0
146,gCO2e emissions,206900000.0
147,gCO2e emissions,213300000.0
148,gCO2e emissions,213100000.0
149,gCO2e emissions,216000000.0
150,gCO2e emissions,207800000.0
151,gCO2e emissions,225100000.0
152,gCO2e emissions,245200000.0
153,gCO2e emissions,206200000.0
154,gCO2e emissions,210900000.0
155,gCO2e emissions,231000000.0
156,gCO2e emissions,212600000.0
157,gCO2e emissions,214500000.0
158,gCO2e emissions,190300000.0
159,gCO2e emissions,194500000.0
160,gCO2e emissions,202300000.0
161,gCO2e emissions,199600000.0
162,gCO2e emissions,208900000.0
163,gCO2e emissions,179900000.0
164,gCO2e emissions,180600000.0
165,gCO2e emissions,161600000.0
166,gCO2e emissions,170700000.0
167,gCO2e emissions,189100000.0
168,gCO2e emissions,178100000.0
169,gCO2e emissions,186300000.0
170,gCO2e emissions,161900000.0
171,gCO2e emissions,214400000.0
172,gCO2e emissions,176600000.0
173,gCO2e emissions,212500000.0
174,gCO2e emissions,192200000.0
175,gCO2e emissions,217800000.0
176,gCO2e emissions,176200000.0
177,gCO2e emissions,199300000.0
178,gCO2e emissions,215400000.0
179,gCO2e emissions,206600000.0
180,gCO2e emissions,235100000.0
181,gCO2e emissions,223700000.0
182,gCO2e emissions,234400000.0
183,gCO2e emissions,204000000.0
184,gCO2e emissions,210000000.0
185,gCO2e emissions,225500000.0
186,gCO2e emissions,193200000.0
187,gCO2e emissions,211200000.0
188,gCO2e emissions,213500000.0
189,gCO2e emissions,208200000.0
190,gCO2e emissions,169100000.0
191,gCO2e emissions,193200000.0
192,gCO2e emissions,194000000.0
193,gCO2e emissions,176700000.0
194,gCO2e emissions,203500000.0
195,gCO2e emissions,169300000.0
196,gCO2e emissions,184100000.0
197,gCO2e emissions,162100000.0
198,gCO2e emissions,200800000.0
199,gCO2e emissions,173500000.0
200,gCO2e emissions,182200000.0
201,gCO2e emissions,204400000.0
202,gCO2e emissions,184500000.0
203,gCO2e emissions,193100000.0
204,gCO2e emissions,203700000.0
205,gCO2e emissions,201600000.0
206,gCO2e emissions,207600000.0
207,gCO2e emissions,210400000.0
208,gCO2e emissions,212400000.0
209,gCO2e emissions,191200000.0
210,gCO2e emissions,213300000.0
211,gCO2e emissions,229600000.0
212,gCO2e emissions,244400000.0
213,gCO2e emissions,210300000.0
214,gCO2e emissions,193600000.0
215,gCO2e emissions,192200000.0
216,gCO2e emissions,201000000.0
217,gCO2e emissions,200300000.0
218,gCO2e emissions,197300000.0
219,gCO2e emissions,202400000.0
220,gCO2e emissions,186700000.0
221,gCO2e emissions,194800000.0
222,gCO2e emissions,171700000.0
223,gCO2e emissions,191400000.0
224,gCO2e emissions,177800000.0
225,gCO2e emissions,181900000.0
226,gCO2e emissions,185300000.0
227,gCO2e emissions,181700000.0
228,gCO2e emissions,196000000.0
229,gCO2e emissions,182900000.0
230,gCO2e emissions,188100000.0
231,gCO2e emissions,195000000.0
232,gCO2e emissions,181300000.0
233,gCO2e emissions,217900000.0
234,gCO2e emissions,216900000.0
235,gCO2e emissions,210500000.0
236,gCO2e emissions,192500000.0
237,gCO2e emissions,201000000.0
238,gCO2e emissions,232300000.0
239,gCO2e emissions,233000000.0
240,gCO2e emissions,204900000.0
241,gCO2e emissions,198600000.0
242,gCO2e emissions,203800000.0
243,gCO2e emissions,185900000.0
244,gCO2e emissions,214600000.0
245,gCO2e emissions,198100000.0
246,gCO2e emissions,194000000.0
247,gCO2e emissions,202600000.0
248,gCO2e emissions,189700000.0
249,gCO2e emissions,202300000.0
250,gCO2e emissions,193300000.0
251,gCO2e emissions,173300000.0
252,gCO2e emissions,176200000.0
253,gCO2e emissions,177200000.0
254,gCO2e emissions,187400000.0
255,gCO2e emissions,208300000.0
256,gCO2e emissions,182600000.0
257,gCO2e emissions,188700000.0
258,gCO2e emissions,176200000.0
259,gCO2e emissions,188500000.0
260,gCO2e emissions,225900000.0
261,gCO2e emissions,191000000.0
262,gCO2e emissions,174900000.0
263,gCO2e emissions,200400000.0
264,gCO2e emissions,203700000.0
265,gCO2e emissions,221400000.0
266,gCO2e emissions,220800000.0
267,gCO2e emissions,200500000.0
268,gCO2e emissions,202300000.0
269,gCO2e emissions,211700000.0
270,gCO2e emissions,206700000.0
271,gCO2e emissions,215100000.0
272,gCO2e emissions,204200000.0
273,gCO2e emissions,221000000.0
274,gCO2e emissions,213300000.0
275,gCO2e emissions,196500000.0
276,gCO2e emissions,187600000.0
277,gCO2e emissions,198800000.0
278,gCO2e emissions,194200000.0
279,gCO2e emissions,194500000.0
280,gCO2e emissions,185900000.0
281,gCO2e emissions,178800000.0
282,gCO2e emissions,187200000.0
283,gCO2e emissions,192600000.0
284,gCO2e emissions,196700000.0
285,gCO2e emissions,181300000.0
286,gCO2e emissions,182000000.0
287,gCO2e emissions,186300000.0
288,gCO2e emissions,187600000.0
289,gCO2e emissions,179500000.0
290,gCO2e emissions,216500000.0
291,gCO2e emissions,197300000.0
292,gCO2e emissions,197500000.0
293,gCO2e emissions,193900000.0
294,gCO2e emissions,235300000.0
295,gCO2e emissions,204900000.0
296,gCO2e emissions,212100000.0
297,gCO2e emissions,186400000.0
298,gCO2e emissions,221000000.0
299,gCO2e emissions,198000000.0
300,gCO2e emissions,231000000.0
301,gCO2e emissions,191300000.0
302,gCO2e emissions,210400000.0
303,gCO2e emissions,200400000.0
304,gCO2e emissions,178700000.0
305,gCO2e emissions,194800000.0
306,gCO2e emissions,185500000.0
307,gCO2e emissions,203900000.0
308,gCO2e emissions,193900000.0
309,gCO2e emissions,195900000.0
310,gCO2e emissions,193400000.0
311,gCO2e emissions,190100000.0
312,gCO2e emissions,150400000.0
313,gCO2e emissions,179100000.0
314,gCO2e emissions,203100000.0
315,gCO2e emissions,193700000.0
316,gCO2e emissions,200400000.0
317,gCO2e emissions,180800000.0
318,gCO2e emissions,190800000.0
319,gCO2e emissions,190800000.0
320,gCO2e emissions,219100000.0
321,gCO2e emissions,196400000.0
322,gCO2e emissions,211300000.0
323,gCO2e emissions,218300000.0
324,gCO2e emissions,198700000.0
325,gCO2e emissions,215300000.0
326,gCO2e emissions,208600000.0
327,gCO2e emissions,197200000.0
328,gCO2e emissions,218200000.0
329,gCO2e emissions,187200000.0
330,gCO2e emissions,202900000.0
331,gCO2e emissions,205200000.0
332,gCO2e emissions,211600000.0
333,gCO2e emissions,186700000.0
334,gCO2e emissions,191100000.0
335,gCO2e emissions,189900000.0
336,gCO2e emissions,195300000.0
337,gCO2e emissions,186400000.0
338,gCO2e emissions,206400000.0
339,gCO2e emissions,185400000.0
340,gCO2e emissions,181100000.0
341,gCO2e emissions,184900000.0
342,gCO2e emissions,197700000.0
343,gCO2e emissions,172100000.0
344,gCO2e emissions,192900000.0
345,gCO2e emissions,192600000.0
346,gCO2e emissions,189600000.0
347,gCO2e emissions,207100000.0
348,gCO2e emissions,210800000.0
349,gCO2e emissions,189500000.0
350,gCO2e emissions,193300000.0
351,gCO2e emissions,197200000.0
352,gCO2e emissions,226200000.0
353,gCO2e emissions,204600000.0
354,gCO2e emissions,210000000.0
355,gCO2e emissions,211200000.0
356,gCO2e emissions,190600000.0
357,gCO2e emissions,194000000.0
358,gCO2e emissions,217200000.0
359,gCO2e emissions,199300000.0
360,gCO2e emissions,204300000.0
361,gCO2e emissions,198100000.0
362,gCO2e emissions,203200000.0
363,gCO2e emissions,188000000.0
364,gCO2e emissions,199900000.0
365,gCO2e emissions,191500000.0
366,gCO2e emissions,221200000.0
367,gCO2e emissions,170900000.0
368,gCO2e emissions,185400000.0
369,gCO2e emissions,189100000.0
370,gCO2e emissions,177800000.0
371,gCO2e emissions,197900000.0
372,gCO2e emissions,178700000.0
373,gCO2e emissions,209400000.0
374,gCO2e emissions,199900000.0
375,gCO2e emissions,171100000.0
376,gCO2e emissions,197700000.0
377,gCO2e emissions,210400000.0
378,gCO2e emissions,202900000.0
379,gCO2e emissions,206700000.0
380,gCO2e emissions,204200000.0
381,gCO2e emissions,231500000.0
382,gCO2e emissions,208400000.0
383,gCO2e emissions,202500000.0
384,gCO2e emissions,197100000.0
385,gCO2e emissions,189300000.0
386,gCO2e emissions,210700000.0
387,gCO2e emissions,191800000.0
388,gCO2e emissions,209500000.0
389,gCO2e emissions,197500000.0
390,gCO2e emissions,179100000.0
391,gCO2e emissions,207600000.0
392,gCO2e emissions,201800000.0
393,gCO2e emissions,193900000.0
394,gCO2e emissions,191500000.0
395,gCO2e emissions,198500000.0
396,gCO2e emissions,190000000.0
397,gCO2e emissions,183000000.0
398,gCO2e emissions,198400000.0
399,gCO2e emissions,196100000.0
400,gCO2e emissions,190600000.0
401,gCO2e emissions,200700000.0
402,gCO2e emissions,184100000.0
403,gCO2e emissions,197900000.0
404,gCO2e emissions,199300000.0
405,gCO2e emissions,184700000.0
406,gCO2e emissions,210700000.0
407,gCO2e emissions,187900000.0
408,gCO2e emissions,230600000.0
409,gCO2e emissions,170600000.0
410,gCO2e emissions,201100000.0
411,gCO2e emissions,207600000.0
412,gCO2e emissions,192300000.0
413,gCO2e emissions,228200000.0
414,gCO2e emissions,206200000.0
415,gCO2e emissions,213800000.0
416,gCO2e emissions,195400000.0
417,gCO2e emissions,193600000.0
418,gCO2e emissions,188500000.0
419,gCO2e emissions,201900000.0
420,gCO2e emissions,197200000.0
421,gCO2e emissions,194100000.0
422,gCO2e emissions,205800000.0
423,gCO2e emissions,197500000.0
424,gCO2e emissions,192300000.0
425,gCO2e emissions,212900000.0
426,gCO2e emissions,187300000.0
427,gCO2e emissions,203200000.0
428,gCO2e emissions,164600000.0
429,gCO2e emissions,197300000.0
430,gCO2e emissions,186500000.0
431,gCO2e emissions,203300000.0
432,gCO2e emissions,209300000.0
433,gCO2e emissions,192400000.0
434,gCO2e emissions,204300000.0
435,gCO2e emissions,188100000.0
436,gCO2e emissions,199600000.0
437,gCO2e emissions,226100000.0
438,gCO2e emissions,202700000.0
439,gCO2e emissions,194100000.0
440,gCO2e emissions,206200000.0
441,gCO2e emissions,192400000.0
442,gCO2e emissions,211000000.0
443,gCO2e emissions,190600000.0
444,gCO2e emissions,186500000.0
445,gCO2e emissions,195600000.0
446,gCO2e emissions,204200000.0
447,gCO2e emissions,203600000.0
448,gCO2e emissions,192300000.0
449,gCO2e emissions,185700000.0
450,gCO2e emissions,174600000.0
451,gCO2e emissions,209900000.0
452,gCO2e emissions,197300000.0
453,gCO2e emissions,197600000.0
454,gCO2e emissions,211900000.0
455,gCO2e emissions,197900000.0
456,gCO2e emissions,203300000.0
457,gCO2e emissions,194200000.0
458,gCO2e emissions,177000000.0
459,gCO2e emissions,204200000.0
460,gCO2e emissions,173200000.0
461,gCO2e emissions,167200000.0
462,gCO2e emissions,230400000.0
463,gCO2e emissions,209700000.0
464,gCO2e emissions,199700000.0
465,gCO2e emissions,203500000.0
466,gCO2e emissions,161200000.0
467,gCO2e emissions,206600000.0
468,gCO2e emissions,226700000.0
469,gCO2e emissions,214800000.0
470,gCO2e emissions,185100000.0
471,gCO2e emissions,209200000.0
472,gCO2e emissions,210900000.0
473,gCO2e emissions,174000000.0
474,gCO2e emissions,210700000.0
475,gCO2e emissions,195800000.0
476,gCO2e emissions,200000000.0
477,gCO2e emissions,210200000.0
478,gCO2e emissions,185500000.0
479,gCO2e emissions,207800000.0
480,gCO2e emissions,200200000.0
481,gCO2e emissions,216000000.0
482,gCO2e emissions,175500000.0
0,gCO2e emissions,nil
1,gCO2e emissions,nil
2,gCO2e emissions,219776489.9865279
3,gCO2e emissions,378985290.90135187
4,gCO2e emissions,400311475.4203084
5,gCO2e emissions,305651698.2322073
6,gCO2e emissions,282702051.1442125
7,gCO2e emissions,249948781.93059564
8,gCO2e emissions,260776563.50270638
9,gCO2e emissions,291476633.7126192
10,gCO2e emissions,270337913.64499396
11,gCO2e emissions,253858633.74802518
0,gCO2e emissions,nil
1,gCO2e emissions,nil
2,gCO2e emissions,216227706.25150838
3,gCO2e emissions,386868155.14563054
4,gCO2e emissions,379623669.9028619
5,gCO2e emissions,309901963.9431404
6,gCO2e emissions,269386503.770853
7,gCO2e emissions,253375603.1992446
8,gCO2e emissions,258143039.2430217
9,gCO2e emissions,281861915.50589514
10,gCO2e emissions,274627208.793057
11,gCO2e emissions,273720048.0546668
12,gCO2e emissions,242228638.35079297
13,gCO2e emissions,248769288.24391142
14,gCO2e emissions,191659288.24391136
15,gCO2e emissions,209662849.90993628
16,gCO2e emissions,172037138.58314416
17,gCO2e emissions,172230720.10303122
18,gCO2e emissions,183242852.21132022
19,gCO2e emissions,199014284.07044008
20,gCO2e emissions,199717140.88452807
21,gCO2e emissions,176408570.44226405
22,gCO2e emissions,143311427.25635204
23,gCO2e emissions,143814284.07044005
24,gCO2e emissions,162008570.44226405
25,gCO2e emissions,165917140.88452807
26,gCO2e emissions,173102856.81408802
27,gCO2e emissions,154205713.62817603
28,gCO2e emissions,161705713.62817603
29,gCO2e emissions,174802856.81408802
30,gCO2e emissions,205800000.0
31,gCO2e emissions,189702856.81408802
32,gCO2e emissions,210502856.81408802
33,gCO2e emissions,223802856.81408802
34,gCO2e emissions,229902856.81408802
0,gCO2e emissions,nil
1,gCO2e emissions,nil
2,gCO2e emissions,222438921.99044973
3,gCO2e emissions,371771057.0886969
4,gCO2e emissions,407133339.4844348
5,gCO2e emissions,327591488.1741261
6,gCO2e emissions,276190153.44122154
7,gCO2e emissions,249636570.40685815
8,gCO2e emissions,282437003.69758266
9,gCO2e emissions,254246484.087258
10,gCO2e emissions,266855472.56915227
11,gCO2e emissions,259857948.74995035
12,gCO2e emissions,255113627.27317
13,gCO2e emissions,231511457.75854066
14,gCO2e emissions,203877876.23865357
15,gCO2e emissions,193239290.54529527
16,gCO2e emissions,184348565.83949623
17,gCO2e emissions,189922854.5127041
18,gCO2e emissions,158422854.51270413
19,gCO2e emissions,164211427.25635207
20,gCO2e emissions,184814284.07044005
21,gCO2e emissions,171711427.25635207
22,gCO2e emissions,175214284.07044008
23,gCO2e emissions,152908570.44226402
24,gCO2e emissions,150005713.62817603
25,gCO2e emissions,163208570.44226405
26,gCO2e emissions,169702856.81408802
27,gCO2e emissions,166511427.25635207
28,gCO2e emissions,180102856.81408802
29,gCO2e emissions,176802856.81408802
30,gCO2e emissions,179614284.07044008
31,gCO2e emissions,187902856.81408802
32,gCO2e emissions,197308570.44226405
33,gCO2e emissions,229205713.62817603
34,gCO2e emissions,221302856.81408802
35,gCO2e emissions,218205713.62817603
36,gCO2e emissions,251400000.0
37,gCO2e emissions,262100000.0
38,gCO2e emissions,262200000.0
39,gCO2e emissions,239400000.0
40,gCO2e emissions,217800000.0
41,gCO2e emissions,232902856.81408802
42,gCO2e emissions,198100000.0
43,gCO2e emissions,228008570.44226405
44,gCO2e emissions,210100000.0
45,gCO2e emissions,201000000.0
46,gCO2e emissions,197700000.0
47,gCO2e emissions,160300000.0
48,gCO2e emissions,159100000.0
49,gCO2e emissions,166200000.0
50,gCO2e emissions,171700000.0
51,gCO2e emissions,181600000.0
52,gCO2e emissions,162300000.0
53,gCO2e emissions,159300000.0
54,gCO2e emissions,149700000.0
55,gCO2e emissions,161100000.0
56,gCO2e emissions,174702856.81408802
57,gCO2e emissions,184800000.0
58,gCO2e emissions,169000000.0
59,gCO2e emissions,186000000.0
60,gCO2e emissions,203100000.0
61,gCO2e emissions,236600000.0
62,gCO2e emissions,233600000.0
63,gCO2e emissions,226700000.0
64,gCO2e emissions,218600000.0
65,gCO2e emissions,216900000.0
66,gCO2e emissions,241600000.0
67,gCO2e emissions,232000000.0
68,gCO2e emissions,251900000.0
69,gCO2e emissions,234200000.0
70,gCO2e emissions,217000000.0
71,gCO2e emissions,227500000.0
72,gCO2e emissions,205600000.0
73,gCO2e emissions,203800000.0
74,gCO2e emissions,178700000.0
75,gCO2e emissions,179600000.0
76,gCO2e emissions,198900000.0
77,gCO2e emissions,173100000.0
78,gCO2e emissions,165100000.0
79,gCO2e emissions,149600000.0
80,gCO2e emissions,187000000.0
81,gCO2e emissions,181900000.0
82,gCO2e emissions,157500000.0
83,gCO2e emissions,178300000.0
84,gCO2e emissions,159500000.0
85,gCO2e emissions,174700000.0
86,gCO2e emissions,193600000.0
87,gCO2e emissions,196200000.0
88,gCO2e emissions,204600000.0
89,gCO2e emissions,213800000.0
90,gCO2e emissions,187000000.0
91,gCO2e emissions,198800000.0
92,gCO2e emissions,230000000.0
93,gCO2e emissions,240800000.0
94,gCO2e emissions,234200000.0
95,gCO2e emissions,225200000.0
96,gCO2e emissions,237200000.0
97,gCO2e emissions,221500000.0
98,gCO2e emissions,210400000.0
99,gCO2e emissions,226900000.0
100,gCO2e emissions,215800000.0
101,gCO2e emissions,206400000.0
0,gCO2e emissions,nil
1,gCO2e emissions,nil
2,gCO2e emissions,219776489.9865279
3,gCO2e emissions,376476701.9206717
4,gCO2e emissions,385689898.67978275
5,gCO2e emissions,332295844.06452507
6,gCO2e emissions,272504656.1734867
7,gCO2e emissions,247889502.0336268
8,gCO2e emissions,279604471.1021416
9,gCO2e emissions,281418006.0101527
10,gCO2e emissions,265842942.2750952
11,gCO2e emissions,275825056.8309059
12,gCO2e emissions,264714332.12510693
13,gCO2e emissions,228182164.9118615
14,gCO2e emissions,203171420.35220036
15,gCO2e emissions,193557136.2817603
16,gCO2e emissions,186025711.32679215
17,gCO2e emissions,172637138.5831442
18,gCO2e emissions,158228568.1408801
19,gCO2e emissions,172531424.95496818
20,gCO2e emissions,175719997.69861612
21,gCO2e emissions,172219997.6986161
22,gCO2e emissions,167219997.6986161
23,gCO2e emissions,166308570.44226405
24,gCO2e emissions,148002856.81408802
25,gCO2e emissions,156605713.62817603
26,gCO2e emissions,161211427.25635204
27,gCO2e emissions,174305713.62817603
28,gCO2e emissions,181400000.0
29,gCO2e emissions,179500000.0
30,gCO2e emissions,195600000.0
31,gCO2e emissions,183200000.0
32,gCO2e emissions,195811427.25635207
33,gCO2e emissions,205405713.62817603
34,gCO2e emissions,245102856.81408802
35,gCO2e emissions,219805713.62817603
36,gCO2e emissions,257100000.0
37,gCO2e emissions,251502856.81408802
38,gCO2e emissions,250002856.81408802
39,gCO2e emissions,239505713.62817603
40,gCO2e emissions,225602856.81408802
41,gCO2e emissions,249002856.81408802
42,gCO2e emissions,204400000.0
43,gCO2e emissions,217100000.0
44,gCO2e emissions,215500000.0
45,gCO2e emissions,185800000.0
46,gCO2e emissions,200102856.81408802
47,gCO2e emissions,164200000.0
48,gCO2e emissions,160202856.81408802
49,gCO2e emissions,167600000.0
50,gCO2e emissions,171300000.0
51,gCO2e emissions,176402856.81408802
52,gCO2e emissions,172700000.0
53,gCO2e emissions,151502856.81408802
54,gCO2e emissions,151800000.0
55,gCO2e emissions,160400000.0
56,gCO2e emissions,182200000.0
57,gCO2e emissions,189502856.81408802
58,gCO2e emissions,177002856.81408802
59,gCO2e emissions,190400000.0
60,gCO2e emissions,202200000.0
61,gCO2e emissions,219700000.0
62,gCO2e emissions,237100000.0
63,gCO2e emissions,228200000.0
64,gCO2e emissions,232300000.0
65,gCO2e emissions,209900000.0
0,gCO2e emissions,nil
1,gCO2e emissions,nil
2,gCO2e emissions,219776489.9865279
3,gCO2e emissions,368413036.1975565
4,gCO2e emissions,386871084.2660365
5,gCO2e emissions,330969178.79658383
6,gCO2e emissions,281268186.5271141
7,gCO2e emissions,252224228.60032701
8,gCO2e emissions,264330887.2808707
9,gCO2e emissions,270680080.8582393
10,gCO2e emissions,262073642.52426425
11,gCO2e emissions,276162235.12177426
12,gCO2e emissions,252716464.23339587
13,gCO2e emissions,242191457.75854063
14,gCO2e emissions,204059288.2439114
15,gCO2e emissions,206339995.3972322
16,gCO2e emissions,184445709.02540824
17,gCO2e emissions,157448565.83949623
18,gCO2e emissions,174434281.76905617
19,gCO2e emissions,173811427.25635207
20,gCO2e emissions,176414284.07044008
21,gCO2e emissions,195019997.6986161
0,gCO2e emissions,nil
0,gCO2e emissions,nil
0,gCO2e emissions,nil
0,gCO2e emissions,nil
0,gCO2e emissions,nil
1,gCO2e emissions,nil
2,gCO2e emissions,125473160.33324069
3,gCO2e emissions,193253828.1649173
4,gCO2e emissions,203871848.8172426
5,gCO2e emissions,206903020.13833976
6,gCO2e emissions,154401730.60531044
7,gCO2e emissions,139005828.1485809
8,gCO2e emissions,158127275.25879508
9,gCO2e emissions,141631495.16488093
10,gCO2e emissions,139400067.9085289
11,gCO2e emissions,161734351.97896895
12,gCO2e emissions,134977173.68810055
13,gCO2e emissions,144663594.46959743
14,gCO2e emissions,131431424.95496814
15,gCO2e emissions,116414284.07044005
16,gCO2e emissions,118117140.88452807
17,gCO2e emissions,104514284.07044005
18,gCO2e emissions,91922854.51270409
19,gCO2e emissions,123808570.44226405
20,gCO2e emissions,109305713.62817603
21,gCO2e emissions,83508570.44226404
22,gCO2e emissions,108211427.25635204
23,gCO2e emissions,92911427.25635204
24,gCO2e emissions,90008570.44226402
25,gCO2e emissions,94002856.81408802
26,gCO2e emissions,85300000.0
27,gCO2e emissions,100602856.81408802
28,gCO2e emissions,100000000.0
29,gCO2e emissions,104002856.81408802
30,gCO2e emissions,99700000.0
31,gCO2e emissions,94502856.81408802
32,gCO2e emissions,124502856.81408802
33,gCO2e emissions,128502856.81408802
34,gCO2e emissions,126100000.0
35,gCO2e emissions,128802856.81408802
36,gCO2e emissions,138205713.62817603
37,gCO2e emissions,144500000.0
38,gCO2e emissions,127005713.62817603
39,gCO2e emissions,146202856.81408802
40,gCO2e emissions,136800000.0
41,gCO2e emissions,154300000.0
42,gCO2e emissions,139700000.0
43,gCO2e emissions,112000000.0
44,gCO2e emissions,113005713.62817602
45,gCO2e emissions,102400000.0
46,gCO2e emissions,93002856.81408802
47,gCO2e emissions,94602856.81408802
48,gCO2e emissions,123000000.0
49,gCO2e emissions,103200000.0
50,gCO2e emissions,103600000.0
51,gCO2e emissions,82000000.0
52,gCO2e emissions,73400000.0
53,gCO2e emissions,97400000.0
54,gCO2e emissions,92400000.0
55,gCO2e emissions,101600000.0
56,gCO2e emissions,96400000.0
57,gCO2e emissions,105200000.0
58,gCO2e emissions,103100000.0
59,gCO2e emissions,85000000.0
60,gCO2e emissions,99100000.0
61,gCO2e emissions,122700000.0
62,gCO2e emissions,118100000.0
63,gCO2e emissions,123000000.0
64,gCO2e emissions,126400000.0
65,gCO2e emissions,142200000.0
66,gCO2e emissions,140400000.0
67,gCO2e emissions,135000000.0
0,gCO2e emissions,nil
1,gCO2e emissions,nil
2,gCO2e emissions,128774696.09351826
3,gCO2e emissions,205527671.89929315
4,gCO2e emissions,204915961.4059898
5,gCO2e emissions,196500232.12045303
6,gCO2e emissions,151591307.96291232
7,gCO2e emissions,131985105.74416578
8,gCO2e emissions,137336528.39775002
9,gCO2e emissions,158836506.2425039
10,gCO2e emissions,143610050.3560507
11,gCO2e emissions,161989325.65025166
12,gCO2e emissions,145406891.47856182
13,gCO2e emissions,146347158.43700624
14,gCO2e emissions,133225711.32679214
15,gCO2e emissions,116322854.51270407
16,gCO2e emissions,113531424.95496812
17,gCO2e emissions,92822149.66076717
18,gCO2e emissions,109925006.47485518
19,gCO2e emissions,115628568.14088014
20,gCO2e emissions,107114284.07044005
21,gCO2e emissions,90305713.62817602
22,gCO2e emissions,88902856.81408802
23,gCO2e emissions,97002856.81408802
24,gCO2e emissions,97305713.62817603
25,gCO2e emissions,101308570.44226404
26,gCO2e emissions,78900000.0
27,gCO2e emissions,95105713.62817603
28,gCO2e emissions,100505713.62817603
29,gCO2e emissions,101502856.81408802
30,gCO2e emissions,108500000.0
31,gCO2e emissions,98600000.0
32,gCO2e emissions,114602856.81408802
33,gCO2e emissions,130200000.0
34,gCO2e emissions,128100000.0
35,gCO2e emissions,139800000.0
36,gCO2e emissions,149602856.81408802
37,gCO2e emissions,136000000.0
38,gCO2e emissions,121902856.81408802
39,gCO2e emissions,151300000.0
40,gCO2e emissions,147900000.0
41,gCO2e emissions,139102856.81408802
42,gCO2e emissions,124602856.81408802
43,gCO2e emissions,120902856.81408802
44,gCO2e emissions,113600000.0
45,gCO2e emissions,120705713.62817603
46,gCO2e emissions,114700000.0
47,gCO2e emissions,92902856.81408802
48,gCO2e emissions,91900000.0
49,gCO2e emissions,112802856.81408802
50,gCO2e emissions,86300000.0
51,gCO2e emissions,92000000.0
52,gCO2e emissions,87100000.0
53,gCO2e emissions,112100000.0
54,gCO2e emissions,89400000.0
55,gCO2e emissions,97000000.0
56,gCO2e emissions,80500000.0
57,gCO2e emissions,101200000.0
58,gCO2e emissions,102500000.0
59,gCO2e emissions,94400000.0
60,gCO2e emissions,104700000.0
61,gCO2e emissions,108502856.81408802
62,gCO2e emissions,125500000.0
63,gCO2e emissions,109700000.0
64,gCO2e emissions,136600000.0
65,gCO2e emissions,152300000.0
66,gCO2e emissions,143200000.0
67,gCO2e emissions,148800000.0
68,gCO2e emissions,136800000.0
69,gCO2e emissions,125900000.0
70,gCO2e emissions,120900000.0
71,gCO2e emissions,144200000.0
72,gCO2e emissions,137400000.0
73,gCO2e emissions,115400000.0
74,gCO2e emissions,109200000.0
75,gCO2e emissions,98700000.0
76,gCO2e emissions,111400000.0
77,gCO2e emissions,113600000.0
78,gCO2e emissions,98800000.0
79,gCO2e emissions,111400000.0
80,gCO2e emissions,69600000.0
81,gCO2e emissions,90900000.0
82,gCO2e emissions,98500000.0
83,gCO2e emissions,82500000.0
84,gCO2e emissions,95000000.0
85,gCO2e emissions,99800000.0
86,gCO2e emissions,93900000.0
87,gCO2e emissions,118500000.0
88,gCO2e emissions,116600000.0
89,gCO2e emissions,121600000.0
90,gCO2e emissions,128800000.0
91,gCO2e emissions,116700000.0
92,gCO2e emissions,107400000.0
93,gCO2e emissions,128300000.0
94,gCO2e emissions,136400000.0
95,gCO2e emissions,139600000.0
96,gCO2e emissions,137000000.0
97,gCO2e emissions,118800000.0
98,gCO2e emissions,125400000.0
99,gCO2e emissions,115800000.0
100,gCO2e emissions,132100000.0
101,gCO2e emissions,122500000.0
102,gCO2e emissions,136600000.0
103,gCO2e emissions,109000000.0
104,gCO2e emissions,114200000.0
105,gCO2e emissions,87800000.0
106,gCO2e emissions,95800000.0
0,gCO2e emissions,nil
1,gCO2e emissions,nil
2,gCO2e emissions,nil
3,gCO2e emissions,nil
4,gCO2e emissions,nil
5,gCO2e emissions,nil
6,gCO2e emissions,nil
7,gCO2e emissions,nil
8,gCO2e emissions,nil
9,gCO2e emissions,nil
10,gCO2e emissions,nil
11,gCO2e emissions,nil
12,gCO2e emissions,nil
13,gCO2e emissions,nil
14,gCO2e emissions,nil
15,gCO2e emissions,nil
16,gCO2e emissions,nil
17,gCO2e emissions,nil
18,gCO2e emissions,nil
19,gCO2e emissions,nil
20,gCO2e emissions,nil
21,gCO2e emissions,nil
0,gCO2e emissions,nil
1,gCO2e emissions,nil
2,gCO2e emissions,25921834639.813984
3,gCO2e emissions,39093457149.49636
4,gCO2e emissions,53126913555.38327
5,gCO2e emissions,65129337474.82571
6,gCO2e emissions,69529648969.79086
7,gCO2e emissions,69074981699.67792
8,gCO2e emissions,60068438729.66692
9,gCO2e emissions,58215100000.0
10,gCO2e emissions,64907400000.0
11,gCO2e emissions,72563600000.0
12,gCO2e emissions,79297700000.0
13,gCO2e emissions,71251788538.22281
14,gCO2e emissions,55802000805.57707
15,gCO2e emissions,39225700000.0
16,gCO2e emissions,36030000000.0
17,gCO2e emissions,53724200000.0
18,gCO2e emissions,65059000000.0
19,gCO2e emissions,66081000000.0
20,gCO2e emissions,42921300000.0
21,gCO2e emissions,30889000000.0
22,gCO2e emissions,34367000000.0
23,gCO2e emissions,52974305713.628174
24,gCO2e emissions,58660000000.0
25,gCO2e emissions,55264510106.202545
26,gCO2e emissions,37071994035.52099
27,gCO2e emissions,43644399194.42293
28,gCO2e emissions,51325200000.0
29,gCO2e emissions,73693200000.0
30,gCO2e emissions,68891900000.0
31,gCO2e emissions,73431600805.57707
32,gCO2e emissions,56932003625.096825
33,gCO2e emissions,57277400805.57707
34,gCO2e emissions,53678700402.788536
35,gCO2e emissions,59245200805.57707
36,gCO2e emissions,54066000402.788536
37,gCO2e emissions,50169500000.0
38,gCO2e emissions,69352900000.0
39,gCO2e emissions,79847741950.56444
40,gCO2e emissions,71632909162.00386
41,gCO2e emissions,43695602856.81409
42,gCO2e emissions,28901700000.0
43,gCO2e emissions,31453202856.814087
44,gCO2e emissions,33706000000.0
45,gCO2e emissions,34311300000.0
46,gCO2e emissions,40245000000.0
47,gCO2e emissions,27871000000.0
48,gCO2e emissions,5101600000.0
49,gCO2e emissions,5612200000.0
50,gCO2e emissions,14285137722.695597
51,gCO2e emissions,28920645873.21248
52,gCO2e emissions,37443795336.94796
53,gCO2e emissions,58979971804.80214
54,gCO2e emissions,45906509140.201225
55,gCO2e emissions,39112631061.19281
56,gCO2e emissions,17839233942.680008
57,gCO2e emissions,26141867455.074223
58,gCO2e emissions,28928404736.201313
59,gCO2e emissions,31988193207.298256
60,gCO2e emissions,41437165065.84031
61,gCO2e emissions,48543488443.64526
62,gCO2e emissions,46003349217.66044
63,gCO2e emissions,34296685127.80776
64,gCO2e emissions,25371418125.48402
65,gCO2e emissions,16160039426.800964
66,gCO2e emissions,10699149914.374212
67,gCO2e emissions,27519467498.063477
68,gCO2e emissions,34617551510.456825
69,gCO2e emissions,46302892331.52574
70,gCO2e emissions,36411575755.2285
71,gCO2e emissions,30312586367.157185
72,gCO2e emissions,19992116568.97142
73,gCO2e emissions,18125673640.588634
74,gCO2e emissions,31596192873.741154
75,gCO2e emissions,35757190704.87987
76,gCO2e emissions,35633524941.90549
77,gCO2e emissions,25776024864.44604
78,gCO2e emissions,25429621998.450703
79,gCO2e emissions,24148638807.12616
80,gCO2e emissions,22907106661.50268
81,gCO2e emissions,30875696824.167225
82,gCO2e emissions,36789923934.93422
83,gCO2e emissions,56851045003.87282
84,gCO2e emissions,52453651510.45664
0,gCO2e emissions,nil
1,gCO2e emissions,nil
2,gCO2e emissions,27647050209.14011
3,gCO2e emissions,46929518249.4189
4,gCO2e emissions,61072784632.06804
5,gCO2e emissions,54431080123.93486
6,gCO2e emissions,51094163315.25945
7,gCO2e emissions,50573749589.4655
8,gCO2e emissions,51403730317.58325
9,gCO2e emissions,50776158807.12625
10,gCO2e emissions,49910603888.45855
11,gCO2e emissions,51445532378.00154
12,gCO2e emissions,53310177459.33385
13,gCO2e emissions,55542600000.0
14,gCO2e emissions,49932900000.0
15,gCO2e emissions,44820100000.0
16,gCO2e emissions,42360200000.0
17,gCO2e emissions,42442900000.0
18,gCO2e emissions,41576000000.0
19,gCO2e emissions,40530000000.0
20,gCO2e emissions,39955000000.0
21,gCO2e emissions,37597300000.0
22,gCO2e emissions,36758000000.0
23,gCO2e emissions,34594000000.0
24,gCO2e emissions,34709000000.0
25,gCO2e emissions,33880900000.0
26,gCO2e emissions,35073500000.0
27,gCO2e emissions,36431700000.0
28,gCO2e emissions,38154400000.0
29,gCO2e emissions,37765000000.0
30,gCO2e emissions,38888700000.0
31,gCO2e emissions,40208800000.0
32,gCO2e emissions,40171700000.0
33,gCO2e emissions,40662800000.0
34,gCO2e emissions,41966500000.0
35,gCO2e emissions,44603900000.0
36,gCO2e emissions,44319200000.0
37,gCO2e emissions,46355600000.0
38,gCO2e emissions,47701200000.0
39,gCO2e emissions,50684400000.0
40,gCO2e emissions,50543000000.0
41,gCO2e emissions,52164900000.0
42,gCO2e emissions,52114400000.0
43,gCO2e emissions,52608200000.0
44,gCO2e emissions,49345500000.0
45,gCO2e emissions,46981500000.0
46,gCO2e emissions,45685600000.0
47,gCO2e emissions,43604000000.0
48,gCO2e emissions,41220000000.0
49,gCO2e emissions,32744000000.0
50,gCO2e emissions,8301686289.697877
51,gCO2e emissions,11469838574.748247
52,gCO2e emissions,13252748644.461618
53,gCO2e emissions,16797055848.179667
54,gCO2e emissions,20854056700.232338
55,gCO2e emissions,22659618822.618065
56,gCO2e emissions,25073815569.32606
57,gCO2e emissions,21793730751.35551
58,gCO2e emissions,20688426878.38884
59,gCO2e emissions,15755144926.41367
60,gCO2e emissions,15349372192.099182
61,gCO2e emissions,14672202943.45473
62,gCO2e emissions,18008464833.462456
63,gCO2e emissions,21436178156.46786
64,gCO2e emissions,22387543532.14564
65,gCO2e emissions,21780130828.81488
66,gCO2e emissions,23377520991.47946
67,gCO2e emissions,23989613730.86805
68,gCO2e emissions,28841577972.91853
69,gCO2e emissions,27719671352.386005
70,gCO2e emissions,29283839985.468998
71,gCO2e emissions,27298825716.498817
72,gCO2e emissions,27140015879.16341
73,gCO2e emissions,28026526336.1735
74,gCO2e emissions,26815122230.828804
75,gCO2e emissions,26572609527.498043
76,gCO2e emissions,25276374283.501152
77,gCO2e emissions,24886777769.17118
78,gCO2e emissions,26244352362.50968
79,gCO2e emissions,25693388226.181236
80,gCO2e emissions,23354374903.175842
81,gCO2e emissions,20386578388.845867
82,gCO2e emissions,19614704415.182053
83,gCO2e emissions,19360804578.327084
84,gCO2e emissions,18483887606.50662
85,gCO2e emissions,18213193338.497326
86,gCO2e emissions,17819718745.15883
87,gCO2e emissions,18896160960.495766
88,gCO2e emissions,20518189852.827267
89,gCO2e emissions,20367300309.83735
90,gCO2e emissions,19492345391.16968
91,gCO2e emissions,17054412393.493467
92,gCO2e emissions,19336664446.165787
93,gCO2e emissions,18937209527.498077
94,gCO2e emissions,21260080635.16656
95,gCO2e emissions,21449080635.166553
96,gCO2e emissions,21367835822.70138
97,gCO2e emissions,22888184715.993797
98,gCO2e emissions,23730503089.87335
99,gCO2e emissions,25951188923.31522
100,gCO2e emissions,26029316343.9194
101,gCO2e emissions,26808993570.87524
102,gCO2e emissions,29211845782.57945
103,gCO2e emissions,31710123237.800087
104,gCO2e emissions,33631860108.442997
105,gCO2e emissions,35918110302.09132
106,gCO2e emissions,37112328117.73811
107,gCO2e emissions,38835765608.05572
108,gCO2e emissions,40459264368.706406
109,gCO2e emissions,38756108830.36405
110,gCO2e emissions,37583060263.36173
111,gCO2e emissions,37568882804.02788
112,gCO2e emissions,39676156777.69171
113,gCO2e emissions,42464018048.02478
114,gCO2e emissions,42821346940.356316
115,gCO2e emissions,42479630751.35553
116,gCO2e emissions,40109830751.35553
117,gCO2e emissions,37922975832.687836
118,gCO2e emissions,38204704725.01936
119,gCO2e emissions,38345998373.354
120,gCO2e emissions,37904482184.35321
121,gCO2e emissions,38905727265.68552
122,gCO2e emissions,37905182184.3532
123,gCO2e emissions,39536753292.02168
124,gCO2e emissions,38876614562.35477
125,gCO2e emissions,39762914562.354774
126,gCO2e emissions,39699959643.68707
127,gCO2e emissions,40168282184.35322
128,gCO2e emissions,40421449806.35166
129,gCO2e emissions,40482327265.68552
130,gCO2e emissions,41679247209.22346
131,gCO2e emissions,42093008479.55653
132,gCO2e emissions,43732659643.687065
133,gCO2e emissions,43487937103.02091
134,gCO2e emissions,42995727265.685524
135,gCO2e emissions,41903759643.68707
136,gCO2e emissions,41850037103.02091
137,gCO2e emissions,42928204725.01936
138,gCO2e emissions,44039443454.686295
139,gCO2e emissions,43428582184.353226
140,gCO2e emissions,42217572347.017815
141,gCO2e emissions,41518917428.350105
142,gCO2e emissions,41314054290.49305
143,gCO2e emissions,41845566264.21958
144,gCO2e emissions,42493762509.68241
145,gCO2e emissions,43081201239.34934
146,gCO2e emissions,42232797744.49805
147,gCO2e emissions,41033059912.5542
148,gCO2e emissions,39996932369.50155
149,gCO2e emissions,37611544694.03562
150,gCO2e emissions,34286017041.053436
151,gCO2e emissions,31006112548.412056
152,gCO2e emissions,32020885515.104546
153,gCO2e emissions,29932374661.616528
154,gCO2e emissions,28891787606.50657
155,gCO2e emissions,25532603408.21065
156,gCO2e emissions,25512564910.921722
157,gCO2e emissions,23157942602.633606
158,gCO2e emissions,24358628892.331512
159,gCO2e emissions,23562270100.697113
160,gCO2e emissions,23942469093.725792
161,gCO2e emissions,21449436882.982483
162,gCO2e emissions,21783217893.106106
163,gCO2e emissions,23007560728.11774
164,gCO2e emissions,24350410183.661873
165,gCO2e emissions,24451271185.127792
166,gCO2e emissions,23418834583.352028
167,gCO2e emissions,24296440666.150253
168,gCO2e emissions,25043278052.92805
169,gCO2e emissions,24246804802.478703
170,gCO2e emissions,25195911154.144047
171,gCO2e emissions,24323723857.47481
172,gCO2e emissions,24436600697.133984
173,gCO2e emissions,22914607048.799404
174,gCO2e emissions,23605433075.13554
175,gCO2e emissions,23551094965.143288
176,gCO2e emissions,23962924126.341953
177,gCO2e emissions,22375230209.140198
178,gCO2e emissions,24058946388.959713
179,gCO2e emissions,23306201316.808674
180,gCO2e emissions,23488878776.142517
181,gCO2e emissions,20779436560.805607
182,gCO2e emissions,19967272794.09258
183,gCO2e emissions,19475413400.464783
184,gCO2e emissions,21252597480.331116
185,gCO2e emissions,21215519752.130146
186,gCO2e emissions,20803664833.46245
187,gCO2e emissions,20301858481.79708
188,gCO2e emissions,20288281022.463223
189,gCO2e emissions,20044471185.127834
190,gCO2e emissions,19479575290.472515
191,gCO2e emissions,21197436560.80558
192,gCO2e emissions,21884087993.803238
193,gCO2e emissions,22541530828.814873
194,gCO2e emissions,23133424477.149498
195,gCO2e emissions,22858275910.147182
196,gCO2e emissions,23829681642.137886
197,gCO2e emissions,22405135321.45626
198,gCO2e emissions,24031314407.436108
199,gCO2e emissions,25090873818.745155
200,gCO2e emissions,26194516421.378742
201,gCO2e emissions,26996292641.36324
202,gCO2e emissions,25508306351.665333
203,gCO2e emissions,26120480712.625843
204,gCO2e emissions,27381264291.24706
205,gCO2e emissions,28786194190.549927
206,gCO2e emissions,28837672037.180466
207,gCO2e emissions,30080040666.150223
208,gCO2e emissions,30911358481.79701
209,gCO2e emissions,33314266460.1084
210,gCO2e emissions,33311418271.90277
211,gCO2e emissions,34154641709.61072
212,gCO2e emissions,33721657547.803974
213,gCO2e emissions,35385117660.72811
214,gCO2e emissions,36579004337.7227
215,gCO2e emissions,37824819907.04879
216,gCO2e emissions,37391619907.0488
217,gCO2e emissions,36729087529.04724
218,gCO2e emissions,37255242716.58208
219,gCO2e emissions,39609777691.71184
220,gCO2e emissions,40879290395.0426
221,gCO2e emissions,38321112935.70875
222,gCO2e emissions,38837213204.575905
223,gCO2e emissions,38923912935.708755
224,gCO2e emissions,40539729124.70953
225,gCO2e emissions,40827951665.37568
226,gCO2e emissions,40928903098.37335
227,gCO2e emissions,40859651934.242836
228,gCO2e emissions,39705780557.70719
229,gCO2e emissions,40356148179.70566
230,gCO2e emissions,39363264368.70644
231,gCO2e emissions,41006219287.37414
232,gCO2e emissions,41001858017.04106
233,gCO2e emissions,42649941828.040276
234,gCO2e emissions,41278958017.04106
235,gCO2e emissions,41129619287.37414
236,gCO2e emissions,38417580557.70721
237,gCO2e emissions,37592664368.70643
238,gCO2e emissions,35830938342.37025
239,gCO2e emissions,36446560883.03641
240,gCO2e emissions,36865428505.034874
241,gCO2e emissions,36865196127.03332
242,gCO2e emissions,37461563749.03177
243,gCO2e emissions,37610783692.569695
244,gCO2e emissions,38608187178.239716
245,gCO2e emissions,38667209450.03873
246,gCO2e emissions,38783586909.37258
247,gCO2e emissions,37639288432.47879
248,gCO2e emissions,37438767225.5205
249,gCO2e emissions,37445038962.04493
250,gCO2e emissions,38317103718.04802
251,gCO2e emissions,36803475445.39117
252,gCO2e emissions,33549485902.401222
253,gCO2e emissions,31718635708.75289
254,gCO2e emissions,31634275677.769157
255,gCO2e emissions,32655000077.45929
256,gCO2e emissions,32839621611.154114
257,gCO2e emissions,33102652982.184284
258,gCO2e emissions,31221100811.082417
259,gCO2e emissions,28269586831.913216
260,gCO2e emissions,26812492796.281925
261,gCO2e emissions,26568307978.311344
262,gCO2e emissions,26505064756.003044
263,gCO2e emissions,24058327885.36016
264,gCO2e emissions,24158151665.375652
265,gCO2e emissions,24736869093.725784
266,gCO2e emissions,26381525251.742817
267,gCO2e emissions,24760093493.415947
268,gCO2e emissions,21840120139.4268
269,gCO2e emissions,20983207436.09607
270,gCO2e emissions,19884613787.761463
271,gCO2e emissions,19903114407.43613
272,gCO2e emissions,20234158869.093758
273,gCO2e emissions,20695088381.099934
274,gCO2e emissions,19910408055.770744
275,gCO2e emissions,19715831484.978695
276,gCO2e emissions,20373208055.77074
277,gCO2e emissions,22165611541.440765
278,gCO2e emissions,20947708944.31255
279,gCO2e emissions,21277169945.77849
280,gCO2e emissions,22030724864.446186
281,gCO2e emissions,23783634082.106876
282,gCO2e emissions,23815682649.109196
283,gCO2e emissions,23653840433.772263
284,gCO2e emissions,21588366460.10845
285,gCO2e emissions,21618679163.439205
286,gCO2e emissions,20824860108.44306
287,gCO2e emissions,23008050271.107662
288,gCO2e emissions,23977343919.44229
289,gCO2e emissions,25361389000.774555
290,gCO2e emissions,24084431835.786243
291,gCO2e emissions,23641467079.78314
292,gCO2e emissions,23729357242.447723
293,gCO2e emissions,24014206078.31716
294,gCO2e emissions,23626834967.065063
295,gCO2e emissions,23222640699.926544
296,gCO2e emissions,22794796061.63994
297,gCO2e emissions,22162846267.90147
298,gCO2e emissions,21195326201.820786
299,gCO2e emissions,21066026491.092175
300,gCO2e emissions,22184812548.412067
301,gCO2e emissions,22308524937.95401
302,gCO2e emissions,22264719159.91017
303,gCO2e emissions,21334456200.676025
304,gCO2e emissions,22445246320.681644
305,gCO2e emissions,22249403192.285442
306,gCO2e emissions,21444604036.11172
307,gCO2e emissions,23585465693.741455
308,gCO2e emissions,26203658946.55305
309,gCO2e emissions,29653398683.191288
310,gCO2e emissions,28502499690.162647
311,gCO2e emissions,29552259101.4717
312,gCO2e emissions,29300625484.1208
313,gCO2e emissions,30370004560.919403
314,gCO2e emissions,31517094113.090607
315,gCO2e emissions,32780264869.95156
316,gCO2e emissions,33082228117.738182
317,gCO2e emissions,34794611577.92987
318,gCO2e emissions,35940675445.39116
319,gCO2e emissions,37329628136.54608
320,gCO2e emissions,36811552285.05035
321,gCO2e emissions,37734764988.38107
322,gCO2e emissions,37953287797.9144
323,gCO2e emissions,39641110338.58055
324,gCO2e emissions,38358281446.24902
325,gCO2e emissions,37507197635.249794
326,gCO2e emissions,37609694149.57979
327,gCO2e emissions,36303722773.04415
328,gCO2e emissions,36810616421.37877
329,gCO2e emissions,34460510069.713394
330,gCO2e emissions,34935501389.78696
331,gCO2e emissions,34089651656.194412
332,gCO2e emissions,34790855151.0457
333,gCO2e emissions,36698216690.24591
334,gCO2e emissions,35829529124.70951
335,gCO2e emissions,36111597006.39386
336,gCO2e emissions,34444419287.37413
337,gCO2e emissions,35388941828.04027
338,gCO2e emissions,35061877072.03717
339,gCO2e emissions,34121754531.37103
340,gCO2e emissions,33382525907.90664
341,gCO2e emissions,33736009450.038723
342,gCO2e emissions,34183803367.240494
343,gCO2e emissions,35392399612.70333
344,gCO2e emissions,35808715801.70411
345,gCO2e emissions,36096260883.0364
346,gCO2e emissions,33982615801.7041
347,gCO2e emissions,32441760883.03641
348,gCO2e emissions,32437654531.371033
349,gCO2e emissions,32647909450.03873
350,gCO2e emissions,31409119287.374138
351,gCO2e emissions,30244632610.37954
352,gCO2e emissions,30896545933.384953
353,gCO2e emissions,32027614175.058094
354,gCO2e emissions,32012495739.736637
355,gCO2e emissions,30142661115.41439
356,gCO2e emissions,28529435157.57544
357,gCO2e emissions,29423599457.784664
358,gCO2e emissions,29380939426.80092
359,gCO2e emissions,26744618745.15877
360,gCO2e emissions,27003714521.38455
361,gCO2e emissions,24809609140.201378
362,gCO2e emissions,26018146862.89695
363,gCO2e emissions,21641766354.01847
364,gCO2e emissions,21032155012.579796
365,gCO2e emissions,21144371494.96513
366,gCO2e emissions,22422895274.980644
367,gCO2e emissions,23765345350.199432
368,gCO2e emissions,22112500619.674683
369,gCO2e emissions,20626853292.0217
370,gCO2e emissions,18553929124.709553
371,gCO2e emissions,20538969134.32813
372,gCO2e emissions,21002068865.461002
373,gCO2e emissions,23223191903.259094
374,gCO2e emissions,21485533849.728905
375,gCO2e emissions,21820802091.40202
376,gCO2e emissions,20977079819.603035
377,gCO2e emissions,22002169713.40047
378,gCO2e emissions,19905947172.734344
379,gCO2e emissions,19934218549.26995
380,gCO2e emissions,21177788768.39662
381,gCO2e emissions,21260185282.726566
382,gCO2e emissions,21098217660.728127
383,gCO2e emissions,19752624012.393497
384,gCO2e emissions,19410914175.058105
385,gCO2e emissions,19690356390.39502
386,gCO2e emissions,19913255253.184166
387,gCO2e emissions,21263200334.51647
388,gCO2e emissions,20666913534.979202
389,gCO2e emissions,19455556199.148937
390,gCO2e emissions,19106448224.57304
391,gCO2e emissions,19732756232.778393
392,gCO2e emissions,19330437539.14631
393,gCO2e emissions,17761058017.041092
394,gCO2e emissions,19858571666.336586
395,gCO2e emissions,21531422744.943092
396,gCO2e emissions,22222026389.707577
397,gCO2e emissions,19890944608.511642
398,gCO2e emissions,19364325019.364853
399,gCO2e emissions,20430278409.411808
400,gCO2e emissions,21437381275.407154
401,gCO2e emissions,20152319813.82798
402,gCO2e emissions,19931450444.319733
403,gCO2e emissions,21669314299.01099
404,gCO2e emissions,21947408199.598297
405,gCO2e emissions,23069788956.93969
406,gCO2e emissions,23597993065.149097
407,gCO2e emissions,25188564029.341156
408,gCO2e emissions,25202296473.270634
409,gCO2e emissions,27378761967.37792
410,gCO2e emissions,27351000929.511986
411,gCO2e emissions,27427527428.46268
412,gCO2e emissions,27558037343.625286
413,gCO2e emissions,28933594508.613644
414,gCO2e emissions,28324096240.98178
415,gCO2e emissions,28360810921.766052
416,gCO2e emissions,29887477924.089844
417,gCO2e emissions,29950306196.746696
418,gCO2e emissions,29302676953.60764
419,gCO2e emissions,28775479550.735847
420,gCO2e emissions,30037753793.26682
421,gCO2e emissions,30471040739.128544
422,gCO2e emissions,30539455770.720367
423,gCO2e emissions,30435858636.715714
424,gCO2e emissions,30095997366.382645
425,gCO2e emissions,30009103718.048023
426,gCO2e emissions,30938100232.378002
427,gCO2e emissions,32065777691.711853
428,gCO2e emissions,31554155419.912838
429,gCO2e emissions,29555400501.245136
430,gCO2e emissions,28819039230.912052
431,gCO2e emissions,29093539499.779205
432,gCO2e emissions,29309529124.70952
433,gCO2e emissions,30015196746.70797
434,gCO2e emissions,30905723041.91129
435,gCO2e emissions,31189900232.378
436,gCO2e emissions,30487367854.37644
437,gCO2e emissions,29773274206.04183
438,gCO2e emissions,30239229124.70953
439,gCO2e emissions,30501845313.710293
440,gCO2e emissions,31564919287.37413
441,gCO2e emissions,32288706584.043373
442,gCO2e emissions,33296793880.712616
443,gCO2e emissions,33001593880.712627
444,gCO2e emissions,32138971340.046474
445,gCO2e emissions,32025371340.046463
446,gCO2e emissions,31380391014.717266
447,gCO2e emissions,29480662122.385754
448,gCO2e emissions,30257143067.38962
449,gCO2e emissions,29500552904.72501
450,gCO2e emissions,28421350038.729664
451,gCO2e emissions,28755453524.399685
452,gCO2e emissions,27832050658.40433
453,gCO2e emissions,28803668004.814068
454,gCO2e emissions,26333867467.079773
455,gCO2e emissions,26037143503.514988
456,gCO2e emissions,24765859260.50358
457,gCO2e emissions,23380373594.593536
458,gCO2e emissions,24771633401.42564
459,gCO2e emissions,24617768319.132458
460,gCO2e emissions,23008522417.755554
461,gCO2e emissions,22999267931.83578
462,gCO2e emissions,22247366223.249374
463,gCO2e emissions,23218453601.85899
464,gCO2e emissions,21665191650.84468
465,gCO2e emissions,21875135374.39813
466,gCO2e emissions,20288916670.209534
467,gCO2e emissions,20823826181.25484
468,gCO2e emissions,20678462664.60108
469,gCO2e emissions,22360550580.944992
470,gCO2e emissions,23034120616.52238
471,gCO2e emissions,22913916576.297436
472,gCO2e emissions,21233881951.9752
473,gCO2e emissions,20187270528.596134
474,gCO2e emissions,19868010024.262165
475,gCO2e emissions,20207718435.321457
476,gCO2e emissions,20332158339.217953
477,gCO2e emissions,19498998226.293835
478,gCO2e emissions,19752629838.29629
479,gCO2e emissions,19874478282.755898
480,gCO2e emissions,20039873496.72994
481,gCO2e emissions,20800141632.68099
482,gCO2e emissions,19351870487.99381
483,gCO2e emissions,19909225406.661503
484,gCO2e emissions,19877999580.489075
485,gCO2e emissions,21298397440.042336
486,gCO2e emissions,20602361079.086975
487,gCO2e emissions,20102979705.654545
488,gCO2e emissions,18664618435.32147
489,gCO2e emissions,20068286057.319923
490,gCO2e emissions,19661908597.98607
491,gCO2e emissions,20307937490.317585
492,gCO2e emissions,20458314329.976772
493,gCO2e emissions,20300589192.182407
494,gCO2e emissions,20516774854.50885
495,gCO2e emissions,20952630518.977562
496,gCO2e emissions,20984188303.640602
497,gCO2e emissions,21113846357.170776
498,gCO2e emissions,21090907358.636696
499,gCO2e emissions,20708755859.18166
500,gCO2e emissions,19727727521.40503
501,gCO2e emissions,19715290464.43726
502,gCO2e emissions,20683592833.300663
503,gCO2e emissions,21512793350.836857
504,gCO2e emissions,22646646475.6003
505,gCO2e emissions,22932559112.47366
506,gCO2e emissions,21613880524.433937
507,gCO2e emissions,20874735888.35071
508,gCO2e emissions,19872938403.538536
509,gCO2e emissions,21185085462.324368
510,gCO2e emissions,20431346267.8123
511,gCO2e emissions,21175693595.465275
512,gCO2e emissions,21794309727.661797
513,gCO2e emissions,23224851840.86028
514,gCO2e emissions,25030876627.84712
515,gCO2e emissions,24933315757.428894
516,gCO2e emissions,25127199106.97713
517,gCO2e emissions,25128362354.76373
518,gCO2e emissions,25119645814.95543
519,gCO2e emissions,24132028737.41285
520,gCO2e emissions,24303104031.630676
521,gCO2e emissions,23112660764.60687
522,gCO2e emissions,25619351196.138607
523,gCO2e emissions,26771537604.266045
524,gCO2e emissions,29264111309.062737
525,gCO2e emissions,29714863899.469357
526,gCO2e emissions,29023824795.213203
527,gCO2e emissions,28675357173.214752
528,gCO2e emissions,28214092791.8009
529,gCO2e emissions,27247554062.133972
530,gCO2e emissions,27100104957.39737
531,gCO2e emissions,27024347441.601448
532,gCO2e emissions,27383376065.065838
533,gCO2e emissions,27360692254.06662
534,gCO2e emissions,27925979819.603004
535,gCO2e emissions,27281130983.733532
536,gCO2e emissions,27273215063.5999
537,gCO2e emissions,27861466227.73044
538,gCO2e emissions,27560537335.39891
539,gCO2e emissions,26738950038.729664
540,gCO2e emissions,25095482416.731216
541,gCO2e emissions,24660563899.469368
542,gCO2e emissions,25225114794.732754
543,gCO2e emissions,24275586954.0881
544,gCO2e emissions,24630209886.16411
545,gCO2e emissions,24664389656.9384
546,gCO2e emissions,25333628386.605316
547,gCO2e emissions,24753299494.273804
548,gCO2e emissions,25038803248.81097
549,gCO2e emissions,25517890276.613068
550,gCO2e emissions,26706567735.946915
551,gCO2e emissions,26796890007.745937
552,gCO2e emissions,27121752435.487965
553,gCO2e emissions,26436658249.41905
554,gCO2e emissions,27902070043.803738
555,gCO2e emissions,25740354083.067787
556,gCO2e emissions,24860788649.96706
557,gCO2e emissions,26061927110.76683
558,gCO2e emissions,26518979163.439182
559,gCO2e emissions,25894740433.77225
560,gCO2e emissions,25382028618.983326
561,gCO2e emissions,23922145158.79162
562,gCO2e emissions,24676240584.20987
563,gCO2e emissions,23184705691.020504
564,gCO2e emissions,22887828582.49418
565,gCO2e emissions,21807878038.03832
566,gCO2e emissions,21468611655.389217
567,gCO2e emissions,21810694394.297325
568,gCO2e emissions,20823507676.70043
569,gCO2e emissions,17482201161.89002
570,gCO2e emissions,17427445562.541073
571,gCO2e emissions,17187175343.41442
572,gCO2e emissions,17413874128.582516
573,gCO2e emissions,17112522964.451996
574,gCO2e emissions,16988068396.591824
575,gCO2e emissions,19123534718.234333
576,gCO2e emissions,20519214366.465893
577,gCO2e emissions,19334604260.263355
578,gCO2e emissions,18243342989.930305
579,gCO2e emissions,17792749341.59569
580,gCO2e emissions,16868753096.132854
581,gCO2e emissions,17910046475.60033
582,gCO2e emissions,17858311231.60344
583,gCO2e emissions,18254072501.936512
584,gCO2e emissions,19700211500.47055
585,gCO2e emissions,18539736638.26492
586,gCO2e emissions,19266585474.13439
587,gCO2e emissions,20428610880.79589
588,gCO2e emissions,20917816963.59412
589,gCO2e emissions,21087058142.672764
590,gCO2e emissions,18814882665.561996
591,gCO2e emissions,19503424652.634125
592,gCO2e emissions,20042348102.246326
593,gCO2e emissions,19476309372.579395
594,gCO2e emissions,19128322344.7773
595,gCO2e emissions,18969554722.77885
596,gCO2e emissions,19225680480.24789
597,gCO2e emissions,18295216388.10553
598,gCO2e emissions,17075493452.445778
599,gCO2e emissions,16421326507.544952
600,gCO2e emissions,15564690643.873384
601,gCO2e emissions,15634146222.818075
602,gCO2e emissions,17223089347.101086
603,gCO2e emissions,20675915104.570107
604,gCO2e emissions,21969956700.232376
605,gCO2e emissions,21985617970.565468
606,gCO2e emissions,19454423702.55615
607,gCO2e emissions,19150585241.75639
608,gCO2e emissions,18088006893.880722
609,gCO2e emissions,18993090085.205273
610,gCO2e emissions,18989877708.16461
611,gCO2e emissions,20541265685.5151
612,gCO2e emissions,20954839308.371403
613,gCO2e emissions,20310770178.15646
614,gCO2e emissions,20386043801.01277
615,gCO2e emissions,20067407048.799385
616,gCO2e emissions,20531783534.067394
617,gCO2e emissions,21779564250.80646
618,gCO2e emissions,22041057242.447712
619,gCO2e emissions,23891779163.43918
620,gCO2e emissions,23012488649.96706
621,gCO2e emissions,24491533731.29936
622,gCO2e emissions,23652662272.823357
623,gCO2e emissions,21844661115.414406
624,gCO2e emissions,20594812817.279232
625,gCO2e emissions,20967131603.408215
626,gCO2e emissions,21120711928.73741
627,gCO2e emissions,22194427669.17798
628,gCO2e emissions,24786324632.06817
629,gCO2e emissions,24847219454.632366
630,gCO2e emissions,24501228117.73819
631,gCO2e emissions,23386206114.806324
632,gCO2e emissions,23163424963.998543
633,gCO2e emissions,23701569824.043926
634,gCO2e emissions,24151891491.444973
635,gCO2e emissions,24700950042.10712
636,gCO2e emissions,25057040821.068943
637,gCO2e emissions,24968247172.734306
638,gCO2e emissions,25686370601.942272
639,gCO2e emissions,25593412711.55713
640,gCO2e emissions,23478238492.807865
641,gCO2e emissions,24028573199.07048
642,gCO2e emissions,25140360495.739727
643,gCO2e emissions,24700317371.45672
644,gCO2e emissions,24937898316.46059
645,gCO2e emissions,22606126800.561653
646,gCO2e emissions,22779799845.08133
647,gCO2e emissions,23746409951.28387
648,gCO2e emissions,23186387679.484863
649,gCO2e emissions,22471465138.81872
650,gCO2e emissions,21328149855.18038
651,gCO2e emissions,23267711248.05616
652,gCO2e emissions,24137848412.083652
653,gCO2e emissions,24040403330.75135
654,gCO2e emissions,24979848412.083652
655,gCO2e emissions,24461645814.955437
656,gCO2e emissions,23577774438.419827
657,gCO2e emissions,22723174438.419823
658,gCO2e emissions,22362771963.834335
659,gCO2e emissions,22249852908.838196
660,gCO2e emissions,21115499270.12217
661,gCO2e emissions,20704654188.789864
662,gCO2e emissions,19996561428.997055
663,gCO2e emissions,19356626307.542885
664,gCO2e emissions,20754102943.45469
665,gCO2e emissions,22243346952.695858
666,gCO2e emissions,20164065987.28775
667,gCO2e emissions,19151608288.148735
668,gCO2e emissions,17800750503.485676
669,gCO2e emissions,18095687932.79667
670,gCO2e emissions,17561330185.152332
671,gCO2e emissions,16669330131.313019
672,gCO2e emissions,16905745782.579504
673,gCO2e emissions,16812832439.169838
674,gCO2e emissions,19187466859.74468
675,gCO2e emissions,18861643764.523647
676,gCO2e emissions,19079577031.066998
677,gCO2e emissions,17200541518.202972
678,gCO2e emissions,16875364058.869125
679,gCO2e emissions,17940630771.9215
680,gCO2e emissions,21185024028.84625
681,gCO2e emissions,19644363541.332882
682,gCO2e emissions,19988000579.234043
683,gCO2e emissions,18102298764.92556
684,gCO2e emissions,19077629308.420536
685,gCO2e emissions,20000577484.013016
686,gCO2e emissions,19022649251.958485
687,gCO2e emissions,19334584227.08823
688,gCO2e emissions,18956477092.60313
689,gCO2e emissions,18731206376.34453
690,gCO2e emissions,17172090187.343765
691,gCO2e emissions,16653685364.299116
692,gCO2e emissions,16727533539.891577
693,gCO2e emissions,16007352594.8877
694,gCO2e emissions,15406397945.087145
695,gCO2e emissions,15951707162.747873
696,gCO2e emissions,15432923637.436417
697,gCO2e emissions,15808964947.41093
698,gCO2e emissions,14393338652.207613
699,gCO2e emissions,15087309759.876087
700,gCO2e emissions,14597409759.876085
701,gCO2e emissions,16336479836.05578
702,gCO2e emissions,16856887219.209944
703,gCO2e emissions,15603755110.075531
704,gCO2e emissions,15304687219.209927
705,gCO2e emissions,16230284002.40704
706,gCO2e emissions,17581561356.0188
707,gCO2e emissions,19243996974.604942
708,gCO2e emissions,18574829001.798973
709,gCO2e emissions,19119863871.206623
710,gCO2e emissions,18147321387.002533
711,gCO2e emissions,17793230090.710686
712,gCO2e emissions,19305653308.474445
713,gCO2e emissions,18655179106.545815
714,gCO2e emissions,18745147388.82126
715,gCO2e emissions,19729469558.4818
716,gCO2e emissions,19829689004.88778
717,gCO2e emissions,18384656276.07871
718,gCO2e emissions,18211910452.529026
719,gCO2e emissions,18052773700.31564
720,gCO2e emissions,18686134082.106907
721,gCO2e emissions,18240312095.995655
722,gCO2e emissions,18614576892.60108
723,gCO2e emissions,18826685841.394665
724,gCO2e emissions,19370708259.51811
725,gCO2e emissions,19252711248.056168
726,gCO2e emissions,19482364869.951576
727,gCO2e emissions,19805099845.081337
728,gCO2e emissions,19511638843.615402
729,gCO2e emissions,19315402979.943836
730,gCO2e emissions,18757292873.741287
731,gCO2e emissions,19245031872.275352
732,gCO2e emissions,20040913086.146374
733,gCO2e emissions,20916419168.944607
734,gCO2e emissions,21622625520.609974
735,gCO2e emissions,21474290562.30083
736,gCO2e emissions,21246045480.968533
737,gCO2e emissions,20055207020.168747
738,gCO2e emissions,20861950658.404343
739,gCO2e emissions,21170347172.73431
740,gCO2e emissions,22783802482.811867
741,gCO2e emissions,24302396791.423496
742,gCO2e emissions,23359708443.067398
743,gCO2e emissions,23482479550.73586
744,gCO2e emissions,20964873199.07049
745,gCO2e emissions,19685659235.986145
746,gCO2e emissions,18750816751.78206
747,gCO2e emissions,17927225023.47803
748,gCO2e emissions,18548898605.731995
749,gCO2e emissions,18873378931.061188
750,gCO2e emissions,19972066496.597572
751,gCO2e emissions,20738333849.728886
752,gCO2e emissions,20731527766.930656
753,gCO2e emissions,19613971050.775085
754,gCO2e emissions,20065628835.438137
755,gCO2e emissions,20363901740.59449
756,gCO2e emissions,21926014175.058094
757,gCO2e emissions,21416169093.7258
758,gCO2e emissions,21069778931.06118
759,gCO2e emissions,19274006669.36123
760,gCO2e emissions,19653427498.06351
761,gCO2e emissions,19066028386.605335
762,gCO2e emissions,19211228117.73819
763,gCO2e emissions,19904763981.40976
764,gCO2e emissions,19453642329.28541
765,gCO2e emissions,18717777924.089867
766,gCO2e emissions,18037654865.887512
767,gCO2e emissions,17302330865.30402
768,gCO2e emissions,18114105458.642525
769,gCO2e emissions,18659440535.91074
770,gCO2e emissions,19374134681.377304
771,gCO2e emissions,17456426470.0316
772,gCO2e emissions,17180257572.851006
773,gCO2e emissions,16098565453.137112
774,gCO2e emissions,16851594965.143309
775,gCO2e emissions,15660014639.81412
776,gCO2e emissions,17430425365.691326
777,gCO2e emissions,16967225096.824179
778,gCO2e emissions,17613796647.06648
779,gCO2e emissions,15736344771.494982
780,gCO2e emissions,16611248257.165
781,gCO2e emissions,14765945660.036785
782,gCO2e emissions,14060660960.495745
783,gCO2e emissions,15315687540.049213
784,gCO2e emissions,16212148810.382292
785,gCO2e emissions,16615619807.407305
786,gCO2e emissions,15548962133.387714
787,gCO2e emissions,15381885686.476007
788,gCO2e emissions,14949373252.012407
789,gCO2e emissions,15350142794.041454
790,gCO2e emissions,15469458628.651056
791,gCO2e emissions,15802207587.063236
792,gCO2e emissions,14655438521.968063
793,gCO2e emissions,16559427224.715334
794,gCO2e emissions,17022788226.181284
795,gCO2e emissions,18824258714.17507
796,gCO2e emissions,17337287606.506603
797,gCO2e emissions,14928265065.840443
798,gCO2e emissions,14066088780.736172
799,gCO2e emissions,12863332333.447742
800,gCO2e emissions,12317165365.882246
801,gCO2e emissions,12891977769.171194
802,gCO2e emissions,14472814170.57705
803,gCO2e emissions,14711775172.042986
804,gCO2e emissions,16222346010.84432
805,gCO2e emissions,17316307104.076553
806,gCO2e emissions,18136778038.03833
807,gCO2e emissions,18808850997.034004
808,gCO2e emissions,16410773663.82651
809,gCO2e emissions,15814511307.446527
810,gCO2e emissions,14301264158.42148
811,gCO2e emissions,13364580284.359013
812,gCO2e emissions,14409505336.629366
813,gCO2e emissions,16215604553.809647
814,gCO2e emissions,18598780733.191822
815,gCO2e emissions,15658578267.111311
816,gCO2e emissions,15589423506.667303
817,gCO2e emissions,15982751510.457016
818,gCO2e emissions,17421850890.782337
819,gCO2e emissions,16618854025.644833
820,gCO2e emissions,16711559880.178259
821,gCO2e emissions,17381850311.710007
822,gCO2e emissions,16191497598.760653
823,gCO2e emissions,16291781678.62702
824,gCO2e emissions,14431223274.289295
825,gCO2e emissions,15995035977.620047
826,gCO2e emissions,15912806196.74671
827,gCO2e emissions,17686763981.40976
828,gCO2e emissions,17993744306.73896
829,gCO2e emissions,17060612466.4717
830,gCO2e emissions,17608114794.732773
831,gCO2e emissions,17327459876.06507
832,gCO2e emissions,16453178931.061197
833,gCO2e emissions,16902346553.059647
834,gCO2e emissions,17086552904.725025
835,gCO2e emissions,18590263010.927563
836,gCO2e emissions,17962166496.597584
837,gCO2e emissions,17935846553.059647
838,gCO2e emissions,16857140201.394272
839,gCO2e emissions,17119656390.395046
840,gCO2e emissions,15923511577.929886
841,gCO2e emissions,16396027498.063519
842,gCO2e emissions,17044427498.063519
843,gCO2e emissions,16648072579.39582
844,gCO2e emissions,17168366227.730444
845,gCO2e emissions,19352641358.80323
846,gCO2e emissions,18804750038.729668
847,gCO2e emissions,19082411309.062748
848,gCO2e emissions,17631272579.395824
849,gCO2e emissions,18358778931.0612
850,gCO2e emissions,16764833849.728899
851,gCO2e emissions,17752759876.065063
852,gCO2e emissions,17353430983.73354
853,gCO2e emissions,19673959876.06507
854,gCO2e emissions,19192450038.72966
855,gCO2e emissions,17737033849.72889
856,gCO2e emissions,15834263899.469372
857,gCO2e emissions,16370937335.39892
858,gCO2e emissions,17008579550.735865
859,gCO2e emissions,17519908443.067394
860,gCO2e emissions,19438263361.735085
861,gCO2e emissions,17048818280.402798
862,gCO2e emissions,18490960764.606876
863,gCO2e emissions,16688366847.405117
864,gCO2e emissions,16416812817.279222
865,gCO2e emissions,14313073818.745165
866,gCO2e emissions,13759122385.747482
867,gCO2e emissions,13238929357.087536
868,gCO2e emissions,11866890627.420607
869,gCO2e emissions,12468139194.422932
870,gCO2e emissions,13331288030.292397
871,gCO2e emissions,13795749031.75833
872,gCO2e emissions,15603195001.632446
873,gCO2e emissions,13724831134.171154
874,gCO2e emissions,12361465840.433777
875,gCO2e emissions,13500811541.440754
876,gCO2e emissions,15141180051.981012
877,gCO2e emissions,14486289620.44927
878,gCO2e emissions,16128980402.78854
879,gCO2e emissions,17128074051.123167
880,gCO2e emissions,16949981022.46322
881,gCO2e emissions,14319765722.004253
882,gCO2e emissions,12512310534.469406
883,gCO2e emissions,13996823857.474833
884,gCO2e emissions,14380895234.010448
885,gCO2e emissions,15372878776.142532
886,gCO2e emissions,15844066341.67893
887,gCO2e emissions,16874185396.675053
888,gCO2e emissions,15495152749.80636
889,gCO2e emissions,13763069207.674278
890,gCO2e emissions,13841379045.009674
891,gCO2e emissions,13480707668.47406
892,gCO2e emissions,13243020245.678465
893,gCO2e emissions,14945443055.21176
894,gCO2e emissions,14709197705.012321
895,gCO2e emissions,13250950690.41243
896,gCO2e emissions,12027081642.137888
897,gCO2e emissions,11783636560.805582
898,gCO2e emissions,11655459370.338873
899,gCO2e emissions,13082026723.470179
900,gCO2e emissions,13739855615.801708
901,gCO2e emissions,14681478156.46786
902,gCO2e emissions,15521661967.467081
903,gCO2e emissions,14002523237.800161
904,gCO2e emissions,15271481642.137886
905,gCO2e emissions,12372794345.468634
906,gCO2e emissions,13092645778.466307
907,gCO2e emissions,12830091128.665745
908,gCO2e emissions,14416884508.13323
909,gCO2e emissions,12833209914.794725
910,gCO2e emissions,12983267699.457783
911,gCO2e emissions,14417141673.121622
912,gCO2e emissions,15186960728.117752
913,gCO2e emissions,15631882649.109234
914,gCO2e emissions,15576927730.441528
915,gCO2e emissions,15379662974.438425
916,gCO2e emissions,15333105458.642517
917,gCO2e emissions,15756698218.435333
918,gCO2e emissions,15595695001.632448
919,gCO2e emissions,14543255383.423706
920,gCO2e emissions,16049832223.082888
921,gCO2e emissions,16036699845.081335
922,gCO2e emissions,16565638574.748257
923,gCO2e emissions,15049783656.080563
924,gCO2e emissions,15195212548.412083
925,gCO2e emissions,15038263981.409761
926,gCO2e emissions,14517931603.408205
927,gCO2e emissions,16431460495.739738
928,gCO2e emissions,17112232141.142502
929,gCO2e emissions,16769940821.06894
930,gCO2e emissions,15409147172.734316
931,gCO2e emissions,15632576065.065838
932,gCO2e emissions,15301850038.72967
933,gCO2e emissions,14605843687.064293
934,gCO2e emissions,15028514794.732769
935,gCO2e emissions,15049898605.731987
936,gCO2e emissions,13926498605.73199
937,gCO2e emissions,14279108443.067389
938,gCO2e emissions,14484159876.065065
939,gCO2e emissions,13527743955.931433
940,gCO2e emissions,13514608092.25986
941,gCO2e emissions,13196502009.46163
942,gCO2e emissions,14401526878.388845
943,gCO2e emissions,13972914443.925236
944,gCO2e emissions,14594308821.864077
945,gCO2e emissions,13923810689.388075
946,gCO2e emissions,14686955770.720373
947,gCO2e emissions,15197504606.589838
948,gCO2e emissions,16942210689.388073
949,gCO2e emissions,16410904337.7227
950,gCO2e emissions,15513269093.725794
951,gCO2e emissions,15327891634.391943
952,gCO2e emissions,17699927498.063515
953,gCO2e emissions,17852904957.397373
954,gCO2e emissions,16168121146.398144
955,gCO2e emissions,14788804957.397362
956,gCO2e emissions,16259237335.398914
957,gCO2e emissions,16201285902.40124
958,gCO2e emissions,15217134469.403563
959,gCO2e emissions,14147347172.734312
960,gCO2e emissions,13383063361.735086
961,gCO2e emissions,13271705845.939182
962,gCO2e emissions,13696934738.270706
963,gCO2e emissions,14561695739.736639
964,gCO2e emissions,13862619437.811747
965,gCO2e emissions,13350770333.07514
966,gCO2e emissions,12895070333.075146
967,gCO2e emissions,12639412548.412086
968,gCO2e emissions,13358732223.082882
969,gCO2e emissions,14823519519.75213
970,gCO2e emissions,14531671841.291622
971,gCO2e emissions,15212606816.421385
972,gCO2e emissions,16577087761.42525
973,gCO2e emissions,15142036328.427576
974,gCO2e emissions,11614275058.094501
975,gCO2e emissions,11464795001.632444
976,gCO2e emissions,11262198218.435318
977,gCO2e emissions,12016775677.76917
978,gCO2e emissions,13703270483.512753
979,gCO2e emissions,13027405189.775375
980,gCO2e emissions,15246715027.110771
981,gCO2e emissions,14419996240.981789
982,gCO2e emissions,13501573700.315632
983,gCO2e emissions,12698531484.978685
984,gCO2e emissions,11922495352.43997
985,gCO2e emissions,11778582029.434551
986,gCO2e emissions,11711795352.439974
987,gCO2e emissions,13483064131.847383
988,gCO2e emissions,13661985515.104572
989,gCO2e emissions,13461173080.640966
990,gCO2e emissions,12503979163.439198
991,gCO2e emissions,13293795621.307112
992,gCO2e emissions,12896362974.438423
993,gCO2e emissions,14089379432.306347
994,gCO2e emissions,13797695621.307117
995,gCO2e emissions,14025737836.644062
996,gCO2e emissions,13842543919.442291
997,gCO2e emissions,15082986134.779251
998,gCO2e emissions,15194908675.445395
999,gCO2e emissions,14640998838.109997
1000,gCO2e emissions,13787934350.974045
1001,gCO2e emissions,14661346785.437647
1002,gCO2e emissions,14754072811.77382
1003,gCO2e emissions,14398889000.774601
1004,gCO2e emissions,11623770214.645615
1005,gCO2e emissions,12132576297.44385
1006,gCO2e emissions,11085024864.446163
1007,gCO2e emissions,12797769945.77847
1008,gCO2e emissions,14049866460.108452
1009,gCO2e emissions,13311104570.100706
1010,gCO2e emissions,11753278543.764532
1011,gCO2e emissions,11454430245.629347
1012,gCO2e emissions,11881985164.297047
1013,gCO2e emissions,12215561735.089085
1014,gCO2e emissions,13627771841.291624
1015,gCO2e emissions,12702300464.756004
1016,gCO2e emissions,13260942060.418282
1017,gCO2e emissions,13068870952.749811
1018,gCO2e emissions,13705754763.749033
1019,gCO2e emissions,12180261115.41441
1020,gCO2e emissions,13698974707.286972
1021,gCO2e emissions,13566638574.748251
1022,gCO2e emissions,14083725871.417503
1023,gCO2e emissions,13076171221.616947
1024,gCO2e emissions,12747118900.077457
1025,gCO2e emissions,12637302711.076685
1026,gCO2e emissions,11778747792.408985
1027,gCO2e emissions,12335547792.408989
1028,gCO2e emissions,13375537955.073586
1029,gCO2e emissions,13841270333.075136
1030,gCO2e emissions,12518583036.405884
1031,gCO2e emissions,13106957010.069715
1032,gCO2e emissions,15148608443.067394
1033,gCO2e emissions,15071785902.40124
1034,gCO2e emissions,15160257010.069715
1035,gCO2e emissions,13681634738.270706
1036,gCO2e emissions,12905014794.732763
1037,gCO2e emissions,13675134738.270706
1038,gCO2e emissions,12443647172.734308
1039,gCO2e emissions,12946204957.397367
1040,gCO2e emissions,11886331252.600683
1041,gCO2e emissions,13593130983.73354
1042,gCO2e emissions,14836402360.269161
1043,gCO2e emissions,16270908443.067387
1044,gCO2e emissions,13727702091.402012
1045,gCO2e emissions,12984850658.404343
1046,gCO2e emissions,14104602091.402016
1047,gCO2e emissions,12420608443.067392
1048,gCO2e emissions,14006873467.93763
1049,gCO2e emissions,14056888768.396591
1050,gCO2e emissions,14038382416.731216
1051,gCO2e emissions,13422269713.400469
1052,gCO2e emissions,14239276065.065845
1053,gCO2e emissions,13822814794.732769
1054,gCO2e emissions,12799292254.066618
1055,gCO2e emissions,11194082416.731218
1056,gCO2e emissions,12727863630.60223
1057,gCO2e emissions,14080237335.39892
1058,gCO2e emissions,12812347172.734316
1059,gCO2e emissions,14814622034.93995
1060,gCO2e emissions,14636215683.274582
1061,gCO2e emissions,14783876684.740513
1062,gCO2e emissions,14765737955.073587
1063,gCO2e emissions,14125647792.408987
1064,gCO2e emissions,13373425251.742836
1065,gCO2e emissions,14009183656.080559
1066,gCO2e emissions,13803538574.748257
1067,gCO2e emissions,14579612548.412086
1068,gCO2e emissions,14957757629.744383
1069,gCO2e emissions,14754618900.07746
1070,gCO2e emissions,13648725251.742832
1071,gCO2e emissions,13253912548.412086
1072,gCO2e emissions,12088996359.411312
1073,gCO2e emissions,13140270333.075136
1074,gCO2e emissions,12945112817.279228
1075,gCO2e emissions,13807547792.408993
1076,gCO2e emissions,14676847792.408985
1077,gCO2e emissions,12776941440.743612
1078,gCO2e emissions,12328938574.748266
1079,gCO2e emissions,11523370952.749811
1080,gCO2e emissions,12295245546.08831
1081,gCO2e emissions,10598204488.160316
1082,gCO2e emissions,10113288299.159536
1083,gCO2e emissions,10760913168.086758
1084,gCO2e emissions,12420297247.953121
1085,gCO2e emissions,11976193493.415962
1086,gCO2e emissions,12209977304.415184
1087,gCO2e emissions,12657477304.415186
1088,gCO2e emissions,11433952166.620817
1089,gCO2e emissions,12332825871.417513
1090,gCO2e emissions,12764100733.623154
1091,gCO2e emissions,13244214325.495714
1092,gCO2e emissions,11738987761.425255
1093,gCO2e emissions,10737236328.42758
1094,gCO2e emissions,9653981409.759872
1095,gCO2e emissions,11012549031.758333
1096,gCO2e emissions,11420994113.09063
1097,gCO2e emissions,12701403950.426031
1098,gCO2e emissions,11225281429.957958
1099,gCO2e emissions,10406581838.188438
1100,gCO2e emissions,8480376492.838067
1101,gCO2e emissions,8757090109.884398
1102,gCO2e emissions,10352448783.089268
1103,gCO2e emissions,10263101353.297821
1104,gCO2e emissions,10341303950.426031
1105,gCO2e emissions,11873440760.06236
1106,gCO2e emissions,12013362606.091475
1107,gCO2e emissions,12329262288.306376
1108,gCO2e emissions,10730208433.224789
1109,gCO2e emissions,10436304219.29317
1110,gCO2e emissions,9577907990.650955
1111,gCO2e emissions,10433741420.339365
1112,gCO2e emissions,12028508996.965971
1113,gCO2e emissions,13131708153.796011
1114,gCO2e emissions,12622726817.382277
1115,gCO2e emissions,10692771115.89486
1116,gCO2e emissions,10839619611.51844
1117,gCO2e emissions,9273964692.850739
1118,gCO2e emissions,9704999225.406664
1119,gCO2e emissions,11420786522.075916
1120,gCO2e emissions,12671480439.277681
1121,gCO2e emissions,12948211928.737417
1122,gCO2e emissions,13974650658.404343
1123,gCO2e emissions,13690805845.93918
1124,gCO2e emissions,16867070333.075142
1125,gCO2e emissions,13628299845.081333
1126,gCO2e emissions,12803138574.748255
1127,gCO2e emissions,9480144926.413635
1128,gCO2e emissions,10561874150.675531
1129,gCO2e emissions,11037832045.982042
1130,gCO2e emissions,12795928117.73819
1131,gCO2e emissions,13666005577.072042
1132,gCO2e emissions,13889679550.735867
1133,gCO2e emissions,12212634738.270704
1134,gCO2e emissions,12517598605.73199
1135,gCO2e emissions,12253976065.065842
1136,gCO2e emissions,12137133849.728891
1137,gCO2e emissions,11436478931.061195
1138,gCO2e emissions,10916179199.928335
1139,gCO2e emissions,10987134118.596035
1140,gCO2e emissions,11829805226.264513
1141,gCO2e emissions,13363885282.726572
1142,gCO2e emissions,13620895388.929108
1143,gCO2e emissions,14780162742.060423
1144,gCO2e emissions,13093514443.925241
1145,gCO2e emissions,12661546553.059649
1146,gCO2e emissions,10925801471.72734
1147,gCO2e emissions,9665797986.057322
1148,gCO2e emissions,9390565608.05577
1149,gCO2e emissions,9908968474.051123
1150,gCO2e emissions,11624152285.05035
1151,gCO2e emissions,12640045933.384977
1152,gCO2e emissions,13946956039.587515
1153,gCO2e emissions,12386468474.051128
1154,gCO2e emissions,11721188686.456205
1155,gCO2e emissions,10967501120.919815
1156,gCO2e emissions,12651423392.71882
1157,gCO2e emissions,13759072228.588291
1158,gCO2e emissions,12838933230.054224
1159,gCO2e emissions,12737388148.72192
1160,gCO2e emissions,11212288148.721922
1161,gCO2e emissions,12558736715.724245
1162,gCO2e emissions,13802359256.390392
1163,gCO2e emissions,12511985282.726572
1164,gCO2e emissions,11828495120.06197
1165,gCO2e emissions,11537492254.066618
1166,gCO2e emissions,12019437335.398918
1167,gCO2e emissions,11856414794.732767
1168,gCO2e emissions,12125724900.935308
1169,gCO2e emissions,11367059876.065063
1170,gCO2e emissions,11860227498.063517
1171,gCO2e emissions,11140733849.72889
1172,gCO2e emissions,11101711309.062738
1173,gCO2e emissions,9494188768.39659
1174,gCO2e emissions,10065482416.731216
1175,gCO2e emissions,10595288768.396597
1176,gCO2e emissions,10525098874.599138
1177,gCO2e emissions,11015933849.728895
1178,gCO2e emissions,10187956390.395042
1179,gCO2e emissions,10672956390.395044
1180,gCO2e emissions,10569024012.393497
1181,gCO2e emissions,12810637335.39892
1182,gCO2e emissions,10353012927.208775
1183,gCO2e emissions,11524857278.936857
1184,gCO2e emissions,10513134469.403566
1185,gCO2e emissions,11695344306.738964
1186,gCO2e emissions,13550673818.74517
1187,gCO2e emissions,11875116034.082104
1188,gCO2e emissions,12710454763.749033
1189,gCO2e emissions,13972954763.749033
1190,gCO2e emissions,12751061384.281546
1191,gCO2e emissions,12348499845.081335
1192,gCO2e emissions,10228132223.082882
1193,gCO2e emissions,9757506196.746714
1194,gCO2e emissions,8721067467.079786
1195,gCO2e emissions,10053463981.40977
1196,gCO2e emissions,9228835089.078236
1197,gCO2e emissions,10043712548.412088
1198,gCO2e emissions,11149477304.415186
1199,gCO2e emissions,10946547783.227724
1200,gCO2e emissions,11501061115.414412
1201,gCO2e emissions,10691280170.41054
1202,gCO2e emissions,8046937955.073584
1203,gCO2e emissions,8085340821.068938
1204,gCO2e emissions,8286734469.403567
1205,gCO2e emissions,9040566847.405113
1206,gCO2e emissions,10927070333.075138
1207,gCO2e emissions,11468515414.407436
1208,gCO2e emissions,13012137955.073587
1209,gCO2e emissions,12497866847.405115
1210,gCO2e emissions,11873944306.738968
1211,gCO2e emissions,10375070601.942284
1212,gCO2e emissions,9499660495.739737
1213,gCO2e emissions,9808592873.741285
1214,gCO2e emissions,10646963981.40976
1215,gCO2e emissions,10012980170.410534
1216,gCO2e emissions,9174015414.407433
1217,gCO2e emissions,10987505577.072037
1218,gCO2e emissions,11841489388.07126
1219,gCO2e emissions,11527683036.40589
1220,gCO2e emissions,10534654144.074364
1221,gCO2e emissions,8259770601.942278
1222,gCO2e emissions,7848576684.740511
1223,gCO2e emissions,8987699225.406658
1224,gCO2e emissions,10632909062.74206
1225,gCO2e emissions,9554241440.743608
1226,gCO2e emissions,8459076684.740509
1227,gCO2e emissions,7661789388.07126
1228,gCO2e emissions,9840324632.068165
1229,gCO2e emissions,11315473199.07049
1230,gCO2e emissions,13421418280.40279
1231,gCO2e emissions,10596002091.402014
1232,gCO2e emissions,10967379550.735863
1233,gCO2e emissions,11228579550.735867
1234,gCO2e emissions,12331573199.070486
1235,gCO2e emissions,12418908443.06739
1236,gCO2e emissions,11524121146.398138
1237,gCO2e emissions,12130750038.72967
1238,gCO2e emissions,12867672579.395817
1239,gCO2e emissions,11317175714.258314
1240,gCO2e emissions,11064933230.054226
1241,gCO2e emissions,10710413555.383427
1242,gCO2e emissions,9976607203.718048
1243,gCO2e emissions,9033817041.053448
1244,gCO2e emissions,9424268474.051123
1245,gCO2e emissions,8439029744.384197
1246,gCO2e emissions,9255878311.38652
1247,gCO2e emissions,11178807203.718046
1248,gCO2e emissions,8968391014.717274
1249,gCO2e emissions,8576307203.718047
1250,gCO2e emissions,10339436096.049576
1251,gCO2e emissions,11584774825.7165
1252,gCO2e emissions,13331946202.252113
1253,gCO2e emissions,12924052285.050348
1254,gCO2e emissions,14246488148.721924
1255,gCO2e emissions,12956356928.129328
1256,gCO2e emissions,12761546553.059645
1257,gCO2e emissions,9801556390.395042
1258,gCO2e emissions,10571466227.730442
1259,gCO2e emissions,11651621146.398144
1260,gCO2e emissions,13494372579.395817
1261,gCO2e emissions,15401817660.728117
1262,gCO2e emissions,15459424012.393494
1263,gCO2e emissions,14466043067.389626
1264,gCO2e emissions,13731671959.721146
1265,gCO2e emissions,14021378311.38652
1266,gCO2e emissions,13245026878.38885
1267,gCO2e emissions,11656375714.258314
1268,gCO2e emissions,10822417041.053446
1269,gCO2e emissions,10649826878.388847
1270,gCO2e emissions,11281994500.387297
1271,gCO2e emissions,11074507203.71805
1272,gCO2e emissions,10077348799.38033
1273,gCO2e emissions,10408064988.381102
1274,gCO2e emissions,9731536096.049574
1275,gCO2e emissions,8962268474.051123
1276,gCO2e emissions,8468423392.718821
1277,gCO2e emissions,9744078311.386522
1278,gCO2e emissions,10345520526.72347
1279,gCO2e emissions,8897891634.391943
1280,gCO2e emissions,8160936715.724242
1281,gCO2e emissions,8092952904.7250185
1282,gCO2e emissions,8680852904.725021
1283,gCO2e emissions,9199231807.155586
1284,gCO2e emissions,10788906172.229269
1285,gCO2e emissions,11922673133.950722
1286,gCO2e emissions,11288030632.926014
1287,gCO2e emissions,12135946553.059645
1288,gCO2e emissions,11014652904.725016
1289,gCO2e emissions,11571556659.262186
1290,gCO2e emissions,10593034118.596037
1291,gCO2e emissions,8035688768.396592
1292,gCO2e emissions,8495033849.728891
1293,gCO2e emissions,8188192254.066614
1294,gCO2e emissions,8016424632.068164
1295,gCO2e emissions,8894618280.402788
1296,gCO2e emissions,9253873199.070488
1297,gCO2e emissions,9276689388.07126
1298,gCO2e emissions,9076842386.708374
1299,gCO2e emissions,9046854144.07436
1300,gCO2e emissions,9196309331.609201
1301,gCO2e emissions,8819554144.07436
1302,gCO2e emissions,11263002711.076685
1303,gCO2e emissions,8920076684.74051
1304,gCO2e emissions,10340370333.075136
1305,gCO2e emissions,10479599225.406662
1306,gCO2e emissions,10062080170.410536
1307,gCO2e emissions,10562325251.742836
1308,gCO2e emissions,9192628737.412859
1309,gCO2e emissions,7972635089.078236
1310,gCO2e emissions,8043457629.744385
1311,gCO2e emissions,9705575775.794449
1312,gCO2e emissions,9741769424.129072
1313,gCO2e emissions,11119790007.745935
1314,gCO2e emissions,9924467467.079784
1315,gCO2e emissions,10273770333.075138
1316,gCO2e emissions,9799360495.739737
1317,gCO2e emissions,11076684210.635458
1318,gCO2e emissions,9729260495.739738
1319,gCO2e emissions,8463528117.73819
1320,gCO2e emissions,8462098605.731989
1321,gCO2e emissions,10142350430.13953
1322,gCO2e emissions,9501576333.932981
1323,gCO2e emissions,9693207823.39272
1324,gCO2e emissions,10014417660.728119
1325,gCO2e emissions,11455111309.062742
1326,gCO2e emissions,11412724281.260633
1327,gCO2e emissions,11226066765.464725
1328,gCO2e emissions,10529817041.053448
1329,gCO2e emissions,9118304606.58984
1330,gCO2e emissions,9851294500.387295
1331,gCO2e emissions,10118894500.387293
1332,gCO2e emissions,11647362122.385742
1333,gCO2e emissions,11100962122.38575
1334,gCO2e emissions,11430929744.3842
1335,gCO2e emissions,11675798254.924463
1336,gCO2e emissions,12497559256.39039
1337,gCO2e emissions,11569004337.7227
1338,gCO2e emissions,13487075714.258312
1339,gCO2e emissions,14862978311.386526
1340,gCO2e emissions,14899152285.05035
1341,gCO2e emissions,13615091014.717276
1342,gCO2e emissions,10749852285.05035
1343,gCO2e emissions,10522723392.71882
1344,gCO2e emissions,9779891283.584414
1345,gCO2e emissions,9952074825.7165
1346,gCO2e emissions,8901568742.918264
1347,gCO2e emissions,9883391014.717272
1348,gCO2e emissions,8901939581.719597
1349,gCO2e emissions,9361878311.386522
1350,gCO2e emissions,11502962122.385748
1351,gCO2e emissions,9405364988.381102
1352,gCO2e emissions,8887575094.583641
1353,gCO2e emissions,9292238962.044926
1354,gCO2e emissions,7499261502.711078
1355,gCO2e emissions,9022335476.374903
1356,gCO2e emissions,9756248179.705652
1357,gCO2e emissions,10694138342.370256
1358,gCO2e emissions,10533493261.037954
1359,gCO2e emissions,11019148179.705656
1360,gCO2e emissions,9773460883.036406
1361,gCO2e emissions,9399699881.570473
1362,gCO2e emissions,11730512316.034086
1363,gCO2e emissions,10444286289.69791
1364,gCO2e emissions,10550412316.034082
1365,gCO2e emissions,11077883423.702559
1366,gCO2e emissions,9125428505.034855
1367,gCO2e emissions,9095599612.703331
1368,gCO2e emissions,9442851045.701004
1369,gCO2e emissions,11596544694.035631
1370,gCO2e emissions,11110838342.370253
1371,gCO2e emissions,10698764368.706427
1372,gCO2e emissions,10060651665.375677
1373,gCO2e emissions,8170861502.711079
1374,gCO2e emissions,8866961502.711077
1375,gCO2e emissions,8650432610.379549
1376,gCO2e emissions,9118338962.044924
1377,gCO2e emissions,11114419907.048798
1378,gCO2e emissions,11173572228.58829
1379,gCO2e emissions,10640397986.057322
1380,gCO2e emissions,8811095120.061964
1381,gCO2e emissions,9923572579.395817
1382,gCO2e emissions,8908821415.265285
1383,gCO2e emissions,8559188768.39659
1384,gCO2e emissions,6434305226.264507
1385,gCO2e emissions,7210601471.727343
1386,gCO2e emissions,8596011309.06274
1387,gCO2e emissions,8431504957.397367
1388,gCO2e emissions,9858824632.068167
1389,gCO2e emissions,9153750658.40434
1390,gCO2e emissions,9491802091.402014
1391,gCO2e emissions,11052737335.39892
1392,gCO2e emissions,10893221146.398144
1393,gCO2e emissions,9138533849.728893
1394,gCO2e emissions,10531714794.732765
1395,gCO2e emissions,13086159876.065071
1396,gCO2e emissions,14387517660.728125
1397,gCO2e emissions,13445672579.395819
1398,gCO2e emissions,9855311309.06274
1399,gCO2e emissions,9761237335.398914
1400,gCO2e emissions,8696943687.064293
1401,gCO2e emissions,8363085902.401239
1402,gCO2e emissions,8308930983.73354
1403,gCO2e emissions,8090547441.601459
1404,gCO2e emissions,9130230983.73354
1405,gCO2e emissions,9919330983.733541
1406,gCO2e emissions,11567002091.402014
1407,gCO2e emissions,10013730983.733541
1408,gCO2e emissions,10174563361.735092
1409,gCO2e emissions,8778444306.738962
1410,gCO2e emissions,11274870333.075136
1411,gCO2e emissions,10192170333.075138
1412,gCO2e emissions,10086937955.073586
1413,gCO2e emissions,8907960764.60688
1414,gCO2e emissions,8326673199.070492
1415,gCO2e emissions,9409002091.402014
1416,gCO2e emissions,8348263361.735088
1417,gCO2e emissions,10669040821.068941
1418,gCO2e emissions,9761040821.068943
1419,gCO2e emissions,11037030983.73354
1420,gCO2e emissions,11068259876.06507
1421,gCO2e emissions,10339014794.732763
1422,gCO2e emissions,9346059876.06507
1423,gCO2e emissions,9190698605.731993
1424,gCO2e emissions,9875108711.93453
1425,gCO2e emissions,12506198605.731993
1426,gCO2e emissions,10906695120.061968
1427,gCO2e emissions,9835550038.729666
1428,gCO2e emissions,9205095120.061966
1429,gCO2e emissions,9653143687.064293
1430,gCO2e emissions,9661747441.601454
1431,gCO2e emissions,9410340201.394264
1432,gCO2e emissions,7827814175.058094
1433,gCO2e emissions,7550355770.72037
1434,gCO2e emissions,7714013555.383419
1435,gCO2e emissions,7110010069.713398
1436,gCO2e emissions,7111945313.710302
1437,gCO2e emissions,6388561502.711076
1438,gCO2e emissions,6758945313.710301
1439,gCO2e emissions,8471090395.042602
1440,gCO2e emissions,8125612935.708752
1441,gCO2e emissions,10300651665.37568
1442,gCO2e emissions,9342006584.043375
1443,gCO2e emissions,9373722773.044151
1444,gCO2e emissions,7095645313.7102995
1445,gCO2e emissions,8532145313.710301
1446,gCO2e emissions,8531851665.37568
1447,gCO2e emissions,10151080557.707203
1448,gCO2e emissions,8528980557.707205
1449,gCO2e emissions,10407070720.371805
1450,gCO2e emissions,10389523041.911297
1451,gCO2e emissions,11097522773.044155
1452,gCO2e emissions,10994238962.044928
1453,gCO2e emissions,10254177691.711851
1454,gCO2e emissions,9464777691.71185
1455,gCO2e emissions,8099410069.713401
1456,gCO2e emissions,8735771340.046474
1457,gCO2e emissions,10676045933.384972
1458,gCO2e emissions,11170101120.919813
0,gCO2e emissions,nil
1,gCO2e emissions,nil
2,gCO2e emissions,26785669883.810875
3,gCO2e emissions,47229216189.0006
4,gCO2e emissions,59596112935.7086
5,gCO2e emissions,55064187900.85196
6,gCO2e emissions,51479237908.59792
7,gCO2e emissions,50401669666.92482
8,gCO2e emissions,49430071727.34311
9,gCO2e emissions,48572668241.673096
10,gCO2e emissions,50176842215.33694
11,gCO2e emissions,52795071107.668465
12,gCO2e emissions,53778777459.33385
13,gCO2e emissions,54442800000.0
14,gCO2e emissions,48660000000.0
15,gCO2e emissions,43911500000.0
16,gCO2e emissions,40041800000.0
17,gCO2e emissions,39244900000.0
18,gCO2e emissions,42038300000.0
19,gCO2e emissions,42600600000.0
20,gCO2e emissions,41867000000.0
21,gCO2e emissions,38245000000.0
22,gCO2e emissions,36312000000.0
23,gCO2e emissions,34384000000.0
24,gCO2e emissions,33810000000.0
25,gCO2e emissions,33907200000.0
26,gCO2e emissions,35997000000.0
27,gCO2e emissions,36590000000.0
28,gCO2e emissions,37931700000.0
29,gCO2e emissions,37739300000.0
30,gCO2e emissions,38354400000.0
31,gCO2e emissions,39489100000.0
32,gCO2e emissions,39944700000.0
33,gCO2e emissions,44066500000.0
34,gCO2e emissions,47429800000.0
35,gCO2e emissions,49494900000.0
36,gCO2e emissions,48647300000.0
37,gCO2e emissions,49519400000.0
38,gCO2e emissions,50348200000.0
39,gCO2e emissions,52606800000.0
40,gCO2e emissions,52782000000.0
41,gCO2e emissions,52057800000.0
42,gCO2e emissions,50263800000.0
43,gCO2e emissions,48139300000.0
44,gCO2e emissions,47813900000.0
45,gCO2e emissions,49772800000.0
46,gCO2e emissions,48729100000.0
47,gCO2e emissions,47951300000.0
48,gCO2e emissions,38983000000.0
49,gCO2e emissions,5134000000.0
50,gCO2e emissions,7244260263.361702
51,gCO2e emissions,13038918900.077446
52,gCO2e emissions,17195748644.46162
53,gCO2e emissions,21293442525.174255
54,gCO2e emissions,20163433539.89152
55,gCO2e emissions,22283111851.27806
56,gCO2e emissions,21443269868.31911
57,gCO2e emissions,20964120914.020123
58,gCO2e emissions,17479995120.061993
59,gCO2e emissions,16660151897.753704
60,gCO2e emissions,17470873431.448532
61,gCO2e emissions,21070672424.477165
62,gCO2e emissions,23212705422.153374
63,gCO2e emissions,24141874283.50114
64,gCO2e emissions,24249462199.84507
65,gCO2e emissions,25149878388.845837
66,gCO2e emissions,26403733307.51351
67,gCO2e emissions,28001195197.521248
68,gCO2e emissions,28479924089.8528
69,gCO2e emissions,29676326955.848145
70,gCO2e emissions,30147884740.511227
71,gCO2e emissions,30260548876.839638
72,gCO2e emissions,29140797443.841953
73,gCO2e emissions,27188855848.17969
74,gCO2e emissions,25940091092.1766
75,gCO2e emissions,24076894577.84662
0,gCO2e emissions,nil
1,gCO2e emissions,nil
2,gCO2e emissions,27353049806.35156
3,gCO2e emissions,45282374376.45222
4,gCO2e emissions,58890395274.98051
5,gCO2e emissions,52610840991.47939
6,gCO2e emissions,51018233617.35083
7,gCO2e emissions,50576221502.71103
8,gCO2e emissions,49655178884.585556
9,gCO2e emissions,49366006971.34002
10,gCO2e emissions,49556443020.91401
11,gCO2e emissions,50691426831.91324
12,gCO2e emissions,51817816591.78931
13,gCO2e emissions,54326000000.0
14,gCO2e emissions,50790000000.0
15,gCO2e emissions,46794200000.0
16,gCO2e emissions,42061000000.0
17,gCO2e emissions,40556900000.0
18,gCO2e emissions,40833300000.0
19,gCO2e emissions,41962300000.0
20,gCO2e emissions,42092000000.0
21,gCO2e emissions,40067000000.0
22,gCO2e emissions,36223000000.0
23,gCO2e emissions,34916000000.0
24,gCO2e emissions,33922000000.0
25,gCO2e emissions,34890600000.0
26,gCO2e emissions,33377100000.0
27,gCO2e emissions,34410000000.0
28,gCO2e emissions,36261200000.0
29,gCO2e emissions,37929700000.0
30,gCO2e emissions,37680800000.0
31,gCO2e emissions,38282200000.0
32,gCO2e emissions,40064710106.202545
33,gCO2e emissions,41801710106.202545
34,gCO2e emissions,43186510106.202545
35,gCO2e emissions,43425000000.0
36,gCO2e emissions,46369905008.77624
37,gCO2e emissions,48248000000.0
38,gCO2e emissions,51065100000.0
39,gCO2e emissions,50652800000.0
40,gCO2e emissions,49244300000.0
41,gCO2e emissions,49334700000.0
42,gCO2e emissions,51310000000.0
43,gCO2e emissions,51829500000.0
44,gCO2e emissions,50373700000.0
45,gCO2e emissions,47900200000.0
46,gCO2e emissions,44448000000.0
47,gCO2e emissions,43718000000.0
48,gCO2e emissions,42673000000.0
49,gCO2e emissions,41271000000.0
50,gCO2e emissions,9996908830.364048
51,gCO2e emissions,13458218900.07744
52,gCO2e emissions,15355400077.459297
53,gCO2e emissions,20318831330.059975
54,gCO2e emissions,21326886831.91323
55,gCO2e emissions,21546419833.702637
56,gCO2e emissions,19899985768.048515
57,gCO2e emissions,20141705446.83249
58,gCO2e emissions,19229747792.409
59,gCO2e emissions,18778658869.093746
60,gCO2e emissions,18037693106.119312
61,gCO2e emissions,18050007048.799404
62,gCO2e emissions,18722336434.679276
63,gCO2e emissions,20090656109.35006
64,gCO2e emissions,22006669432.355465
65,gCO2e emissions,23308272918.025475
66,gCO2e emissions,24212973186.892593
67,gCO2e emissions,26525235553.8342
68,gCO2e emissions,31250561580.170364
69,gCO2e emissions,30583054608.830334
70,gCO2e emissions,29675297998.396854
71,gCO2e emissions,26203408184.608887
72,gCO2e emissions,26463845391.16961
73,gCO2e emissions,27199901823.76227
74,gCO2e emissions,27089313013.16807
75,gCO2e emissions,27653687606.50654
76,gCO2e emissions,26972274903.175808
77,gCO2e emissions,25486503604.261242
78,gCO2e emissions,24437424970.69781
79,gCO2e emissions,23899406470.256584
80,gCO2e emissions,22678211647.69242
81,gCO2e emissions,21290724522.016853
82,gCO2e emissions,19384367931.835815
83,gCO2e emissions,19497912393.493458
84,gCO2e emissions,21178583501.161903
85,gCO2e emissions,21098115879.163464
86,gCO2e emissions,19508670495.94661
87,gCO2e emissions,17999340605.14375
88,gCO2e emissions,17173426605.040695
89,gCO2e emissions,19498509527.49809
90,gCO2e emissions,19915015879.163467
91,gCO2e emissions,21078209527.498096
92,gCO2e emissions,22144918455.887413
93,gCO2e emissions,23369417318.676517
94,gCO2e emissions,21036951057.38422
95,gCO2e emissions,20591587415.260483
96,gCO2e emissions,20988277149.49651
97,gCO2e emissions,23152885686.475986
98,gCO2e emissions,25938428108.556892
99,gCO2e emissions,26984799712.255646
100,gCO2e emissions,31367094422.927906
101,gCO2e emissions,32347387879.48686
102,gCO2e emissions,34087697215.577087
103,gCO2e emissions,34450516996.7782
104,gCO2e emissions,34372141164.09034
105,gCO2e emissions,34166526491.09211
106,gCO2e emissions,35320174198.25569
107,gCO2e emissions,38311748171.20563
108,gCO2e emissions,42811906584.04337
109,gCO2e emissions,44462873855.2343
110,gCO2e emissions,42282044074.36095
111,gCO2e emissions,41564666615.02711
112,gCO2e emissions,41195701859.024
113,gCO2e emissions,42057298373.35398
114,gCO2e emissions,41121743454.68628
115,gCO2e emissions,39592304725.019356
116,gCO2e emissions,39949120914.02013
117,gCO2e emissions,39553143454.686295
118,gCO2e emissions,39585749806.35166
119,gCO2e emissions,40558527265.68552
120,gCO2e emissions,39674127265.68551
121,gCO2e emissions,41321288536.01858
122,gCO2e emissions,39781843454.686295
123,gCO2e emissions,39453059643.687065
124,gCO2e emissions,39638082184.35322
125,gCO2e emissions,42001420914.02014
126,gCO2e emissions,42983904725.01937
127,gCO2e emissions,43437343454.686295
128,gCO2e emissions,43594020914.020134
129,gCO2e emissions,43755520914.02013
130,gCO2e emissions,43734137103.02091
131,gCO2e emissions,44656598373.35399
132,gCO2e emissions,45330430751.35554
133,gCO2e emissions,45402563129.35708
134,gCO2e emissions,43871624399.690155
135,gCO2e emissions,44982140588.69093
136,gCO2e emissions,45133456777.69171
137,gCO2e emissions,43610234237.02556
138,gCO2e emissions,43638889155.69325
139,gCO2e emissions,43679179318.35786
140,gCO2e emissions,43741956777.69173
141,gCO2e emissions,42203263129.35709
142,gCO2e emissions,41359292021.688614
143,gCO2e emissions,43095137103.02093
144,gCO2e emissions,42870614562.354774
145,gCO2e emissions,41723143454.6863
146,gCO2e emissions,40178437103.02091
147,gCO2e emissions,38888940588.690926
148,gCO2e emissions,38007470100.69712
149,gCO2e emissions,37377516421.37876
150,gCO2e emissions,37255659876.06505
151,gCO2e emissions,33992781678.62701
152,gCO2e emissions,30796802943.454666
153,gCO2e emissions,29581799070.487953
154,gCO2e emissions,30283488845.855896
155,gCO2e emissions,28710310999.22538
156,gCO2e emissions,25321091556.932587
157,gCO2e emissions,24816236870.642868
158,gCO2e emissions,26302937266.16593
159,gCO2e emissions,25770793880.712605
160,gCO2e emissions,22854335089.078236
161,gCO2e emissions,23487962623.630867
162,gCO2e emissions,22366508944.31253
163,gCO2e emissions,23976088372.599922
164,gCO2e emissions,24627907048.799377
165,gCO2e emissions,26437888613.4779
166,gCO2e emissions,24732750503.48565
167,gCO2e emissions,24386747637.490295
168,gCO2e emissions,25897686367.157234
169,gCO2e emissions,25823606041.82803
170,gCO2e emissions,26807380015.49184
171,gCO2e emissions,25749951123.160324
172,gCO2e emissions,27015581809.396103
173,gCO2e emissions,25179041905.499588
174,gCO2e emissions,23397999690.16266
175,gCO2e emissions,24213800309.837322
176,gCO2e emissions,23070248257.16497
177,gCO2e emissions,24723012393.493427
178,gCO2e emissions,24414031448.489555
179,gCO2e emissions,24082915259.488743
180,gCO2e emissions,23287186367.15724
181,gCO2e emissions,24573769269.210365
182,gCO2e emissions,23129831159.21815
183,gCO2e emissions,22699792763.69
184,gCO2e emissions,21133013339.45819
185,gCO2e emissions,22381922948.528774
186,gCO2e emissions,23649706368.11816
187,gCO2e emissions,23858025423.11425
188,gCO2e emissions,25043618125.4841
189,gCO2e emissions,22768934867.70219
190,gCO2e emissions,23955379949.03446
191,gCO2e emissions,23574625141.01023
192,gCO2e emissions,23948442231.789684
193,gCO2e emissions,23430058958.52476
194,gCO2e emissions,23502803502.122757
195,gCO2e emissions,24452609625.52331
196,gCO2e emissions,25500916886.13475
197,gCO2e emissions,23801735321.456207
198,gCO2e emissions,24201414407.43607
199,gCO2e emissions,23101399845.0813
200,gCO2e emissions,26216685054.461723
201,gCO2e emissions,26985253605.074867
202,gCO2e emissions,26933986259.729645
203,gCO2e emissions,27094589310.611877
0,gCO2e emissions,nil
1,gCO2e emissions,nil
2,gCO2e emissions,26712819084.541782
3,gCO2e emissions,45935399206.42793
4,gCO2e emissions,59399120855.71279
5,gCO2e emissions,56437302881.48711
6,gCO2e emissions,53038507193.204346
7,gCO2e emissions,52790023155.03894
8,gCO2e emissions,50666592731.80786
9,gCO2e emissions,50723956198.61935
10,gCO2e emissions,49040948056.4272
11,gCO2e emissions,51396309595.62743
12,gCO2e emissions,53410156613.81095
13,gCO2e emissions,56258130318.60762
14,gCO2e emissions,51369900000.0
15,gCO2e emissions,46287600000.0
16,gCO2e emissions,41909510106.202545
17,gCO2e emissions,39010620212.40508
18,gCO2e emissions,41104040424.810165
19,gCO2e emissions,40191020212.40508
20,gCO2e emissions,41787050531.01271
21,gCO2e emissions,37912023069.21918
0,gCO2e emissions,nil
1,gCO2e emissions,nil
2,gCO2e emissions,26841352493.471474
3,gCO2e emissions,44551375374.43146
4,gCO2e emissions,58791140230.532745
5,gCO2e emissions,54905609419.054924
6,gCO2e emissions,51231765238.59322
7,gCO2e emissions,51113152318.376366
8,gCO2e emissions,49629001289.19159
9,gCO2e emissions,50120679286.25973
10,gCO2e emissions,50840930452.529015
11,gCO2e emissions,52076046918.53825
12,gCO2e emissions,54093733047.51849
13,gCO2e emissions,53904040424.810165
14,gCO2e emissions,50752060637.215256
15,gCO2e emissions,45386930318.60762
16,gCO2e emissions,42990120212.40509
17,gCO2e emissions,42705620212.40508
18,gCO2e emissions,43462320212.40508
19,gCO2e emissions,43952030318.60762
20,gCO2e emissions,41330000000.0
21,gCO2e emissions,38643040424.810165
22,gCO2e emissions,35941000000.0
23,gCO2e emissions,34010000000.0
24,gCO2e emissions,34279000000.0
25,gCO2e emissions,34995520212.40508
26,gCO2e emissions,37525710106.202545
27,gCO2e emissions,38166220212.40508
28,gCO2e emissions,39291220212.40508
29,gCO2e emissions,37378210106.202545
30,gCO2e emissions,38781710106.202545
31,gCO2e emissions,38228240424.810165
32,gCO2e emissions,40083230318.60763
33,gCO2e emissions,40806120212.40508
34,gCO2e emissions,43765420212.40508
35,gCO2e emissions,45214710106.202545
36,gCO2e emissions,46634020212.40509
37,gCO2e emissions,46957100000.0
38,gCO2e emissions,47855120212.40508
39,gCO2e emissions,48468100000.0
40,gCO2e emissions,49606130318.60762
41,gCO2e emissions,53254910106.202545
42,gCO2e emissions,51152420212.40508
43,gCO2e emissions,50700820212.40509
44,gCO2e emissions,45955540424.810165
45,gCO2e emissions,45168820212.40509
46,gCO2e emissions,43443410106.202545
47,gCO2e emissions,41917300000.0
48,gCO2e emissions,40291030318.60763
49,gCO2e emissions,11132030318.607624
50,gCO2e emissions,9226229165.311829
51,gCO2e emissions,13883334823.588528
52,gCO2e emissions,18287116531.743595
53,gCO2e emissions,23933408308.87635
54,gCO2e emissions,23583567622.68967
55,gCO2e emissions,24931525785.849007
56,gCO2e emissions,22371024091.23533
57,gCO2e emissions,22093324596.06409
58,gCO2e emissions,19764464218.59221
59,gCO2e emissions,17750594378.374172
60,gCO2e emissions,16156880819.730503
61,gCO2e emissions,15854388887.67912
62,gCO2e emissions,16725761312.317951
63,gCO2e emissions,16971577183.946278
64,gCO2e emissions,18892081912.54925
65,gCO2e emissions,20553424927.526524
66,gCO2e emissions,24143317816.82315
67,gCO2e emissions,24509514681.96063
68,gCO2e emissions,27345875471.776207
69,gCO2e emissions,26717279046.55388
70,gCO2e emissions,28550214661.55638
71,gCO2e emissions,27863199786.148514
72,gCO2e emissions,28493234939.2874
73,gCO2e emissions,26944465319.637318
74,gCO2e emissions,27349922736.672207
75,gCO2e emissions,26587108443.92032
76,gCO2e emissions,26073441747.482414
77,gCO2e emissions,24292985654.585125
78,gCO2e emissions,22913156710.164677
79,gCO2e emissions,21494800380.084946
80,gCO2e emissions,20913765724.07806
81,gCO2e emissions,20806549089.82807
82,gCO2e emissions,20085312268.705135
83,gCO2e emissions,19754761564.89402
84,gCO2e emissions,18793508248.884464
85,gCO2e emissions,20625190816.950714
86,gCO2e emissions,21127181937.066685
87,gCO2e emissions,20495610903.43561
88,gCO2e emissions,18760371782.35886
89,gCO2e emissions,17244727124.12111
90,gCO2e emissions,19073997151.795483
91,gCO2e emissions,20449761711.424633
92,gCO2e emissions,20858689394.258255
93,gCO2e emissions,20708699697.0409
94,gCO2e emissions,20584358101.378613
95,gCO2e emissions,20851538849.802395
96,gCO2e emissions,21185486388.89955
97,gCO2e emissions,21439697946.79304
98,gCO2e emissions,21896512419.187202
99,gCO2e emissions,22361296290.663418
100,gCO2e emissions,23741504595.47108
101,gCO2e emissions,27606468853.812634
102,gCO2e emissions,30182119997.009342
103,gCO2e emissions,33194424615.777027
104,gCO2e emissions,33257617187.907383
105,gCO2e emissions,36025076827.481255
106,gCO2e emissions,37139454099.15264
107,gCO2e emissions,38323040919.0942
108,gCO2e emissions,38683451045.701004
109,gCO2e emissions,40047947560.030975
110,gCO2e emissions,38837299261.895805
111,gCO2e emissions,40527393961.91729
112,gCO2e emissions,41384277381.50665
113,gCO2e emissions,43414726486.243256
114,gCO2e emissions,42945434774.75985
115,gCO2e emissions,40764853292.02169
116,gCO2e emissions,40235382184.35322
117,gCO2e emissions,40598568852.166534
118,gCO2e emissions,40822104725.01937
119,gCO2e emissions,40298792457.07826
120,gCO2e emissions,40383003196.39865
121,gCO2e emissions,40897676101.55498
122,gCO2e emissions,42148951501.49491
123,gCO2e emissions,40913683879.49646
124,gCO2e emissions,39920312642.32417
125,gCO2e emissions,38381758115.06634
126,gCO2e emissions,39269546072.01258
127,gCO2e emissions,40872788804.885735
128,gCO2e emissions,42934439969.016266
129,gCO2e emissions,42591133886.21804
130,gCO2e emissions,42161601239.34934
131,gCO2e emissions,40344721451.75443
132,gCO2e emissions,40502598911.08828
133,gCO2e emissions,41496959166.7532
134,gCO2e emissions,43383737640.7552
135,gCO2e emissions,43314439206.394646
136,gCO2e emissions,42951388433.673965
137,gCO2e emissions,41090077936.06156
138,gCO2e emissions,42114080264.322624
139,gCO2e emissions,41945202934.49259
140,gCO2e emissions,42023451909.7254
141,gCO2e emissions,41652494662.79663
142,gCO2e emissions,41245710599.75087
143,gCO2e emissions,43054526788.75165
144,gCO2e emissions,42238862509.68242
145,gCO2e emissions,43010540237.883415
146,gCO2e emissions,43430481564.67855
147,gCO2e emissions,42233597113.60039
148,gCO2e emissions,39905046214.75338
149,gCO2e emissions,38335777129.253944
150,gCO2e emissions,37157904146.270386
151,gCO2e emissions,34797229414.304306
152,gCO2e emissions,31414383823.132614
153,gCO2e emissions,28753171838.031345
154,gCO2e emissions,27068660887.796345
155,gCO2e emissions,25214894566.683376
156,gCO2e emissions,23202665532.14064
157,gCO2e emissions,22884282793.762074
158,gCO2e emissions,21551506341.722984
159,gCO2e emissions,24351918091.921684
160,gCO2e emissions,23612037994.65113
161,gCO2e emissions,22628821381.541176
162,gCO2e emissions,19909743807.361446
163,gCO2e emissions,20923810247.96307
164,gCO2e emissions,23126412013.560066
165,gCO2e emissions,24113307153.496677
166,gCO2e emissions,22698929050.706497
167,gCO2e emissions,24917957416.584145
168,gCO2e emissions,25184756474.203
169,gCO2e emissions,25943578237.1773
170,gCO2e emissions,23683576028.081497
171,gCO2e emissions,24503420680.98523
172,gCO2e emissions,24718963909.44609
173,gCO2e emissions,25531783821.299335
174,gCO2e emissions,26747788358.656223
175,gCO2e emissions,26618163294.89928
176,gCO2e emissions,25490286085.778725
177,gCO2e emissions,23557568707.47815
178,gCO2e emissions,23307157156.428516
179,gCO2e emissions,23042711524.124954
180,gCO2e emissions,22091369431.330708
181,gCO2e emissions,24395603354.773605
182,gCO2e emissions,24770622702.41856
183,gCO2e emissions,25788655256.802143
184,gCO2e emissions,24055967580.20965
185,gCO2e emissions,24034729058.13966
186,gCO2e emissions,23557081568.619934
187,gCO2e emissions,24972057336.39418
188,gCO2e emissions,24425017815.798374
189,gCO2e emissions,24046972000.151672
190,gCO2e emissions,21891912471.84006
191,gCO2e emissions,20494943549.48569
192,gCO2e emissions,21801742729.647278
193,gCO2e emissions,20569212258.439342
194,gCO2e emissions,20231895531.704292
195,gCO2e emissions,20572438207.36065
196,gCO2e emissions,24106200978.21336
197,gCO2e emissions,26903937828.45203
198,gCO2e emissions,25477873439.34136
199,gCO2e emissions,23306607093.181396
200,gCO2e emissions,23228135295.590626
201,gCO2e emissions,24792815220.062748
202,gCO2e emissions,26179145690.741177
203,gCO2e emissions,27016732643.976276
204,gCO2e emissions,29488909733.31915
205,gCO2e emissions,30937220544.19083
206,gCO2e emissions,32904026639.490345
207,gCO2e emissions,33290275748.016754
208,gCO2e emissions,34284485457.417957
209,gCO2e emissions,35353889547.426476
210,gCO2e emissions,35069512768.77388
211,gCO2e emissions,37700844172.7096
212,gCO2e emissions,38243701191.37357
213,gCO2e emissions,39423354336.33511
214,gCO2e emissions,37589642504.93173
215,gCO2e emissions,37177751453.72532
216,gCO2e emissions,37007532684.416954
217,gCO2e emissions,38156034127.513664
218,gCO2e emissions,38626424522.02671
219,gCO2e emissions,39690319222.048195
220,gCO2e emissions,40351398638.43134
221,gCO2e emissions,39595360439.53761
222,gCO2e emissions,38600653805.768105
223,gCO2e emissions,37344099364.03428
224,gCO2e emissions,37174733148.113846
225,gCO2e emissions,38804750136.754944
226,gCO2e emissions,40514930213.41509
227,gCO2e emissions,42933315821.90218
228,gCO2e emissions,44454813102.23127
229,gCO2e emissions,42754955371.407524
230,gCO2e emissions,41368562448.67586
231,gCO2e emissions,40318409037.96101
232,gCO2e emissions,42315263717.140915
233,gCO2e emissions,41900516764.283325
234,gCO2e emissions,42676270117.31158
235,gCO2e emissions,42309906641.26017
236,gCO2e emissions,42005858705.155495
237,gCO2e emissions,42400929536.317474
238,gCO2e emissions,41988400057.74632
239,gCO2e emissions,42274809620.61697
240,gCO2e emissions,39817749619.21874
241,gCO2e emissions,38672223221.670784
242,gCO2e emissions,39258648147.8148
243,gCO2e emissions,40968221461.20163
244,gCO2e emissions,40871153716.66045
245,gCO2e emissions,37978744959.31915
246,gCO2e emissions,35167504023.93386
247,gCO2e emissions,35630786428.85507
248,gCO2e emissions,38260811786.80511
249,gCO2e emissions,37186812900.23426
250,gCO2e emissions,36166711880.232086
251,gCO2e emissions,36608330682.97551
252,gCO2e emissions,35512785703.78169
253,gCO2e emissions,34066354401.984425
254,gCO2e emissions,30169825094.255184
255,gCO2e emissions,29530531136.244904
256,gCO2e emissions,29076618151.545757
257,gCO2e emissions,28347741642.289856
258,gCO2e emissions,27834186964.917763
259,gCO2e emissions,26367933604.516125
260,gCO2e emissions,26198586729.80913
261,gCO2e emissions,24079791417.80978
262,gCO2e emissions,24509494756.94922
263,gCO2e emissions,23597709035.366608
264,gCO2e emissions,25144944370.015373
265,gCO2e emissions,25053710808.866623
266,gCO2e emissions,25634409503.176685
267,gCO2e emissions,24467763101.290398
268,gCO2e emissions,24052651677.91132
269,gCO2e emissions,24009180440.532845
270,gCO2e emissions,23884370391.547096
271,gCO2e emissions,23674183837.095226
272,gCO2e emissions,22268173109.2615
273,gCO2e emissions,22166588463.559784
274,gCO2e emissions,20566167271.754852
275,gCO2e emissions,20459682766.837387
276,gCO2e emissions,20166764581.93539
277,gCO2e emissions,22581839818.936398
278,gCO2e emissions,22266363696.97718
279,gCO2e emissions,20987148682.205986
280,gCO2e emissions,18432141775.985706
281,gCO2e emissions,17986347702.806164
282,gCO2e emissions,19914528918.427544
283,gCO2e emissions,21077643822.142647
284,gCO2e emissions,22274345927.26675
285,gCO2e emissions,23011488463.55978
286,gCO2e emissions,23274500035.568634
287,gCO2e emissions,23177560018.31068
288,gCO2e emissions,22812495190.020565
289,gCO2e emissions,24087244062.90872
290,gCO2e emissions,23821116773.235317
291,gCO2e emissions,23559015100.1234
292,gCO2e emissions,22634811414.289646
293,gCO2e emissions,23405547955.05883
294,gCO2e emissions,23452313460.446556
295,gCO2e emissions,22597413317.705776
296,gCO2e emissions,22767834741.359127
297,gCO2e emissions,21714056643.696754
298,gCO2e emissions,22355433006.422066
299,gCO2e emissions,21779357821.71612
300,gCO2e emissions,23222419295.79658
301,gCO2e emissions,23154996335.61948
302,gCO2e emissions,23521245924.66341
303,gCO2e emissions,24254441129.19026
304,gCO2e emissions,25450753342.556267
305,gCO2e emissions,23600359278.294376
306,gCO2e emissions,24119186279.917202
307,gCO2e emissions,23559998619.409595
308,gCO2e emissions,25378958401.930428
309,gCO2e emissions,27313934690.824486
310,gCO2e emissions,28789761621.787373
311,gCO2e emissions,31155956607.702785
312,gCO2e emissions,31614782409.35777
313,gCO2e emissions,32880559998.40159
314,gCO2e emissions,32416403677.23951
315,gCO2e emissions,35266276884.90425
316,gCO2e emissions,36618568527.684296
317,gCO2e emissions,37263589179.74089
318,gCO2e emissions,35706887085.54845
319,gCO2e emissions,34943651967.6779
320,gCO2e emissions,36657122989.82235
321,gCO2e emissions,38666005235.18214
322,gCO2e emissions,39679131926.71668
323,gCO2e emissions,38693216165.73183
324,gCO2e emissions,38396792620.95903
325,gCO2e emissions,37879252485.2141
326,gCO2e emissions,36657142276.66693
327,gCO2e emissions,35437114415.82417
328,gCO2e emissions,36340435663.30177
329,gCO2e emissions,37353395978.44617
330,gCO2e emissions,35732189010.4836
331,gCO2e emissions,33897776055.106316
332,gCO2e emissions,34115511551.149742
333,gCO2e emissions,34950070814.607285
334,gCO2e emissions,35652879477.713104
335,gCO2e emissions,35285430893.89017
336,gCO2e emissions,34565338474.54953
337,gCO2e emissions,34493665552.572556
338,gCO2e emissions,34080159715.272396
339,gCO2e emissions,35095945909.9991
340,gCO2e emissions,36452830478.6986
341,gCO2e emissions,36150100803.547356
342,gCO2e emissions,34686897143.24568
343,gCO2e emissions,32531839182.819515
344,gCO2e emissions,33034914367.318974
345,gCO2e emissions,33411397477.438744
346,gCO2e emissions,33592932293.00709
347,gCO2e emissions,34291842558.771053
348,gCO2e emissions,34894460508.241005
349,gCO2e emissions,35955432398.72919
350,gCO2e emissions,36619511835.31042
351,gCO2e emissions,35038816617.75271
352,gCO2e emissions,34823597722.31801
353,gCO2e emissions,33394391207.50759
354,gCO2e emissions,31367693392.82169
355,gCO2e emissions,32365971737.113728
356,gCO2e emissions,29597865697.89957
357,gCO2e emissions,29119500632.22084
358,gCO2e emissions,26148604661.075905
359,gCO2e emissions,24941290816.744522
360,gCO2e emissions,23253679345.802017
361,gCO2e emissions,23721448346.30699
362,gCO2e emissions,23152189722.945477
363,gCO2e emissions,22712758269.4898
364,gCO2e emissions,21991723718.792316
365,gCO2e emissions,23139121875.780754
366,gCO2e emissions,22500619596.025017
367,gCO2e emissions,20469790276.80914
368,gCO2e emissions,18520291638.701195
369,gCO2e emissions,19845889820.809086
370,gCO2e emissions,20370280460.40756
371,gCO2e emissions,22885148579.537945
372,gCO2e emissions,22560271457.77464
373,gCO2e emissions,22924901072.125458
374,gCO2e emissions,21435358945.690006
375,gCO2e emissions,21815206214.086815
376,gCO2e emissions,22451266456.51471
377,gCO2e emissions,22235401114.27202
378,gCO2e emissions,22614794191.437298
379,gCO2e emissions,21954494757.478806
380,gCO2e emissions,21832794957.43637
381,gCO2e emissions,22152566419.702194
382,gCO2e emissions,22377480159.64955
383,gCO2e emissions,22508611630.538284
384,gCO2e emissions,22521622964.809692
385,gCO2e emissions,21849947377.001137
386,gCO2e emissions,22110401171.69494
387,gCO2e emissions,20659146948.572594
388,gCO2e emissions,21913246182.57351
389,gCO2e emissions,23629325224.367382
390,gCO2e emissions,24781189143.71146
391,gCO2e emissions,23124212324.45652
392,gCO2e emissions,22185015835.658623
393,gCO2e emissions,21195762497.700623
394,gCO2e emissions,22805159097.5546
395,gCO2e emissions,22859792775.912075
396,gCO2e emissions,23285914888.14964
397,gCO2e emissions,21919386390.81163
398,gCO2e emissions,23410818208.105675
399,gCO2e emissions,21422475406.52912
400,gCO2e emissions,21188911040.185516
401,gCO2e emissions,19851827924.93778
402,gCO2e emissions,20140823676.852276
403,gCO2e emissions,20063832666.248196
404,gCO2e emissions,22056335198.256634
405,gCO2e emissions,23473922596.534782
406,gCO2e emissions,23265741248.8406
407,gCO2e emissions,25006292166.341488
408,gCO2e emissions,24928840426.722225
409,gCO2e emissions,25830915251.851715
410,gCO2e emissions,25803636901.670692
411,gCO2e emissions,26850200861.82325
412,gCO2e emissions,28610888167.410137
413,gCO2e emissions,28735037784.555107
414,gCO2e emissions,29178389135.612385
415,gCO2e emissions,31265742525.86552
416,gCO2e emissions,32919401239.672714
417,gCO2e emissions,33336264984.591293
418,gCO2e emissions,30853945681.13228
419,gCO2e emissions,30752040455.191174
420,gCO2e emissions,32457085768.371914
421,gCO2e emissions,32548498451.504585
422,gCO2e emissions,33806182653.913666
423,gCO2e emissions,34657831384.06103
424,gCO2e emissions,34432323987.66989
425,gCO2e emissions,32328214664.28707
0,gCO2e emissions,nil
1,gCO2e emissions,nil
2,gCO2e emissions,27376875218.602024
3,gCO2e emissions,46467594015.33461
4,gCO2e emissions,60562928510.01295
5,gCO2e emissions,55869054314.484795
6,gCO2e emissions,51151569481.02239
7,gCO2e emissions,49310600885.378685
8,gCO2e emissions,49876405704.00577
9,gCO2e emissions,49681539656.74658
10,gCO2e emissions,50152047933.8845
11,gCO2e emissions,52217182909.01427
12,gCO2e emissions,55492933047.51849
13,gCO2e emissions,55626935375.77956
14,gCO2e emissions,49106720212.40508
15,gCO2e emissions,42517430318.60763
16,gCO2e emissions,40297900000.0
17,gCO2e emissions,35841210106.202545
18,gCO2e emissions,36635320212.40508
19,gCO2e emissions,37440300000.0
20,gCO2e emissions,39538010106.202545
21,gCO2e emissions,37031020212.40508
22,gCO2e emissions,35607000000.0
23,gCO2e emissions,34829000000.0
24,gCO2e emissions,34901000000.0
25,gCO2e emissions,35496320212.40508
26,gCO2e emissions,34532730318.60762
27,gCO2e emissions,34850620212.40508
28,gCO2e emissions,36032020212.40508
29,gCO2e emissions,36163310106.202545
30,gCO2e emissions,36265900000.0
31,gCO2e emissions,37209740424.810165
32,gCO2e emissions,39479510106.202545
33,gCO2e emissions,41027900000.0
34,gCO2e emissions,41712120212.40508
35,gCO2e emissions,46121920212.40508
36,gCO2e emissions,49057240424.810165
37,gCO2e emissions,50841220212.40508
38,gCO2e emissions,51597130318.60763
39,gCO2e emissions,52944020212.40509
40,gCO2e emissions,52637300000.0
41,gCO2e emissions,51231600000.0
42,gCO2e emissions,51468420212.40509
43,gCO2e emissions,50784700000.0
44,gCO2e emissions,50477720212.40509
45,gCO2e emissions,48160000000.0
46,gCO2e emissions,45725320212.40508
47,gCO2e emissions,41300900000.0
48,gCO2e emissions,41421320212.40508
49,gCO2e emissions,39633040424.810165
50,gCO2e emissions,32741553149.074654
51,gCO2e emissions,26146825149.398197
52,gCO2e emissions,14959744681.857737
53,gCO2e emissions,11737417750.688686
54,gCO2e emissions,14984298145.044691
55,gCO2e emissions,17506554303.797485
56,gCO2e emissions,19603452599.32426
57,gCO2e emissions,19863625913.240654
58,gCO2e emissions,19789162726.990166
59,gCO2e emissions,17929794135.039104
60,gCO2e emissions,18791398574.370697
61,gCO2e emissions,20304660121.473907
62,gCO2e emissions,21279282090.76454
63,gCO2e emissions,21811461715.214405
64,gCO2e emissions,22947845631.935726
65,gCO2e emissions,25571533357.033504
66,gCO2e emissions,28759071109.05096
67,gCO2e emissions,28660470114.580887
68,gCO2e emissions,28236445702.38945
69,gCO2e emissions,28504132379.38401
70,gCO2e emissions,30925090000.90202
71,gCO2e emissions,32473874394.557266
72,gCO2e emissions,31776200584.038433
73,gCO2e emissions,28510072865.936493
74,gCO2e emissions,27413907718.523563
75,gCO2e emissions,25459021812.862076
76,gCO2e emissions,26355927841.820984
77,gCO2e emissions,26286715101.47155
78,gCO2e emissions,24147284977.693684
79,gCO2e emissions,22935698463.84414
80,gCO2e emissions,20085503555.755947
81,gCO2e emissions,20561452477.149414
82,gCO2e emissions,19513713087.205513
83,gCO2e emissions,20077619707.73803
84,gCO2e emissions,18745835297.262222
85,gCO2e emissions,17702517828.309784
86,gCO2e emissions,18115249440.31223
87,gCO2e emissions,19144702772.93621
88,gCO2e emissions,17750631045.5931
89,gCO2e emissions,19049325354.204727
90,gCO2e emissions,17861624571.38502
91,gCO2e emissions,18532369269.210423
92,gCO2e emissions,19625791846.895264
93,gCO2e emissions,21573766619.993267
94,gCO2e emissions,22183609818.313656
95,gCO2e emissions,21281199035.013535
96,gCO2e emissions,22365286849.21901
97,gCO2e emissions,24052233230.907185
98,gCO2e emissions,27292783016.53118
99,gCO2e emissions,28581197798.92439
100,gCO2e emissions,30007347695.07496
101,gCO2e emissions,28021920234.03014
102,gCO2e emissions,27900211273.426517
103,gCO2e emissions,30103086135.1026
104,gCO2e emissions,32409280504.926964
105,gCO2e emissions,35636346536.7685
106,gCO2e emissions,35912895678.72999
107,gCO2e emissions,37114831126.4743
108,gCO2e emissions,37788219035.12142
109,gCO2e emissions,38725501712.493416
110,gCO2e emissions,39068599258.312164
111,gCO2e emissions,39869722728.12247
112,gCO2e emissions,39777115610.457985
113,gCO2e emissions,40340136585.48471
114,gCO2e emissions,40293960532.22887
115,gCO2e emissions,38245309368.098335
116,gCO2e emissions,38117144602.91398
117,gCO2e emissions,37146674124.10144
118,gCO2e emissions,38578488784.48148
119,gCO2e emissions,38489890618.98806
120,gCO2e emissions,38604293179.09758
121,gCO2e emissions,37897928154.22733
122,gCO2e emissions,37413103285.30011
123,gCO2e emissions,37350211696.359406
124,gCO2e emissions,37406470638.43141
125,gCO2e emissions,37847476990.096794
126,gCO2e emissions,39249421802.56195
127,gCO2e emissions,40044934237.02557
128,gCO2e emissions,42192099261.895805
129,gCO2e emissions,41951560532.22888
130,gCO2e emissions,42926979318.35785
131,gCO2e emissions,40115542014.96703
132,gCO2e emissions,41030176990.096794
133,gCO2e emissions,42079693179.09757
134,gCO2e emissions,43989749540.86199
135,gCO2e emissions,43722221802.56195
136,gCO2e emissions,43198828423.09447
137,gCO2e emissions,42370402127.89116
138,gCO2e emissions,43638739580.98388
139,gCO2e emissions,43264037103.02091
140,gCO2e emissions,42005877527.831085
141,gCO2e emissions,40882257584.293144
142,gCO2e emissions,39237880010.05592
143,gCO2e emissions,40788922357.11685
144,gCO2e emissions,39028443454.686295
145,gCO2e emissions,39453141126.425224
146,gCO2e emissions,38023491667.29746
147,gCO2e emissions,39895078181.14698
148,gCO2e emissions,39077762880.68803
149,gCO2e emissions,38464774638.05401
150,gCO2e emissions,36642581752.134834
151,gCO2e emissions,34248364576.566967
152,gCO2e emissions,33397339377.76604
153,gCO2e emissions,29759766639.86795
154,gCO2e emissions,29668609866.08323
155,gCO2e emissions,27363820115.76228
156,gCO2e emissions,24681663134.85277
157,gCO2e emissions,24507046701.29613
158,gCO2e emissions,24121948197.011364
159,gCO2e emissions,24755163061.6683
160,gCO2e emissions,24208728824.96618
161,gCO2e emissions,24293546335.256657
162,gCO2e emissions,24522655360.450447
163,gCO2e emissions,23621264040.170765
164,gCO2e emissions,22905761651.109257
165,gCO2e emissions,22059936461.22597
166,gCO2e emissions,21817373204.464252
167,gCO2e emissions,23026781835.94285
168,gCO2e emissions,25505802913.314186
169,gCO2e emissions,27114314959.7454
170,gCO2e emissions,25975572903.96989
171,gCO2e emissions,24283739548.318867
172,gCO2e emissions,23286449474.761932
173,gCO2e emissions,23964469346.012833
174,gCO2e emissions,23579734851.400578
175,gCO2e emissions,24773584090.1665
176,gCO2e emissions,23257277816.122185
177,gCO2e emissions,22297274221.146423
178,gCO2e emissions,20651754948.902336
179,gCO2e emissions,20552521491.376476
180,gCO2e emissions,19794768855.841988
181,gCO2e emissions,18465753283.138424
182,gCO2e emissions,19412867281.491085
183,gCO2e emissions,21490803148.746277
184,gCO2e emissions,22309143692.72169
185,gCO2e emissions,22515360135.519363
186,gCO2e emissions,20507269353.180126
187,gCO2e emissions,21276024574.15002
188,gCO2e emissions,21130093990.052727
189,gCO2e emissions,22591748448.607162
190,gCO2e emissions,22809123366.485363
191,gCO2e emissions,22814099928.359764
192,gCO2e emissions,22820290653.482265
193,gCO2e emissions,23181724051.485996
194,gCO2e emissions,23076769084.312965
195,gCO2e emissions,23144346844.19864
196,gCO2e emissions,21405919925.737057
197,gCO2e emissions,21093424960.43204
198,gCO2e emissions,21289253461.353706
199,gCO2e emissions,22422442347.65026
200,gCO2e emissions,24013828642.15261
201,gCO2e emissions,24653571652.810528
202,gCO2e emissions,25625961325.51039
203,gCO2e emissions,25747072169.817146
204,gCO2e emissions,25287291200.50203
205,gCO2e emissions,25776264227.671535
206,gCO2e emissions,28408049171.76843
207,gCO2e emissions,29029085899.67052
208,gCO2e emissions,30213992727.534046
209,gCO2e emissions,28415899995.312748
210,gCO2e emissions,29407398398.194782
211,gCO2e emissions,30472916217.21903
212,gCO2e emissions,33528131814.58875
213,gCO2e emissions,35025011206.71808
214,gCO2e emissions,34793373899.9498
215,gCO2e emissions,35111178477.90902
216,gCO2e emissions,35807468779.936966
217,gCO2e emissions,36249352236.54503
218,gCO2e emissions,35411894475.6637
219,gCO2e emissions,35755314770.21532
220,gCO2e emissions,36657418647.2952
221,gCO2e emissions,36992849496.676025
222,gCO2e emissions,37584968425.5458
223,gCO2e emissions,38393175560.0309
224,gCO2e emissions,37380145653.03123
225,gCO2e emissions,37867362233.44184
226,gCO2e emissions,38202803029.4638
227,gCO2e emissions,40334993546.519554
228,gCO2e emissions,42144667642.726105
229,gCO2e emissions,42512038358.98472
230,gCO2e emissions,41747211692.569626
231,gCO2e emissions,40009784866.59312
232,gCO2e emissions,40118889523.11525
233,gCO2e emissions,39880131493.36677
234,gCO2e emissions,39672386449.05318
235,gCO2e emissions,38017610555.35874
236,gCO2e emissions,37644019981.0862
237,gCO2e emissions,36551657593.74034
238,gCO2e emissions,37260363479.95844
239,gCO2e emissions,37359092494.83269
240,gCO2e emissions,38446489400.572525
241,gCO2e emissions,37346351693.2131
242,gCO2e emissions,36278215284.16789
243,gCO2e emissions,35739504292.80101
244,gCO2e emissions,36531440870.588905
245,gCO2e emissions,36461243450.8965
246,gCO2e emissions,35857840731.225555
247,gCO2e emissions,36469763728.6275
248,gCO2e emissions,36390843022.467926
249,gCO2e emissions,37395846190.76549
250,gCO2e emissions,38014932864.17645
251,gCO2e emissions,37550314395.419914
252,gCO2e emissions,37107486374.80959
253,gCO2e emissions,34491820502.73558
254,gCO2e emissions,34116972609.041077
255,gCO2e emissions,32676678777.15715
256,gCO2e emissions,32179767187.049416
257,gCO2e emissions,31864842947.450222
258,gCO2e emissions,31831596699.585148
259,gCO2e emissions,29327708575.70405
260,gCO2e emissions,27293439343.674065
261,gCO2e emissions,25725661239.399387
262,gCO2e emissions,25678468142.093506
263,gCO2e emissions,22467201718.842083
264,gCO2e emissions,21915764493.80801
265,gCO2e emissions,23307132837.619602
266,gCO2e emissions,25018841725.40661
267,gCO2e emissions,25730964637.07836
268,gCO2e emissions,23673286248.600353
269,gCO2e emissions,21650796672.175354
270,gCO2e emissions,19175624089.51935
271,gCO2e emissions,19439995980.007534
272,gCO2e emissions,19900582779.54481
273,gCO2e emissions,21244783688.49087
274,gCO2e emissions,23143838332.957417
275,gCO2e emissions,22666628569.65943
276,gCO2e emissions,21725524317.784157
277,gCO2e emissions,20797473675.245556
278,gCO2e emissions,21253606776.338505
279,gCO2e emissions,21875917880.59472
280,gCO2e emissions,23234783093.33364
281,gCO2e emissions,24032459638.12378
282,gCO2e emissions,23441821219.940315
283,gCO2e emissions,23431391944.910427
284,gCO2e emissions,22583663863.705856
285,gCO2e emissions,22979338106.23682
286,gCO2e emissions,22904177728.029182
287,gCO2e emissions,21702759472.673386
288,gCO2e emissions,21922516674.474308
289,gCO2e emissions,22472381601.731613
290,gCO2e emissions,22998375534.00361
291,gCO2e emissions,21827665394.159832
292,gCO2e emissions,20941107500.191063
293,gCO2e emissions,21427630148.3297
294,gCO2e emissions,22569845908.901913
295,gCO2e emissions,22738292945.533104
296,gCO2e emissions,22034658807.062405
297,gCO2e emissions,22026841534.690056
298,gCO2e emissions,20387035986.04246
299,gCO2e emissions,19235687276.29937
300,gCO2e emissions,18893270479.110554
301,gCO2e emissions,19039996835.320442
302,gCO2e emissions,20958519559.535877
303,gCO2e emissions,21455263740.839733
304,gCO2e emissions,22917864013.02688
305,gCO2e emissions,23241020953.80385
306,gCO2e emissions,24470476879.442886
307,gCO2e emissions,25642267054.608772
308,gCO2e emissions,27885623957.897263
309,gCO2e emissions,27473650100.912582
310,gCO2e emissions,28211314689.65743
311,gCO2e emissions,28282079241.38358
312,gCO2e emissions,30233755446.50402
313,gCO2e emissions,30804180751.027058
314,gCO2e emissions,34051671520.335503
315,gCO2e emissions,33881027779.961452
316,gCO2e emissions,33753023797.159485
317,gCO2e emissions,33473224457.43648
318,gCO2e emissions,37133189962.82423
319,gCO2e emissions,38536539333.05053
320,gCO2e emissions,40324685857.479546
321,gCO2e emissions,39107121737.97174
322,gCO2e emissions,38063860137.02921
323,gCO2e emissions,38491631615.90947
324,gCO2e emissions,39379668800.13505
325,gCO2e emissions,39479509698.50163
326,gCO2e emissions,36848069134.32812
327,gCO2e emissions,33540166945.43039
328,gCO2e emissions,35199274368.98071
329,gCO2e emissions,34733674491.52342
330,gCO2e emissions,36450415903.842575
331,gCO2e emissions,35546399983.70892
332,gCO2e emissions,35877987729.00482
333,gCO2e emissions,34109436581.6949
334,gCO2e emissions,34659639692.775696
335,gCO2e emissions,35315976094.18155
336,gCO2e emissions,36317073317.29384
337,gCO2e emissions,36095982425.64884
338,gCO2e emissions,37900185274.82359
339,gCO2e emissions,37572064671.008644
340,gCO2e emissions,36289111035.87625
341,gCO2e emissions,35074342296.865005
342,gCO2e emissions,35611471682.951004
343,gCO2e emissions,36065028313.582565
344,gCO2e emissions,35211900183.87268
345,gCO2e emissions,34485531228.08324
346,gCO2e emissions,34495782449.43056
347,gCO2e emissions,34677460691.58412
348,gCO2e emissions,34907646916.36844
349,gCO2e emissions,34510485935.10057
350,gCO2e emissions,35252428130.23944
351,gCO2e emissions,33948782677.695362
352,gCO2e emissions,34482908414.96631
353,gCO2e emissions,33188216560.535942
354,gCO2e emissions,33484193930.76214
355,gCO2e emissions,33097440843.017387
356,gCO2e emissions,29554470386.70828
357,gCO2e emissions,30273175185.76505
358,gCO2e emissions,28498911595.07388
359,gCO2e emissions,28291570921.388496
360,gCO2e emissions,26396907542.141518
361,gCO2e emissions,26631681505.05448
362,gCO2e emissions,25233330481.625347
363,gCO2e emissions,23874497810.76875
364,gCO2e emissions,23820680935.752724
365,gCO2e emissions,25509325735.716595
366,gCO2e emissions,24691742095.559242
367,gCO2e emissions,25257822344.811638
368,gCO2e emissions,25004428064.301075
369,gCO2e emissions,24974242398.391037
370,gCO2e emissions,23101844017.663647
371,gCO2e emissions,22254602861.916534
372,gCO2e emissions,23134651889.032093
373,gCO2e emissions,23571215899.234165
374,gCO2e emissions,24745457491.312817
375,gCO2e emissions,23777524488.096443
376,gCO2e emissions,23454154287.540787
377,gCO2e emissions,22905101450.298344
378,gCO2e emissions,21845312784.569767
379,gCO2e emissions,21119048225.146812
380,gCO2e emissions,21995124669.81249
381,gCO2e emissions,23630322235.829327
382,gCO2e emissions,23740182568.90911
383,gCO2e emissions,25847503340.39463
384,gCO2e emissions,23552939834.285564
385,gCO2e emissions,23449866582.847214
386,gCO2e emissions,20645030947.44048
387,gCO2e emissions,21077807047.187595
388,gCO2e emissions,22603322801.870834
389,gCO2e emissions,24831793644.255775
390,gCO2e emissions,25292110795.835777
391,gCO2e emissions,24420933351.572163
392,gCO2e emissions,21104577100.863865
393,gCO2e emissions,21206670712.179802
394,gCO2e emissions,21683453866.485645
395,gCO2e emissions,24021689021.37488
396,gCO2e emissions,24887848734.78002
397,gCO2e emissions,24510457071.8019
398,gCO2e emissions,24179140172.26843
399,gCO2e emissions,24177164865.019794
400,gCO2e emissions,24546871507.500782
401,gCO2e emissions,24313511251.83584
402,gCO2e emissions,24632244872.976524
403,gCO2e emissions,24154651476.894592
404,gCO2e emissions,23772650380.286037
405,gCO2e emissions,23583528805.988914
406,gCO2e emissions,23934620823.56435
407,gCO2e emissions,24764076125.73893
408,gCO2e emissions,25193344945.954815
409,gCO2e emissions,26685174428.315723
410,gCO2e emissions,28646666609.036186
411,gCO2e emissions,28327959375.996258
412,gCO2e emissions,27146512595.201347
413,gCO2e emissions,26570628327.672523
414,gCO2e emissions,27786631657.570908
415,gCO2e emissions,29741570359.13677
416,gCO2e emissions,30343216744.408623
417,gCO2e emissions,30078482429.762028
418,gCO2e emissions,30397727783.545105
419,gCO2e emissions,29766579110.82069
420,gCO2e emissions,31465756564.556885
421,gCO2e emissions,32722835476.16873
422,gCO2e emissions,33154832541.46998
423,gCO2e emissions,31827947984.669746
424,gCO2e emissions,32058661396.782806
425,gCO2e emissions,32427042627.474434
426,gCO2e emissions,31590326792.864826
427,gCO2e emissions,32154072657.016846
428,gCO2e emissions,32947590057.2659
429,gCO2e emissions,35903618932.776794
430,gCO2e emissions,35897483705.600525
431,gCO2e emissions,33061769828.040203
432,gCO2e emissions,32991766325.54956
433,gCO2e emissions,31302246113.144466
434,gCO2e emissions,32990201960.956295
435,gCO2e emissions,34029844836.57025
436,gCO2e emissions,37096252856.2197
437,gCO2e emissions,35724607615.32598
438,gCO2e emissions,34649372388.14969
439,gCO2e emissions,33644907737.868694
440,gCO2e emissions,35096079359.48975
441,gCO2e emissions,34997360471.01613
442,gCO2e emissions,32964137910.15189
443,gCO2e emissions,31463793257.248158
444,gCO2e emissions,30876867010.55015
445,gCO2e emissions,29665841358.80322
446,gCO2e emissions,31756257193.41284
447,gCO2e emissions,30314133743.80063
448,gCO2e emissions,29830042712.792297
449,gCO2e emissions,28589469501.750103
450,gCO2e emissions,30353325703.953106
451,gCO2e emissions,31612174270.95543
452,gCO2e emissions,33231527906.087826
453,gCO2e emissions,31744984696.280807
454,gCO2e emissions,29938014477.15414
455,gCO2e emissions,29595119899.675377
456,gCO2e emissions,29082443060.016197
457,gCO2e emissions,30342340976.840553
458,gCO2e emissions,26352229089.76459
459,gCO2e emissions,26381464630.729717
460,gCO2e emissions,26167017266.058014
461,gCO2e emissions,28628369849.297398
462,gCO2e emissions,28964804432.81111
463,gCO2e emissions,30448940892.37564
464,gCO2e emissions,27526308970.903732
465,gCO2e emissions,26738379629.73939
466,gCO2e emissions,24542264702.03643
467,gCO2e emissions,24273308833.820343
468,gCO2e emissions,22307734268.58292
469,gCO2e emissions,23200611084.2542
470,gCO2e emissions,24406431308.14591
471,gCO2e emissions,24488812236.329155
472,gCO2e emissions,23657602074.454056
473,gCO2e emissions,20923411002.843395
474,gCO2e emissions,20246592838.139484
475,gCO2e emissions,20174287124.802624
476,gCO2e emissions,19815069952.818413
477,gCO2e emissions,20090095110.81085
478,gCO2e emissions,19575078209.444122
479,gCO2e emissions,18558578955.245155
480,gCO2e emissions,19542187586.66628
481,gCO2e emissions,19637923524.375248
482,gCO2e emissions,20175627379.50666
483,gCO2e emissions,18812120391.346
484,gCO2e emissions,19934411565.095123
485,gCO2e emissions,21321269557.824905
486,gCO2e emissions,21701313128.98418
487,gCO2e emissions,20678399501.84328
488,gCO2e emissions,21535213967.393604
489,gCO2e emissions,20370283492.60203
490,gCO2e emissions,19992406660.91443
491,gCO2e emissions,19545837231.9123
492,gCO2e emissions,22090664078.086887
493,gCO2e emissions,21227886073.11576
494,gCO2e emissions,23199689504.946465
495,gCO2e emissions,23617503773.916653
496,gCO2e emissions,24100565240.82985
497,gCO2e emissions,22108164617.57154
498,gCO2e emissions,19102267164.44408
499,gCO2e emissions,18230649300.498146
500,gCO2e emissions,20811746743.97227
501,gCO2e emissions,21417043506.9713
502,gCO2e emissions,21962078522.703358
503,gCO2e emissions,19548598471.575336
504,gCO2e emissions,19085883863.284245
505,gCO2e emissions,19787457608.683243
506,gCO2e emissions,20434749585.65635
507,gCO2e emissions,20867374038.450104
508,gCO2e emissions,19568717786.197575
509,gCO2e emissions,18698866785.212086
510,gCO2e emissions,19282816281.564716
511,gCO2e emissions,21286416639.53951
512,gCO2e emissions,20329034097.2115
513,gCO2e emissions,22759909549.446537
514,gCO2e emissions,23806984827.04989
515,gCO2e emissions,26056808170.94001
516,gCO2e emissions,26110988251.18376
517,gCO2e emissions,26104497008.73124
518,gCO2e emissions,27546755347.9492
519,gCO2e emissions,28253567342.497646
520,gCO2e emissions,29744475972.168392
521,gCO2e emissions,30911917156.22274
522,gCO2e emissions,31059784227.24991
523,gCO2e emissions,28868804579.018314
524,gCO2e emissions,28156278038.729588
525,gCO2e emissions,29672505487.964397
526,gCO2e emissions,29448221823.28959
527,gCO2e emissions,28765547475.036522
528,gCO2e emissions,28798347157.66407
529,gCO2e emissions,29482804105.66808
530,gCO2e emissions,29608859395.54756
531,gCO2e emissions,29313608231.417027
532,gCO2e emissions,30415225594.64738
533,gCO2e emissions,29376199653.835213
534,gCO2e emissions,29237530169.022957
535,gCO2e emissions,27980675230.15719
536,gCO2e emissions,26543873541.975033
537,gCO2e emissions,24856500991.20984
538,gCO2e emissions,25177729492.131508
539,gCO2e emissions,25579924852.429996
540,gCO2e emissions,26171435472.585114
541,gCO2e emissions,26249126735.44188
542,gCO2e emissions,28056168453.646862
543,gCO2e emissions,26594120400.597126
544,gCO2e emissions,27872522108.97736
545,gCO2e emissions,26746495067.973026
546,gCO2e emissions,26324800619.998066
547,gCO2e emissions,25729032232.00051
548,gCO2e emissions,25180636218.386127
549,gCO2e emissions,25448066516.795654
550,gCO2e emissions,26164009820.838158
551,gCO2e emissions,25370912663.051815
552,gCO2e emissions,25619794928.609707
553,gCO2e emissions,26323709299.92451
554,gCO2e emissions,28190383379.310436
555,gCO2e emissions,28701361315.57816
556,gCO2e emissions,27133320894.14545
557,gCO2e emissions,26018492841.85043
558,gCO2e emissions,26008796327.52045
559,gCO2e emissions,25221635228.235397
560,gCO2e emissions,24075565363.499893
561,gCO2e emissions,21720214501.67158
562,gCO2e emissions,21432680697.187756
563,gCO2e emissions,21650609068.39946
564,gCO2e emissions,22435204865.029476
565,gCO2e emissions,22259223593.735504
566,gCO2e emissions,23770057960.471043
567,gCO2e emissions,23236001934.44392
568,gCO2e emissions,24121221017.541122
569,gCO2e emissions,21940390735.746033
570,gCO2e emissions,19838132559.67312
571,gCO2e emissions,19366518127.557896
572,gCO2e emissions,19120767620.12074
573,gCO2e emissions,21174018531.998585
574,gCO2e emissions,19854638900.38145
575,gCO2e emissions,19235029322.995564
576,gCO2e emissions,17915436327.770687
577,gCO2e emissions,18084787597.623314
578,gCO2e emissions,17093807007.01061
579,gCO2e emissions,18443188860.96053
580,gCO2e emissions,17677311010.216816
581,gCO2e emissions,18034874554.971657
582,gCO2e emissions,16718882228.94141
583,gCO2e emissions,17382129976.105316
584,gCO2e emissions,16811642308.224293
585,gCO2e emissions,17365932025.639706
586,gCO2e emissions,17371432699.15371
587,gCO2e emissions,16642793663.600935
588,gCO2e emissions,16262469471.77134
589,gCO2e emissions,19397214158.110165
590,gCO2e emissions,21509414158.110153
591,gCO2e emissions,21589021895.65545
592,gCO2e emissions,19106688523.183838
593,gCO2e emissions,17521089983.101185
594,gCO2e emissions,18467679668.831894
595,gCO2e emissions,17918976643.27512
596,gCO2e emissions,20344571274.59322
597,gCO2e emissions,19755839250.98283
598,gCO2e emissions,21669074897.87617
599,gCO2e emissions,21025374812.35218
600,gCO2e emissions,22685583492.278637
601,gCO2e emissions,23637121976.860115
602,gCO2e emissions,22923828573.61091
603,gCO2e emissions,20522220019.810818
604,gCO2e emissions,18785782981.909683
605,gCO2e emissions,20022520451.823
606,gCO2e emissions,21308387947.90129
607,gCO2e emissions,22904460839.82063
608,gCO2e emissions,22568461545.225483
609,gCO2e emissions,20902332164.47347
610,gCO2e emissions,19788851982.091232
611,gCO2e emissions,19705571843.6888
612,gCO2e emissions,20270600010.62355
613,gCO2e emissions,20971459507.45663
614,gCO2e emissions,18879385305.527992
615,gCO2e emissions,19684133073.096153
616,gCO2e emissions,20575448837.25198
617,gCO2e emissions,22242758594.397373
618,gCO2e emissions,22206579573.00772
619,gCO2e emissions,21863040986.287773
620,gCO2e emissions,20636238409.56381
621,gCO2e emissions,20830913789.305645
622,gCO2e emissions,21481908986.665245
623,gCO2e emissions,22204598370.093754
624,gCO2e emissions,22086414759.258274
625,gCO2e emissions,24088334580.25349
626,gCO2e emissions,23984454434.889957
627,gCO2e emissions,25254710457.333454
628,gCO2e emissions,25098273236.089188
629,gCO2e emissions,25003367544.700813
630,gCO2e emissions,23926886816.475136
631,gCO2e emissions,23844419957.09833
632,gCO2e emissions,23695929883.541367
633,gCO2e emissions,23301857993.05318
634,gCO2e emissions,25038409140.363083
635,gCO2e emissions,25675551661.585884
636,gCO2e emissions,25682580016.183132
637,gCO2e emissions,29055180370.574257
638,gCO2e emissions,27276412626.03311
639,gCO2e emissions,25664856301.2874
640,gCO2e emissions,23986942301.184357
641,gCO2e emissions,22371826895.003307
642,gCO2e emissions,23089812002.774822
643,gCO2e emissions,22058637229.470657
644,gCO2e emissions,22530164287.295605
645,gCO2e emissions,22299074573.25765
646,gCO2e emissions,22395639846.79695
647,gCO2e emissions,23626123229.367603
648,gCO2e emissions,23421436728.755054
649,gCO2e emissions,24275278515.663464
650,gCO2e emissions,23668365298.380135
651,gCO2e emissions,22961235782.7903
652,gCO2e emissions,21044403938.939423
653,gCO2e emissions,21069376612.247334
654,gCO2e emissions,22712620213.464203
655,gCO2e emissions,23228969954.696095
656,gCO2e emissions,23497840670.95472
657,gCO2e emissions,22216722153.692883
658,gCO2e emissions,22771118701.457935
659,gCO2e emissions,23432618041.180935
660,gCO2e emissions,23051287174.97949
661,gCO2e emissions,20363243707.791935
662,gCO2e emissions,19883540058.976868
663,gCO2e emissions,20295082862.303787
664,gCO2e emissions,19090371121.55225
665,gCO2e emissions,19703555943.636
666,gCO2e emissions,19689914310.955013
667,gCO2e emissions,20232041560.026093
668,gCO2e emissions,20140533805.66016
669,gCO2e emissions,19677000889.924316
670,gCO2e emissions,18087534584.896255
671,gCO2e emissions,16772274965.726625
672,gCO2e emissions,18721433831.927982
673,gCO2e emissions,19069590067.566055
674,gCO2e emissions,19404179210.228516
675,gCO2e emissions,20241567998.49978
676,gCO2e emissions,19574277355.31768
677,gCO2e emissions,19211815958.858246
678,gCO2e emissions,18531248713.199413
679,gCO2e emissions,18471925335.87423
680,gCO2e emissions,19706860057.207085
681,gCO2e emissions,20091073665.900276
682,gCO2e emissions,20270976405.769287
683,gCO2e emissions,19716942736.123283
684,gCO2e emissions,19215965167.48372
685,gCO2e emissions,19702413232.020073
686,gCO2e emissions,20973978986.076874
687,gCO2e emissions,20303456091.01956
688,gCO2e emissions,18284938605.246506
689,gCO2e emissions,18589654737.0305
690,gCO2e emissions,20384883861.210445
691,gCO2e emissions,21854064294.012104
692,gCO2e emissions,20146560808.342102
693,gCO2e emissions,19065007295.75243
694,gCO2e emissions,16411227875.785673
695,gCO2e emissions,15225383703.399431
696,gCO2e emissions,15022308644.613667
697,gCO2e emissions,16473393332.668098
698,gCO2e emissions,16885359671.13124
699,gCO2e emissions,18295894364.156864
700,gCO2e emissions,17639618522.5514
701,gCO2e emissions,18404552412.55922
702,gCO2e emissions,19128771880.913677
703,gCO2e emissions,19383471098.093945
704,gCO2e emissions,18078066386.10542
705,gCO2e emissions,17393834716.88618
706,gCO2e emissions,17109643759.915247
707,gCO2e emissions,17526073644.96646
708,gCO2e emissions,17906068964.86878
709,gCO2e emissions,18628129526.419544
710,gCO2e emissions,18128609068.929043
711,gCO2e emissions,17928592562.555805
712,gCO2e emissions,20014353456.54926
713,gCO2e emissions,18908792389.7574
714,gCO2e emissions,18168790269.769222
715,gCO2e emissions,17029156966.207157
716,gCO2e emissions,19505965315.52416
717,gCO2e emissions,21374872438.522636
718,gCO2e emissions,20592846126.704845
719,gCO2e emissions,19376134601.187313
720,gCO2e emissions,20966529121.449295
721,gCO2e emissions,21055970056.834568
722,gCO2e emissions,20441712667.165
723,gCO2e emissions,21807955579.797653
724,gCO2e emissions,21719114164.101055
725,gCO2e emissions,22688986926.5166
726,gCO2e emissions,22280428448.141453
727,gCO2e emissions,22649705430.541447
728,gCO2e emissions,23741143043.19559
729,gCO2e emissions,23902967006.760353
730,gCO2e emissions,22757115597.5444
731,gCO2e emissions,22094326728.274628
732,gCO2e emissions,24289148346.757717
733,gCO2e emissions,26284310110.84529
734,gCO2e emissions,25803544445.896122
735,gCO2e emissions,25897977606.717396
736,gCO2e emissions,23094582498.465435
737,gCO2e emissions,22607670846.82154
738,gCO2e emissions,20246795895.508266
739,gCO2e emissions,19574091358.151386
740,gCO2e emissions,18412544356.788494
741,gCO2e emissions,19434729733.427147
742,gCO2e emissions,21838226279.44181
743,gCO2e emissions,22637759688.932148
744,gCO2e emissions,23021085275.35314
745,gCO2e emissions,21059013898.817528
746,gCO2e emissions,19399811036.405807
747,gCO2e emissions,20395802104.43283
748,gCO2e emissions,22415051172.150738
749,gCO2e emissions,22274166186.921947
750,gCO2e emissions,24831454283.231537
751,gCO2e emissions,23955102141.45155
752,gCO2e emissions,26188641494.376766
753,gCO2e emissions,26332318647.824768
754,gCO2e emissions,25795612173.61669
755,gCO2e emissions,23850650671.43517
756,gCO2e emissions,22505232044.867603
757,gCO2e emissions,23866047879.477207
758,gCO2e emissions,22604990167.101177
759,gCO2e emissions,22092509238.917927
760,gCO2e emissions,21612983355.322556
761,gCO2e emissions,21392599544.323334
762,gCO2e emissions,23273667680.27436
763,gCO2e emissions,24165065560.080017
764,gCO2e emissions,24689223610.02658
765,gCO2e emissions,25239014946.92077
766,gCO2e emissions,23886846525.28197
767,gCO2e emissions,22142863742.187885
768,gCO2e emissions,21402219478.943638
769,gCO2e emissions,20758070553.966537
770,gCO2e emissions,20997770390.821465
771,gCO2e emissions,19483203267.70537
772,gCO2e emissions,18467553717.71958
773,gCO2e emissions,17743001522.100273
774,gCO2e emissions,17660085329.515873
775,gCO2e emissions,17331374028.679497
776,gCO2e emissions,19018090429.330643
777,gCO2e emissions,20158362197.27612
778,gCO2e emissions,19288789911.79444
779,gCO2e emissions,18296396491.724632
780,gCO2e emissions,15915912615.399479
781,gCO2e emissions,15917452641.838682
782,gCO2e emissions,16415063453.239918
783,gCO2e emissions,15061540855.356983
784,gCO2e emissions,16763207556.922756
785,gCO2e emissions,14971109280.37323
786,gCO2e emissions,16625140240.810148
787,gCO2e emissions,14372606048.50011
788,gCO2e emissions,16215505991.283323
789,gCO2e emissions,16722415828.618721
790,gCO2e emissions,20272010311.862007
791,gCO2e emissions,19518145698.59971
792,gCO2e emissions,19127403728.348183
793,gCO2e emissions,18420042103.623947
794,gCO2e emissions,18503683185.333652
795,gCO2e emissions,19894157192.43253
796,gCO2e emissions,18628614046.201088
797,gCO2e emissions,19273297343.24774
798,gCO2e emissions,18784584408.06855
799,gCO2e emissions,20418774873.035362
800,gCO2e emissions,20042295419.633522
801,gCO2e emissions,18281339703.07587
802,gCO2e emissions,16015791722.313137
803,gCO2e emissions,15850921026.25261
804,gCO2e emissions,17275461227.323475
805,gCO2e emissions,16579100031.02781
806,gCO2e emissions,16225964876.138536
807,gCO2e emissions,16511725204.09049
808,gCO2e emissions,17094045327.594086
809,gCO2e emissions,15920009195.055382
810,gCO2e emissions,14599937018.879421
811,gCO2e emissions,15140717735.618483
812,gCO2e emissions,15217855767.989706
813,gCO2e emissions,16716308644.0841
814,gCO2e emissions,17309537822.103374
815,gCO2e emissions,18757660828.2168
816,gCO2e emissions,18211194987.091766
817,gCO2e emissions,17996775275.40227
818,gCO2e emissions,18118817203.203686
819,gCO2e emissions,18509185084.636604
820,gCO2e emissions,19220818069.282005
821,gCO2e emissions,18748554915.93703
822,gCO2e emissions,19577342982.18901
823,gCO2e emissions,19276145827.986282
824,gCO2e emissions,19748499895.130863
825,gCO2e emissions,22501678209.57145
826,gCO2e emissions,24353321530.43458
827,gCO2e emissions,22469849248.53652
828,gCO2e emissions,20825024005.020077
829,gCO2e emissions,19231751919.70215
830,gCO2e emissions,20479394615.55658
831,gCO2e emissions,21530483249.600452
832,gCO2e emissions,21511011162.53215
833,gCO2e emissions,20236750198.084915
834,gCO2e emissions,21916372401.180527
835,gCO2e emissions,21734246729.235504
836,gCO2e emissions,21084029634.872314
837,gCO2e emissions,18546905014.614143
838,gCO2e emissions,19256819137.259903
839,gCO2e emissions,19348461781.025414
840,gCO2e emissions,20889329989.263466
841,gCO2e emissions,20216993999.46554
842,gCO2e emissions,20979425826.49582
843,gCO2e emissions,19540072364.161846
844,gCO2e emissions,20893738171.851788
845,gCO2e emissions,19734089567.83077
846,gCO2e emissions,19482143471.830315
847,gCO2e emissions,18777580598.8391
848,gCO2e emissions,18087629911.642433
849,gCO2e emissions,18084657666.763092
850,gCO2e emissions,19141421411.681656
851,gCO2e emissions,18906525097.51543
852,gCO2e emissions,17361806914.446663
853,gCO2e emissions,18454282808.141075
854,gCO2e emissions,18950189979.644863
855,gCO2e emissions,18257353316.332966
856,gCO2e emissions,19570327803.94936
857,gCO2e emissions,20462680888.110485
858,gCO2e emissions,21275207697.266365
859,gCO2e emissions,18475966835.918495
860,gCO2e emissions,19070385959.618015
861,gCO2e emissions,20269758221.31799
862,gCO2e emissions,21782989779.481117
863,gCO2e emissions,19277901965.27567
864,gCO2e emissions,19357905059.53583
865,gCO2e emissions,18814112728.171577
866,gCO2e emissions,19483116108.119507
867,gCO2e emissions,20190108101.70706
868,gCO2e emissions,17986140834.099766
869,gCO2e emissions,18367582926.89399
870,gCO2e emissions,17955562428.80115
871,gCO2e emissions,18348459599.8245
872,gCO2e emissions,17373548425.114487
873,gCO2e emissions,15757844067.517109
874,gCO2e emissions,15342314069.659395
875,gCO2e emissions,15508239667.567007
876,gCO2e emissions,14064503017.49209
877,gCO2e emissions,15922749929.74735
878,gCO2e emissions,17422975173.263794
879,gCO2e emissions,16137040320.676748
880,gCO2e emissions,14128404045.191074
881,gCO2e emissions,12515790127.02842
882,gCO2e emissions,13643712224.195776
883,gCO2e emissions,16239920373.34902
884,gCO2e emissions,14611115819.17152
885,gCO2e emissions,15089645665.3708
886,gCO2e emissions,13017628302.140448
887,gCO2e emissions,15774652857.072672
888,gCO2e emissions,15345963102.638552
889,gCO2e emissions,17635263811.420868
890,gCO2e emissions,15224928444.881239
891,gCO2e emissions,16561652245.30098
892,gCO2e emissions,14321658116.448856
893,gCO2e emissions,13601562458.975998
894,gCO2e emissions,11600547660.983
895,gCO2e emissions,11043893197.300707
896,gCO2e emissions,11887054662.463528
897,gCO2e emissions,16521873717.459663
898,gCO2e emissions,16144353884.977818
899,gCO2e emissions,16336458671.00376
900,gCO2e emissions,14703274435.159607
901,gCO2e emissions,16186292475.487572
902,gCO2e emissions,16051587264.616693
903,gCO2e emissions,13462104045.191076
904,gCO2e emissions,14419599381.707857
905,gCO2e emissions,15952488512.883677
906,gCO2e emissions,18646921796.247658
907,gCO2e emissions,17676573461.09377
908,gCO2e emissions,18551179543.89201
909,gCO2e emissions,15047266363.627386
910,gCO2e emissions,16933656082.793188
911,gCO2e emissions,14181878406.681135
912,gCO2e emissions,15256447826.167461
913,gCO2e emissions,15401452220.783546
914,gCO2e emissions,17740443398.116306
915,gCO2e emissions,18383466384.03162
916,gCO2e emissions,17063607942.675201
917,gCO2e emissions,16350806280.829473
918,gCO2e emissions,16075025521.139538
919,gCO2e emissions,15535820078.420227
920,gCO2e emissions,14606530776.19637
921,gCO2e emissions,13720071626.057638
922,gCO2e emissions,13974639142.33399
923,gCO2e emissions,16258037723.01899
924,gCO2e emissions,19097816213.841602
925,gCO2e emissions,18278195133.092785
926,gCO2e emissions,17460907836.423546
927,gCO2e emissions,16576648649.266104
928,gCO2e emissions,16227610151.447618
929,gCO2e emissions,16007640858.087635
930,gCO2e emissions,16030451249.977945
931,gCO2e emissions,16688059950.102467
932,gCO2e emissions,16008876656.639448
933,gCO2e emissions,16658434155.614744
934,gCO2e emissions,16107675445.39117
935,gCO2e emissions,18070982065.923687
936,gCO2e emissions,17504750862.15172
937,gCO2e emissions,16047701634.872389
938,gCO2e emissions,14749887280.378193
939,gCO2e emissions,16917602417.692102
940,gCO2e emissions,18043464079.435043
941,gCO2e emissions,18012079468.79548
942,gCO2e emissions,18934291634.39194
943,gCO2e emissions,19285353173.592163
944,gCO2e emissions,17857069362.592937
945,gCO2e emissions,17832567173.695213
946,gCO2e emissions,16552904337.722698
947,gCO2e emissions,13850904337.722696
948,gCO2e emissions,18329530364.05887
949,gCO2e emissions,18958672848.262962
950,gCO2e emissions,19431638387.085777
951,gCO2e emissions,18425772848.262962
952,gCO2e emissions,16843050307.596813
953,gCO2e emissions,14614862742.06042
954,gCO2e emissions,12900541767.033705
955,gCO2e emissions,14472107452.18094
956,gCO2e emissions,15332660573.360765
957,gCO2e emissions,17415850038.729675
958,gCO2e emissions,19508337335.39891
959,gCO2e emissions,19004550038.729668
960,gCO2e emissions,18492190334.036034
961,gCO2e emissions,16828647172.734314
962,gCO2e emissions,16702675156.119783
963,gCO2e emissions,14861529006.279999
964,gCO2e emissions,15426435089.078241
965,gCO2e emissions,14746333169.047647
966,gCO2e emissions,14969401182.45595
967,gCO2e emissions,15944176827.481314
968,gCO2e emissions,16656013722.641665
969,gCO2e emissions,15816249358.048422
970,gCO2e emissions,15579218154.276453
971,gCO2e emissions,15735068164.375484
972,gCO2e emissions,15638516071.10081
973,gCO2e emissions,15091424717.386017
974,gCO2e emissions,14335268515.18302
975,gCO2e emissions,15084330282.648048
976,gCO2e emissions,15909069917.6774
977,gCO2e emissions,17256028322.015118
978,gCO2e emissions,18487593346.885357
979,gCO2e emissions,17281834119.1256
980,gCO2e emissions,15201142264.695223
981,gCO2e emissions,12141851230.103262
982,gCO2e emissions,13219058861.720306
983,gCO2e emissions,12628150944.415499
984,gCO2e emissions,11940344592.750122
985,gCO2e emissions,11589698851.140825
986,gCO2e emissions,12351861527.55191
987,gCO2e emissions,12236529969.38878
988,gCO2e emissions,13182558270.146708
989,gCO2e emissions,13196195825.584057
990,gCO2e emissions,13004442203.688648
991,gCO2e emissions,13824183090.568607
992,gCO2e emissions,12684462347.39033
993,gCO2e emissions,13382314257.321882
994,gCO2e emissions,11777623046.554047
995,gCO2e emissions,13503857173.53816
996,gCO2e emissions,13942277810.994335
997,gCO2e emissions,15788178291.511845
998,gCO2e emissions,15998458579.822346
999,gCO2e emissions,14905134510.535461
1000,gCO2e emissions,15162749439.782642
1001,gCO2e emissions,15410638819.627525
1002,gCO2e emissions,14825889983.758062
1003,gCO2e emissions,12805338962.368324
1004,gCO2e emissions,14341795072.086222
1005,gCO2e emissions,15187158885.708187
1006,gCO2e emissions,17844606046.632496
1007,gCO2e emissions,15521741645.020554
1008,gCO2e emissions,17094315883.967894
1009,gCO2e emissions,16849842216.189909
1010,gCO2e emissions,17123709446.778502
1011,gCO2e emissions,18232589731.50537
1012,gCO2e emissions,15888965465.63837
1013,gCO2e emissions,16392426858.514164
1014,gCO2e emissions,13896965111.247213
1015,gCO2e emissions,14044882904.947845
1016,gCO2e emissions,12940801247.369555
1017,gCO2e emissions,13013465486.042616
1018,gCO2e emissions,12021159917.196962
1019,gCO2e emissions,14248482849.272968
1020,gCO2e emissions,15340695944.01358
1021,gCO2e emissions,16073057997.166368
1022,gCO2e emissions,14961592458.343554
1023,gCO2e emissions,14226346711.136616
1024,gCO2e emissions,15044924962.471443
1025,gCO2e emissions,17304394418.97648
1026,gCO2e emissions,17466381487.38091
1027,gCO2e emissions,16124525040.092478
1028,gCO2e emissions,16853679302.066809
1029,gCO2e emissions,16568983590.960789
1030,gCO2e emissions,15966242818.720556
1031,gCO2e emissions,14924060822.029829
1032,gCO2e emissions,15673715226.744951
1033,gCO2e emissions,14775923392.71882
1034,gCO2e emissions,15396908255.404905
1035,gCO2e emissions,15624214729.612999
1036,gCO2e emissions,19314280414.760242
1037,gCO2e emissions,17993660079.812447
1038,gCO2e emissions,17389612026.762695
1039,gCO2e emissions,17668085592.196045
1040,gCO2e emissions,17294323661.585968
1041,gCO2e emissions,18610239581.719593
1042,gCO2e emissions,18167396848.846447
1043,gCO2e emissions,18246921224.019173
1044,gCO2e emissions,15990936984.591383
1045,gCO2e emissions,15309897986.05732
1046,gCO2e emissions,14962885551.59371
1047,gCO2e emissions,15665795657.796247
1048,gCO2e emissions,17071671319.642233
1049,gCO2e emissions,18090835415.368332
1050,gCO2e emissions,17085159773.720434
1051,gCO2e emissions,15453047192.932398
1052,gCO2e emissions,15755629812.88143
1053,gCO2e emissions,15405709062.742067
1054,gCO2e emissions,17626980170.410538
1055,gCO2e emissions,15594096628.278456
1056,gCO2e emissions,16274280830.68754
1057,gCO2e emissions,17294693647.379745
1058,gCO2e emissions,16476094545.10282
1059,gCO2e emissions,16146264601.084433
1060,gCO2e emissions,14101402193.540483
1061,gCO2e emissions,13692274976.154116
1062,gCO2e emissions,12597604382.438215
1063,gCO2e emissions,12156900896.768192
1064,gCO2e emissions,13329559586.793676
1065,gCO2e emissions,14401803408.372389
1066,gCO2e emissions,17390045126.57738
1067,gCO2e emissions,18382662489.80773
1068,gCO2e emissions,17670617762.86659
1069,gCO2e emissions,15318241440.743618
1070,gCO2e emissions,15200963981.409763
1071,gCO2e emissions,15004141440.743612
1072,gCO2e emissions,13930437046.127533
1073,gCO2e emissions,13637122031.356337
1074,gCO2e emissions,17183635089.078236
1075,gCO2e emissions,17908499845.081333
1076,gCO2e emissions,17210833005.902603
1077,gCO2e emissions,17698544800.287296
1078,gCO2e emissions,17630155420.442406
1079,gCO2e emissions,16182068889.772253
1080,gCO2e emissions,14185199861.69579
1081,gCO2e emissions,15402491430.43841
1082,gCO2e emissions,16437658514.702576
1083,gCO2e emissions,19373030833.619324
1084,gCO2e emissions,20061390803.596466
1085,gCO2e emissions,21614809732.46625
1086,gCO2e emissions,18443414856.062744
1087,gCO2e emissions,17333027450.087765
1088,gCO2e emissions,15864691157.98764
1089,gCO2e emissions,14777217061.781094
1090,gCO2e emissions,14433882209.19405
1091,gCO2e emissions,15767834530.733536
1092,gCO2e emissions,15288973028.55203
1093,gCO2e emissions,14560985340.472916
1094,gCO2e emissions,13578906046.632488
1095,gCO2e emissions,13532487260.503508
1096,gCO2e emissions,12992234495.465214
1097,gCO2e emissions,13115181496.82811
1098,gCO2e emissions,9698291423.271149
1099,gCO2e emissions,11347785694.864073
1100,gCO2e emissions,11361580823.31412
1101,gCO2e emissions,11948606172.758839
1102,gCO2e emissions,12359994378.37415
1103,gCO2e emissions,12032835419.481524
1104,gCO2e emissions,13084024159.247486
1105,gCO2e emissions,15808054311.3326
1106,gCO2e emissions,16030571626.057636
1107,gCO2e emissions,18177281357.670937
1108,gCO2e emissions,16753939888.135014
1109,gCO2e emissions,15959001072.944069
1110,gCO2e emissions,17087480795.213055
1111,gCO2e emissions,18041540051.280052
1112,gCO2e emissions,20011114379.335037
1113,gCO2e emissions,19396268906.592873
1114,gCO2e emissions,17917279441.223972
1115,gCO2e emissions,19108858191.73248
1116,gCO2e emissions,18949000147.38355
1117,gCO2e emissions,15854653414.887802
1118,gCO2e emissions,16215347348.91019
1119,gCO2e emissions,17580886041.558414
1120,gCO2e emissions,15485293587.651445
1121,gCO2e emissions,15977963109.482403
1122,gCO2e emissions,13540027437.056938
1123,gCO2e emissions,15021965775.31401
1124,gCO2e emissions,12528973301.208961
1125,gCO2e emissions,16449712691.152884
1126,gCO2e emissions,12786746492.05307
1127,gCO2e emissions,13759083321.88749
1128,gCO2e emissions,14660890081.78333
1129,gCO2e emissions,15105074907.45072
1130,gCO2e emissions,15365730503.21604
1131,gCO2e emissions,14800789425.089962
1132,gCO2e emissions,14458496950.984915
1133,gCO2e emissions,13967454058.550344
1134,gCO2e emissions,16097174764.709917
1135,gCO2e emissions,14875698605.73199
1136,gCO2e emissions,15225987345.497955
1137,gCO2e emissions,13236168576.189583
1138,gCO2e emissions,12611492291.085314
1139,gCO2e emissions,14537515968.96234
1140,gCO2e emissions,14695954344.23811
1141,gCO2e emissions,16105508088.676235
1142,gCO2e emissions,14600982416.731215
1143,gCO2e emissions,14062792254.066616
1144,gCO2e emissions,15824004957.397367
1145,gCO2e emissions,17495278931.06119
1146,gCO2e emissions,18669399551.696754
1147,gCO2e emissions,19056474699.590157
1148,gCO2e emissions,17866123804.326767
1149,gCO2e emissions,19048798915.20146
1150,gCO2e emissions,18531750470.74185
1151,gCO2e emissions,18718450201.874718
1152,gCO2e emissions,16225812915.304508
1153,gCO2e emissions,19824901625.691124
1154,gCO2e emissions,16068292025.801802
1155,gCO2e emissions,14355474291.359676
1156,gCO2e emissions,15433872579.395819
1157,gCO2e emissions,14597538509.628489
1158,gCO2e emissions,16770406782.722677
1159,gCO2e emissions,16978126589.117458
1160,gCO2e emissions,18431234469.40356
1161,gCO2e emissions,16326245872.378395
1162,gCO2e emissions,15357659855.660818
1163,gCO2e emissions,13574543789.202763
1164,gCO2e emissions,13595951546.946157
1165,gCO2e emissions,13316200791.046097
1166,gCO2e emissions,14062440180.990023
1167,gCO2e emissions,13457297696.785933
1168,gCO2e emissions,12821318692.010733
1169,gCO2e emissions,15826197965.653069
1170,gCO2e emissions,13498283199.550934
1171,gCO2e emissions,16827903534.498728
1172,gCO2e emissions,16229017534.601772
1173,gCO2e emissions,17173575302.444208
1174,gCO2e emissions,15408408443.067396
1175,gCO2e emissions,15068130983.733547
1176,gCO2e emissions,14994219846.042225
1177,gCO2e emissions,14192450018.325422
1178,gCO2e emissions,15370112548.41208
1179,gCO2e emissions,15931616302.949257
1180,gCO2e emissions,15260358412.56411
1181,gCO2e emissions,13539997696.78593
1182,gCO2e emissions,12633839398.1703
1183,gCO2e emissions,11772892873.741283
1184,gCO2e emissions,15549825288.76154
1185,gCO2e emissions,15460275298.860577
1186,gCO2e emissions,14815795613.610302
1187,gCO2e emissions,15298182910.279549
1188,gCO2e emissions,15269172555.407944
1189,gCO2e emissions,14922562326.66269
1190,gCO2e emissions,14976631905.710424
1191,gCO2e emissions,12879357932.0466
1192,gCO2e emissions,14185310754.301674
1193,gCO2e emissions,12562795841.875109
1194,gCO2e emissions,12640109328.02558
1195,gCO2e emissions,13412415162.154749
1196,gCO2e emissions,13603185487.003506
1197,gCO2e emissions,15954296107.158627
1198,gCO2e emissions,16454202442.003384
1199,gCO2e emissions,14853957874.62365
1200,gCO2e emissions,13628867088.700756
1201,gCO2e emissions,14702079829.050207
1202,gCO2e emissions,15401260863.161724
1203,gCO2e emissions,15788560434.733166
1204,gCO2e emissions,15495598772.990232
1205,gCO2e emissions,15892510567.374926
1206,gCO2e emissions,14597592849.75341
1207,gCO2e emissions,13330380537.832518
1208,gCO2e emissions,12863829459.226006
1209,gCO2e emissions,12425710958.784779
1210,gCO2e emissions,11814280183.44136
1211,gCO2e emissions,11590138628.38142
1212,gCO2e emissions,11042594187.128035
1213,gCO2e emissions,12527143186.142548
1214,gCO2e emissions,11742351315.097713
1215,gCO2e emissions,12207551743.52627
1216,gCO2e emissions,10820994476.399424
1217,gCO2e emissions,11953527282.829533
1218,gCO2e emissions,12904433634.494913
1219,gCO2e emissions,14671628154.756893
1220,gCO2e emissions,16191945749.835678
1221,gCO2e emissions,16646076684.740513
1222,gCO2e emissions,14688063664.037308
1223,gCO2e emissions,13347037246.291271
1224,gCO2e emissions,12399474018.908909
1225,gCO2e emissions,13395510437.13538
1226,gCO2e emissions,12431525451.906582
1227,gCO2e emissions,16139606274.367737
1228,gCO2e emissions,14748204439.86116
1229,gCO2e emissions,14689034220.734503
1230,gCO2e emissions,14080415414.40743
1231,gCO2e emissions,16548133243.085049
1232,gCO2e emissions,14792105222.680885
1233,gCO2e emissions,16201185653.732182
1234,gCO2e emissions,15813868021.634684
1235,gCO2e emissions,15456058184.299288
1236,gCO2e emissions,16134600791.046093
1237,gCO2e emissions,14211302356.68553
1238,gCO2e emissions,16768418423.143587
1239,gCO2e emissions,14205208316.941044
1240,gCO2e emissions,13794088642.270248
1241,gCO2e emissions,12376165710.19424
1242,gCO2e emissions,13000154184.676695
1243,gCO2e emissions,10953685302.924654
1244,gCO2e emissions,11144673239.67282
1245,gCO2e emissions,9577675714.25831
1246,gCO2e emissions,8808402009.461628
1247,gCO2e emissions,9771439581.719597
1248,gCO2e emissions,12538562122.385748
1249,gCO2e emissions,11448820689.868517
1250,gCO2e emissions,13238972122.866194
1251,gCO2e emissions,13180152553.91749
1252,gCO2e emissions,11753419907.048798
1253,gCO2e emissions,13683813555.383423
1254,gCO2e emissions,12914862122.385744
1255,gCO2e emissions,14035178311.38652
1256,gCO2e emissions,13376517041.053448
1257,gCO2e emissions,12269994500.387295
1258,gCO2e emissions,10750249419.054995
1259,gCO2e emissions,10570565608.05577
1260,gCO2e emissions,12959840470.261414
1261,gCO2e emissions,17747899429.154037
1262,gCO2e emissions,15515589591.818638
1263,gCO2e emissions,16110499820.5639
1264,gCO2e emissions,16706799303.027695
1265,gCO2e emissions,16848837763.827477
1266,gCO2e emissions,15604881422.261143
1267,gCO2e emissions,14072389816.49982
1268,gCO2e emissions,15804115683.274584
1269,gCO2e emissions,12071302979.943827
1270,gCO2e emissions,13363599225.406664
1271,gCO2e emissions,13979579550.73586
1272,gCO2e emissions,12944702911.240435
1273,gCO2e emissions,13641102360.26916
1274,gCO2e emissions,12171244078.47415
1275,gCO2e emissions,13060641212.478802
1276,gCO2e emissions,11264640821.06894
1277,gCO2e emissions,11630818280.402788
1278,gCO2e emissions,12276466847.405113
1279,gCO2e emissions,14851467630.224833
1280,gCO2e emissions,14055912711.55713
1281,gCO2e emissions,14915904831.271023
1282,gCO2e emissions,14446822854.778378
1283,gCO2e emissions,13037085902.401241
1284,gCO2e emissions,11010173199.070488
1285,gCO2e emissions,9573319063.222506
1286,gCO2e emissions,12383192519.350126
1287,gCO2e emissions,13019186559.094608
1288,gCO2e emissions,12166516857.504154
1289,gCO2e emissions,10637237955.073591
1290,gCO2e emissions,12209521766.072815
1291,gCO2e emissions,12620766847.405113
1292,gCO2e emissions,13227581507.785154
1293,gCO2e emissions,12272745644.113583
1294,gCO2e emissions,14901028280.883238
1295,gCO2e emissions,14882147955.554035
1296,gCO2e emissions,14466373981.890207
1297,gCO2e emissions,12057719063.222502
1298,gCO2e emissions,13290769587.274124
1299,gCO2e emissions,12137386522.075912
1300,gCO2e emissions,13880061115.414413
1301,gCO2e emissions,11859731477.281866
1302,gCO2e emissions,13328647543.739922
1303,gCO2e emissions,13223102070.997768
1304,gCO2e emissions,13841923559.97706
1305,gCO2e emissions,14257293762.283102
1306,gCO2e emissions,14032149749.458279
1307,gCO2e emissions,14216542260.58203
1308,gCO2e emissions,13592380170.41054
1309,gCO2e emissions,15219513759.66036
1310,gCO2e emissions,12312462844.19889
1311,gCO2e emissions,9877369587.274117
1312,gCO2e emissions,9964450801.145134
1313,gCO2e emissions,10870189261.944921
1314,gCO2e emissions,9618196310.905996
1315,gCO2e emissions,10072240572.399878
1316,gCO2e emissions,10268485384.865042
1317,gCO2e emissions,11567272167.581717
1318,gCO2e emissions,11722642778.118233
1319,gCO2e emissions,8089502091.402014
1320,gCO2e emissions,10647692254.066612
1321,gCO2e emissions,10955969713.400461
1322,gCO2e emissions,10740435806.778183
1323,gCO2e emissions,12600138901.038345
1324,gCO2e emissions,12663212874.702177
1325,gCO2e emissions,14805561833.114363
1326,gCO2e emissions,15397659876.065073
1327,gCO2e emissions,16647618280.402794
1328,gCO2e emissions,14004919846.042225
1329,gCO2e emissions,13194623331.712252
1330,gCO2e emissions,11786911928.737415
1331,gCO2e emissions,12699179550.735863
1332,gCO2e emissions,14009788250.860386
1333,gCO2e emissions,14968408711.934532
1334,gCO2e emissions,15468444861.293867
1335,gCO2e emissions,14657595120.061966
1336,gCO2e emissions,13610824012.393494
1337,gCO2e emissions,12964669093.725794
1338,gCO2e emissions,14541152904.72502
1339,gCO2e emissions,14840130364.058868
1340,gCO2e emissions,14111016132.107386
1341,gCO2e emissions,13072210171.851868
1342,gCO2e emissions,18088282188.466404
1343,gCO2e emissions,16554698254.924458
1344,gCO2e emissions,13693768474.05112
1345,gCO2e emissions,11687758636.715723
1346,gCO2e emissions,12664713555.383427
1347,gCO2e emissions,13804337147.736433
1348,gCO2e emissions,17550924713.272823
1349,gCO2e emissions,19992960079.812435
1350,gCO2e emissions,18788155770.720364
1351,gCO2e emissions,15157133230.054218
1352,gCO2e emissions,13264030632.926016
1353,gCO2e emissions,12318684145.515696
1354,gCO2e emissions,14026109780.442013
1355,gCO2e emissions,14247411309.062742
1356,gCO2e emissions,14255008443.067389
1357,gCO2e emissions,14947037335.398916
1358,gCO2e emissions,13859997077.111261
1359,gCO2e emissions,16178216132.107388
1360,gCO2e emissions,14839736715.724245
1361,gCO2e emissions,15774966782.285345
1362,gCO2e emissions,12280860430.619968
1363,gCO2e emissions,12148402792.281343
1364,gCO2e emissions,11981649064.663841
1365,gCO2e emissions,12361987011.511047
1366,gCO2e emissions,12475669648.280697
1367,gCO2e emissions,10958413555.383423
1368,gCO2e emissions,11220874825.716496
1369,gCO2e emissions,12042364988.3811
1370,gCO2e emissions,13067201015.19772
1371,gCO2e emissions,12351790786.452467
1372,gCO2e emissions,11001007366.863098
1373,gCO2e emissions,16952155151.0457
1374,gCO2e emissions,15163862391.252895
1375,gCO2e emissions,15965638444.508728
1376,gCO2e emissions,14464689628.837343
1377,gCO2e emissions,12589006172.22927
1378,gCO2e emissions,11307351376.104286
1379,gCO2e emissions,11633383362.695976
1380,gCO2e emissions,12924877402.440464
1381,gCO2e emissions,13876541767.0337
1382,gCO2e emissions,14847606914.446661
1383,gCO2e emissions,14126569713.400465
1384,gCO2e emissions,14647120628.861937
1385,gCO2e emissions,14197385384.86504
1386,gCO2e emissions,10117415060.01628
1387,gCO2e emissions,9458683998.985106
1388,gCO2e emissions,10695896787.83987
1389,gCO2e emissions,9571013991.508802
1390,gCO2e emissions,12185517868.588684
1391,gCO2e emissions,14384787553.358524
1392,gCO2e emissions,13656669298.002733
1393,gCO2e emissions,9900242097.436985
1394,gCO2e emissions,10296240531.79755
1395,gCO2e emissions,11309125125.616488
1396,gCO2e emissions,15322575775.794462
1397,gCO2e emissions,15050206233.765415
1398,gCO2e emissions,16572059586.793682
1399,gCO2e emissions,15225074992.974735
1400,gCO2e emissions,12589963072.463703
1401,gCO2e emissions,13109347666.28264
1402,gCO2e emissions,15639602299.262579
1403,gCO2e emissions,12883858249.419056
1404,gCO2e emissions,13144974438.419836
1405,gCO2e emissions,11679027045.647081
1406,gCO2e emissions,12293761849.728815
1407,gCO2e emissions,14716559929.698221
1408,gCO2e emissions,15560093302.169844
1409,gCO2e emissions,16004115414.40744
1410,gCO2e emissions,14161781507.785156
1411,gCO2e emissions,12701259749.938719
1412,gCO2e emissions,13926357010.06971
1413,gCO2e emissions,13520157010.069721
1414,gCO2e emissions,13220106114.806326
1415,gCO2e emissions,14922985902.401236
1416,gCO2e emissions,14466787113.649515
1417,gCO2e emissions,16515887378.93303
1418,gCO2e emissions,15772630645.956837
1419,gCO2e emissions,15797714896.871233
1420,gCO2e emissions,13971873341.811287
1421,gCO2e emissions,15117549235.505705
1422,gCO2e emissions,16157807142.711468
1423,gCO2e emissions,15826786950.504469
1424,gCO2e emissions,15885763981.409767
1425,gCO2e emissions,14586755746.732498
1426,gCO2e emissions,14387892947.77869
1427,gCO2e emissions,13894855661.20848
1428,gCO2e emissions,14402373236.08919
1429,gCO2e emissions,14006179587.75457
1430,gCO2e emissions,14146946426.933302
1431,gCO2e emissions,15287571833.594803
1432,gCO2e emissions,14558742072.919548
1433,gCO2e emissions,16179317061.25153
1434,gCO2e emissions,16498775359.867153
1435,gCO2e emissions,11895660630.783716
1436,gCO2e emissions,10764517241.217196
1437,gCO2e emissions,11105258017.041052
1438,gCO2e emissions,10830817758.753399
1439,gCO2e emissions,10808934730.573889
1440,gCO2e emissions,13684814664.493233
1441,gCO2e emissions,10944814541.950516
1442,gCO2e emissions,11380535639.519947
1443,gCO2e emissions,10711058180.1861
1444,gCO2e emissions,14271483423.702557
1445,gCO2e emissions,11372968408.931355
1446,gCO2e emissions,12717180557.707205
1447,gCO2e emissions,10914538962.044928
1448,gCO2e emissions,11623793880.712626
1449,gCO2e emissions,12358420298.458656
1450,gCO2e emissions,13237823392.71882
1451,gCO2e emissions,12196717041.05345
1452,gCO2e emissions,12809314338.20314
1453,gCO2e emissions,12969198540.612225
1454,gCO2e emissions,11966114729.612997
1455,gCO2e emissions,12084944013.354378
1456,gCO2e emissions,10938544404.764238
1457,gCO2e emissions,11660717041.053446
1458,gCO2e emissions,12314743067.389624
1459,gCO2e emissions,14419565608.055769
1460,gCO2e emissions,13348336715.724245
1461,gCO2e emissions,13913346553.059643
1462,gCO2e emissions,13733743955.931435
1463,gCO2e emissions,17163976725.34284
1464,gCO2e emissions,15565622712.037579
1465,gCO2e emissions,14068954698.629265
1466,gCO2e emissions,12280102091.402012
1467,gCO2e emissions,11653811928.737415
1468,gCO2e emissions,13386112197.604553
1469,gCO2e emissions,13477271279.0399
1470,gCO2e emissions,13356722034.939957
1471,gCO2e emissions,12640187076.63081
1472,gCO2e emissions,12938019846.042223
1473,gCO2e emissions,14472858184.299288
1474,gCO2e emissions,16228204048.45131
1475,gCO2e emissions,12886122157.482672
1476,gCO2e emissions,12540645358.425821
1477,gCO2e emissions,11185339006.760443
1478,gCO2e emissions,12546201451.323097
1479,gCO2e emissions,11734361278.559456
1480,gCO2e emissions,13130631603.408218
1481,gCO2e emissions,13231318280.40279
1482,gCO2e emissions,16389775156.119783
1483,gCO2e emissions,13647671670.449757
1484,gCO2e emissions,12688752387.188818
1485,gCO2e emissions,15392630983.733536
1486,gCO2e emissions,14466092291.085318
1487,gCO2e emissions,14510453915.809551
1488,gCO2e emissions,10470278022.115131
1489,gCO2e emissions,10804793819.706047
1490,gCO2e emissions,11876994479.983047
1491,gCO2e emissions,11697861441.704502
1492,gCO2e emissions,15231251086.8329
1493,gCO2e emissions,14256338546.647194
1494,gCO2e emissions,15591855518.467688
1495,gCO2e emissions,14628755481.448988
1496,gCO2e emissions,11547580333.55558
1497,gCO2e emissions,10521805577.07204
1498,gCO2e emissions,12515199225.406668
1499,gCO2e emissions,13578650658.404343
1500,gCO2e emissions,12946819846.042227
1501,gCO2e emissions,11499570533.238884
1502,gCO2e emissions,11711024192.152996
1503,gCO2e emissions,11158444898.31257
1504,gCO2e emissions,12053416397.390902
1505,gCO2e emissions,10135592291.085318
1506,gCO2e emissions,10596095262.802765
1507,gCO2e emissions,14829622357.646416
1508,gCO2e emissions,12684074699.590158
1509,gCO2e emissions,11422712789.17816
1510,gCO2e emissions,9776715740.697529
1511,gCO2e emissions,15996224012.39349
1512,gCO2e emissions,10222677402.44046
1513,gCO2e emissions,13075085466.0697
1514,gCO2e emissions,14242835224.122217
1515,gCO2e emissions,12743144041.19182
1516,gCO2e emissions,14215566819.304047
1517,gCO2e emissions,16168364470.844898
1518,gCO2e emissions,13401199323.431942
1519,gCO2e emissions,13750459456.554146
1520,gCO2e emissions,14210574899.753902
1521,gCO2e emissions,13861344796.174099
1522,gCO2e emissions,14079421864.098091
1523,gCO2e emissions,12942132092.843351
1524,gCO2e emissions,12618245953.583061
1525,gCO2e emissions,10031197546.142147
1526,gCO2e emissions,10473022949.220024
1527,gCO2e emissions,12236184573.944258
1528,gCO2e emissions,12054066056.682413
1529,gCO2e emissions,14137705903.362127
1530,gCO2e emissions,13693015740.697529
1531,gCO2e emissions,12034954861.774313
1532,gCO2e emissions,11226146553.059645
1533,gCO2e emissions,12011457727.769669
1534,gCO2e emissions,13104531310.023634
1535,gCO2e emissions,12691939227.328445
1536,gCO2e emissions,14107161254.042013
1537,gCO2e emissions,13507442484.733646
1538,gCO2e emissions,16139885445.871614
1539,gCO2e emissions,13785007346.458847
1540,gCO2e emissions,14218570536.82251
1541,gCO2e emissions,15630202682.975624
1542,gCO2e emissions,14445390371.054726
1543,gCO2e emissions,13039059130.264053
1544,gCO2e emissions,12778700171.371422
1545,gCO2e emissions,11727966227.730442
1546,gCO2e emissions,12475885282.726572
1547,gCO2e emissions,11643163524.880136
1548,gCO2e emissions,11546212091.882462
1549,gCO2e emissions,9067344861.293867
1550,gCO2e emissions,8616037335.398912
1551,gCO2e emissions,7527341089.936082
1552,gCO2e emissions,7463669713.400464
1553,gCO2e emissions,9137550038.729666
1554,gCO2e emissions,8653914175.058094
1555,gCO2e emissions,10024985282.72657
1556,gCO2e emissions,11267997986.05732
1557,gCO2e emissions,16573622092.362904
1558,gCO2e emissions,13565256944.949945
1559,gCO2e emissions,15218937107.134106
1560,gCO2e emissions,16435221309.543186
1561,gCO2e emissions,12331050593.284569
1562,gCO2e emissions,13928463916.28999
1563,gCO2e emissions,12018840201.394268
1564,gCO2e emissions,14784972579.395819
1565,gCO2e emissions,13478466227.73044
1566,gCO2e emissions,14449656390.39504
1567,gCO2e emissions,13483504957.397367
1568,gCO2e emissions,17643757010.069714
1569,gCO2e emissions,13367255090.039124
1570,gCO2e emissions,14389157438.498274
1571,gCO2e emissions,13137117534.601772
1572,gCO2e emissions,12749351203.777975
1573,gCO2e emissions,13497368290.501827
1574,gCO2e emissions,13308902091.402014
1575,gCO2e emissions,12658014794.732767
1576,gCO2e emissions,12548414831.751467
1577,gCO2e emissions,9023680925.129189
1578,gCO2e emissions,10259968613.208292
1579,gCO2e emissions,11197981279.520342
1580,gCO2e emissions,9826881279.520344
1581,gCO2e emissions,12910103820.186493
1582,gCO2e emissions,13904787239.775864
1583,gCO2e emissions,11410626360.852644
1584,gCO2e emissions,13725327535.08222
1585,gCO2e emissions,11915121146.398138
1586,gCO2e emissions,14448774536.445114
1587,gCO2e emissions,15608491634.391949
1588,gCO2e emissions,15897104337.722704
1589,gCO2e emissions,14650784145.515696
1590,gCO2e emissions,17412369093.725796
1591,gCO2e emissions,17985510689.388073
1592,gCO2e emissions,16799679094.206244
1593,gCO2e emissions,16298818215.283026
1594,gCO2e emissions,13406750593.284573
1595,gCO2e emissions,11520524995.376959
1596,gCO2e emissions,11072811509.226492
1597,gCO2e emissions,9484115121.022856
1598,gCO2e emissions,12306606849.32689
1599,gCO2e emissions,11967376036.964777
1600,gCO2e emissions,12472651184.858177
1601,gCO2e emissions,11488201443.626282
1602,gCO2e emissions,11927568282.805016
1603,gCO2e emissions,12445601052.216425
1604,gCO2e emissions,12396587957.475815
1605,gCO2e emissions,10603644013.354383
1606,gCO2e emissions,16873731310.023634
1607,gCO2e emissions,20440607240.736748
1608,gCO2e emissions,15138207632.146614
1609,gCO2e emissions,13396108769.357485
1610,gCO2e emissions,10682634795.693657
1611,gCO2e emissions,12130867565.105068
1612,gCO2e emissions,13941300334.51647
1613,gCO2e emissions,15115614603.486656
1614,gCO2e emissions,13159910245.889277
1615,gCO2e emissions,13511509426.05086
1616,gCO2e emissions,16353336198.188047
1617,gCO2e emissions,12367314175.058098
1618,gCO2e emissions,12354199551.69675
1619,gCO2e emissions,7298879877.025954
1620,gCO2e emissions,8997496066.026731
1621,gCO2e emissions,7555073916.770438
1622,gCO2e emissions,7486401634.872391
1623,gCO2e emissions,9085888931.541637
1624,gCO2e emissions,9745580305.454517
1625,gCO2e emissions,10878305940.38083
1626,gCO2e emissions,11751427306.817406
1627,gCO2e emissions,13281418998.10274
1628,gCO2e emissions,13204482225.485107
1629,gCO2e emissions,14168909780.44201
1630,gCO2e emissions,11716485282.72657
1631,gCO2e emissions,9784933849.728893
1632,gCO2e emissions,10286591634.391943
1633,gCO2e emissions,8299977011.030603
1634,gCO2e emissions,7488859256.390397
1635,gCO2e emissions,7067665608.05577
1636,gCO2e emissions,8058788185.740623
1637,gCO2e emissions,9538785837.281471
1638,gCO2e emissions,9639045933.384972
1639,gCO2e emissions,11801571959.721146
1640,gCO2e emissions,16221149419.054996
1641,gCO2e emissions,13837774308.1803
1642,gCO2e emissions,10969228321.48556
1643,gCO2e emissions,9394565876.922913
1644,gCO2e emissions,12194217041.053444
1645,gCO2e emissions,12006800852.052671
1646,gCO2e emissions,13600245933.384975
1647,gCO2e emissions,11585201120.919815
1648,gCO2e emissions,12819084663.051897
1649,gCO2e emissions,11728056162.130232
1650,gCO2e emissions,15157104337.722698
1651,gCO2e emissions,13904975445.391169
1652,gCO2e emissions,17996001471.72735
1653,gCO2e emissions,16612399779.96157
1654,gCO2e emissions,13611121929.21786
1655,gCO2e emissions,13568228280.883234
1656,gCO2e emissions,13537202645.956917
1657,gCO2e emissions,10139150038.729664
1658,gCO2e emissions,9106930983.733541
1659,gCO2e emissions,11075173199.070492
1660,gCO2e emissions,11378215683.27458
1661,gCO2e emissions,14790037955.073586
1662,gCO2e emissions,13131936035.042992
1663,gCO2e emissions,14339381385.24244
1664,gCO2e emissions,12665255872.858843
1665,gCO2e emissions,15648258347.444336
1666,gCO2e emissions,8773136984.591389
1667,gCO2e emissions,10589152285.05035
1668,gCO2e emissions,11679132610.37955
1669,gCO2e emissions,11602098312.347408
1670,gCO2e emissions,12389901569.752623
1671,gCO2e emissions,8874699258.312174
1672,gCO2e emissions,8222367234.701781
1673,gCO2e emissions,9265891341.007364
1674,gCO2e emissions,13727755705.600605
1675,gCO2e emissions,14758506852.91052
1676,gCO2e emissions,16840001015.197714
1677,gCO2e emissions,17183671340.046474
1678,gCO2e emissions,14351545187.583958
1679,gCO2e emissions,13342426258.714174
1680,gCO2e emissions,14028103718.048027
1681,gCO2e emissions,13384355151.045702
1682,gCO2e emissions,13473773957.372768
1683,gCO2e emissions,11936286909.37258
1684,gCO2e emissions,11227831990.704878
1685,gCO2e emissions,9992244694.03563
1686,gCO2e emissions,10924209450.038729
1687,gCO2e emissions,14008186909.372581
1688,gCO2e emissions,11561895218.087246
1689,gCO2e emissions,11150661025.777208
1690,gCO2e emissions,10701732916.265392
1691,gCO2e emissions,10123207403.881796
1692,gCO2e emissions,10189390432.061302
1693,gCO2e emissions,8164823592.882572
1694,gCO2e emissions,8890025512.91316
1695,gCO2e emissions,10115360202.35516
1696,gCO2e emissions,8908604337.722696
1697,gCO2e emissions,9257458510.58938
1698,gCO2e emissions,9529523658.002335
1699,gCO2e emissions,11271745024.438915
1700,gCO2e emissions,8961172579.395817
1701,gCO2e emissions,10990721146.39814
1702,gCO2e emissions,11576576065.06584
1703,gCO2e emissions,11315231412.162102
1704,gCO2e emissions,10407959876.065067
1705,gCO2e emissions,10885660267.474926
1706,gCO2e emissions,8074762742.060416
1707,gCO2e emissions,6670864470.844894
1708,gCO2e emissions,7816633230.054222
1709,gCO2e emissions,9763917041.05345
1710,gCO2e emissions,10886745933.384974
1711,gCO2e emissions,12049024958.358261
1712,gCO2e emissions,10067447890.434265
1713,gCO2e emissions,9743193200.03138
1714,gCO2e emissions,7288690105.7712145
1715,gCO2e emissions,5547636715.724244
1716,gCO2e emissions,11263278185.26018
1717,gCO2e emissions,11791400334.516476
1718,gCO2e emissions,15092425969.442787
1719,gCO2e emissions,13107811309.062744
1720,gCO2e emissions,16707689551.216312
1721,gCO2e emissions,15608218317.421497
1722,gCO2e emissions,16119392127.940275
1723,gCO2e emissions,12155427991.611841
1724,gCO2e emissions,11227190399.155792
1725,gCO2e emissions,15074567467.079786
1726,gCO2e emissions,16275263981.409761
1727,gCO2e emissions,14752389033.680107
1728,gCO2e emissions,15483809617.296965
1729,gCO2e emissions,14707696685.701406
1730,gCO2e emissions,13961331252.600681
1731,gCO2e emissions,13328007823.392715
1732,gCO2e emissions,11146455770.72037
1733,gCO2e emissions,11838745933.384972
1734,gCO2e emissions,10718501549.348375
1735,gCO2e emissions,12953368511.069826
1736,gCO2e emissions,15334592580.356709
1737,gCO2e emissions,20038853850.689777
1738,gCO2e emissions,15193189094.686684
1739,gCO2e emissions,13563391014.717274
1740,gCO2e emissions,11928067336.840254
1741,gCO2e emissions,10498834567.428844
1742,gCO2e emissions,10785381997.220293
1743,gCO2e emissions,9612836364.916718
1744,gCO2e emissions,11323384043.377228
1745,gCO2e emissions,12917684043.377228
1746,gCO2e emissions,12346257499.504854
1747,gCO2e emissions,11665902972.24701
1748,gCO2e emissions,8971497920.937553
1749,gCO2e emissions,8232020853.013561
1750,gCO2e emissions,9958577691.711847
1751,gCO2e emissions,12677161502.711079
1752,gCO2e emissions,10997864368.706429
1753,gCO2e emissions,11455240299.419546
1754,gCO2e emissions,10489385380.751844
1755,gCO2e emissions,10276169583.160933
1756,gCO2e emissions,9376063749.03176
1757,gCO2e emissions,9637434856.700233
1758,gCO2e emissions,7584512316.034082
1759,gCO2e emissions,9673415801.704107
1760,gCO2e emissions,5850358963.0058155
1761,gCO2e emissions,9244859354.415676
1762,gCO2e emissions,10491430339.541431
1763,gCO2e emissions,11730796127.033304
1764,gCO2e emissions,9151039679.744877
1765,gCO2e emissions,7894471666.336568
1766,gCO2e emissions,8438042774.00504
1767,gCO2e emissions,8234521016.158608
1768,gCO2e emissions,12506871503.191523
1769,gCO2e emissions,11123236259.194622
1770,gCO2e emissions,9295700501.245144
1771,gCO2e emissions,8929767854.37645
1772,gCO2e emissions,10543677691.711853
1773,gCO2e emissions,13715768865.46098
1774,gCO2e emissions,10952783794.708166
1775,gCO2e emissions,10334807240.736752
1776,gCO2e emissions,7843023429.73752
1777,gCO2e emissions,9583750984.694427
1778,gCO2e emissions,12276003037.366774
1779,gCO2e emissions,12256274145.035246
1780,gCO2e emissions,11397369713.400467
1781,gCO2e emissions,11484024632.068163
1782,gCO2e emissions,9733585902.40124
1783,gCO2e emissions,12154450658.404339
1784,gCO2e emissions,12731760495.739737
1785,gCO2e emissions,14791731603.40821
1786,gCO2e emissions,10342180170.410534
1787,gCO2e emissions,9989541440.743608
1788,gCO2e emissions,10122628383.021704
1789,gCO2e emissions,12153625288.761538
1790,gCO2e emissions,13156487696.30549
1791,gCO2e emissions,14205784210.635462
1792,gCO2e emissions,12139034469.40356
1793,gCO2e emissions,11183998088.19579
1794,gCO2e emissions,11265994211.115906
1795,gCO2e emissions,12104468576.189594
1796,gCO2e emissions,13603705385.825932
1797,gCO2e emissions,12860169913.564215
1798,gCO2e emissions,13337737889.953821
1799,gCO2e emissions,16939034012.873943
1800,gCO2e emissions,17404668865.46098
1801,gCO2e emissions,13939936096.04958
1802,gCO2e emissions,11664477174.17565
1803,gCO2e emissions,12288566945.430391
1804,gCO2e emissions,14150913555.38342
1805,gCO2e emissions,15266719907.048801
1806,gCO2e emissions,15198703718.048029
1807,gCO2e emissions,16919154119.556925
1808,gCO2e emissions,14834488311.866968
1809,gCO2e emissions,14398255933.865417
1810,gCO2e emissions,12010129516.11938
1811,gCO2e emissions,13114913195.394632
1812,gCO2e emissions,13284700232.378002
1813,gCO2e emissions,12851458017.041058
1814,gCO2e emissions,11574970720.371805
1815,gCO2e emissions,10102638342.370255
1816,gCO2e emissions,10881729662.443813
1817,gCO2e emissions,8745348179.705654
1818,gCO2e emissions,10256831990.704882
1819,gCO2e emissions,8905805964.368706
1820,gCO2e emissions,8113083423.702557
1821,gCO2e emissions,10557287178.239723
1822,gCO2e emissions,11927022153.36948
1823,gCO2e emissions,8411332936.669642
1824,gCO2e emissions,7360665706.08105
1825,gCO2e emissions,7949329842.409476
1826,gCO2e emissions,9964522691.103767
1827,gCO2e emissions,9106392641.363285
1828,gCO2e emissions,8988421533.69481
1829,gCO2e emissions,7716191112.742552
1830,gCO2e emissions,6842068963.486259
1831,gCO2e emissions,7847570100.697133
1832,gCO2e emissions,12272118667.69946
1833,gCO2e emissions,10564286289.69791
1834,gCO2e emissions,8844307301.743328
1835,gCO2e emissions,7948355746.202936
1836,gCO2e emissions,6770241208.365607
1837,gCO2e emissions,7369144962.902773
1838,gCO2e emissions,9046741208.365608
1839,gCO2e emissions,10281760883.03641
1840,gCO2e emissions,9118151828.52072
1841,gCO2e emissions,12866939125.189976
1842,gCO2e emissions,8013838342.3702545
1843,gCO2e emissions,10422615801.704105
1844,gCO2e emissions,8242313204.575896
1845,gCO2e emissions,10879612935.708754
1846,gCO2e emissions,9686838962.044926
1847,gCO2e emissions,10373677691.711851
1848,gCO2e emissions,15588927184.274687
1849,gCO2e emissions,16997187011.51105
1850,gCO2e emissions,12945230364.05887
1851,gCO2e emissions,13288089159.806454
1852,gCO2e emissions,12236576847.885557
1853,gCO2e emissions,10896095739.736637
1854,gCO2e emissions,9100815414.407433
1855,gCO2e emissions,10140601182.455954
1856,gCO2e emissions,9160998707.87046
1857,gCO2e emissions,12207406588.156567
1858,gCO2e emissions,9702478356.10204
1859,gCO2e emissions,10032496359.411306
1860,gCO2e emissions,11785799845.08133
1861,gCO2e emissions,12151897925.050743
1862,gCO2e emissions,10983062452.78903
1863,gCO2e emissions,9444187696.305485
1864,gCO2e emissions,11139184602.04532
1865,gCO2e emissions,10341679550.735863
1866,gCO2e emissions,12368685902.401237
1867,gCO2e emissions,12865807305.856516
1868,gCO2e emissions,15169466227.73044
1869,gCO2e emissions,13331333849.728893
1870,gCO2e emissions,11821432321.10816
1871,gCO2e emissions,11197024049.412195
1872,gCO2e emissions,8873112646.43736
1873,gCO2e emissions,9098722752.639902
1874,gCO2e emissions,11895185282.726566
1875,gCO2e emissions,16466860822.029827
1876,gCO2e emissions,16857421700.953047
1877,gCO2e emissions,13779544013.354385
1878,gCO2e emissions,11512060471.2223
1879,gCO2e emissions,13921647662.16945
1880,gCO2e emissions,12959646879.349733
1881,gCO2e emissions,11154227204.678936
1882,gCO2e emissions,10528479029.086473
1883,gCO2e emissions,10723507530.008137
1884,gCO2e emissions,12306952219.93058
1885,gCO2e emissions,11699689775.36793
1886,gCO2e emissions,13805415801.704105
1887,gCO2e emissions,10818044694.035633
1888,gCO2e emissions,12325744694.035631
1889,gCO2e emissions,13193499612.703333
1890,gCO2e emissions,11443296127.033304
1891,gCO2e emissions,14529189775.367933
1892,gCO2e emissions,11840008830.364058
1893,gCO2e emissions,8873308830.36406
1894,gCO2e emissions,7053078018.001943
1895,gCO2e emissions,7431564140.441614
1896,gCO2e emissions,9624873586.367155
1897,gCO2e emissions,8000708830.3640585
1898,gCO2e emissions,7890335125.567374
1899,gCO2e emissions,9194378800.821661
1900,gCO2e emissions,7778678409.411801
1901,gCO2e emissions,5788645248.590535
1902,gCO2e emissions,5520806518.92361
1903,gCO2e emissions,7825608830.364059
1904,gCO2e emissions,7638844074.36096
1905,gCO2e emissions,12122998993.028662
1906,gCO2e emissions,6267886452.842954
1907,gCO2e emissions,8037453292.021688
1908,gCO2e emissions,11780873235.55963
1909,gCO2e emissions,11843979318.357859
1910,gCO2e emissions,11053746940.356318
1911,gCO2e emissions,9340963129.357086
1912,gCO2e emissions,9365582804.027884
1913,gCO2e emissions,9040276452.362509
1914,gCO2e emissions,10691018667.69946
1915,gCO2e emissions,11640360883.036407
1916,gCO2e emissions,15776358017.041056
1917,gCO2e emissions,19003655151.0457
1918,gCO2e emissions,12687416421.378778
1919,gCO2e emissions,10894803718.048025
1920,gCO2e emissions,11221297366.382648
1921,gCO2e emissions,10385113555.383423
1922,gCO2e emissions,14471575445.391169
1923,gCO2e emissions,11863907823.392717
1924,gCO2e emissions,12105688768.396597
1925,gCO2e emissions,9742150038.729668
1926,gCO2e emissions,9677037335.398914
1927,gCO2e emissions,12428024632.068167
1928,gCO2e emissions,11506230983.733541
1929,gCO2e emissions,12383643687.064295
1930,gCO2e emissions,10193833849.728893
1931,gCO2e emissions,10335178931.061192
1932,gCO2e emissions,10498730983.733538
1933,gCO2e emissions,12502640821.068949
1934,gCO2e emissions,11823373199.07049
1935,gCO2e emissions,9985179550.735867
1936,gCO2e emissions,14994879550.735868
1937,gCO2e emissions,10074647172.734316
1938,gCO2e emissions,10353118549.269932
1939,gCO2e emissions,9785566496.597586
1940,gCO2e emissions,10108688768.396591
1941,gCO2e emissions,13229688768.39659
1942,gCO2e emissions,12062175445.391167
1943,gCO2e emissions,14310926878.388844
1944,gCO2e emissions,14467591014.717274
1945,gCO2e emissions,10686367854.376453
1946,gCO2e emissions,14283245313.710299
1947,gCO2e emissions,9801400232.377998
1948,gCO2e emissions,8074319287.374127
1949,gCO2e emissions,8558535476.374902
1950,gCO2e emissions,8303760883.0364065
1951,gCO2e emissions,12157354531.371029
1952,gCO2e emissions,9733860883.036407
1953,gCO2e emissions,11195038342.37025
1954,gCO2e emissions,9301422153.36948
1955,gCO2e emissions,6803201178.342763
1956,gCO2e emissions,9095782123.346636
1957,gCO2e emissions,9771151310.984522
1958,gCO2e emissions,9546061417.187065
1959,gCO2e emissions,8374558445.469614
1960,gCO2e emissions,10913965934.345861
1961,gCO2e emissions,11324906621.062077
1962,gCO2e emissions,9978682412.411861
1963,gCO2e emissions,8377048482.007868
1964,gCO2e emissions,7443817632.62705
1965,gCO2e emissions,14203215158.041561
1966,gCO2e emissions,10238628607.173325
1967,gCO2e emissions,11274951930.659191
1968,gCO2e emissions,7792262285.530794
1969,gCO2e emissions,7151536259.194619
1970,gCO2e emissions,10996106584.043377
1971,gCO2e emissions,11478559974.090345
1972,gCO2e emissions,11203968637.196169
1973,gCO2e emissions,10094367626.111639
1974,gCO2e emissions,10071489775.36793
1975,gCO2e emissions,11858158963.005817
1976,gCO2e emissions,10902597692.67274
1977,gCO2e emissions,7963352611.34044
1978,gCO2e emissions,8881239125.18997
1979,gCO2e emissions,10697531990.704882
1980,gCO2e emissions,10348354531.371033
1981,gCO2e emissions,9760322153.369482
1982,gCO2e emissions,7792630462.084148
1983,gCO2e emissions,9977409450.038729
1984,gCO2e emissions,12767590395.0426
1985,gCO2e emissions,12736835476.3749
1986,gCO2e emissions,10071582514.756495
1987,gCO2e emissions,10974720461.603704
1988,gCO2e emissions,11721300232.378
1989,gCO2e emissions,10058077691.71185
1990,gCO2e emissions,8949649068.247467
1991,gCO2e emissions,8470495054.942199
1992,gCO2e emissions,9567032610.379549
1993,gCO2e emissions,9955681177.38187
1994,gCO2e emissions,16150094500.387299
1995,gCO2e emissions,13104539581.719599
1996,gCO2e emissions,8945955770.720373
1997,gCO2e emissions,8312691014.717274
1998,gCO2e emissions,8863983134.43117
1999,gCO2e emissions,13678718606.692884
2000,gCO2e emissions,12557235187.103516
2001,gCO2e emissions,10125588148.721922
2002,gCO2e emissions,8004981797.056545
2003,gCO2e emissions,10177017041.053444
2004,gCO2e emissions,11457362122.385746
2005,gCO2e emissions,13547769256.870838
2006,gCO2e emissions,11751688311.866968
2007,gCO2e emissions,11530687529.04725
2008,gCO2e emissions,12506971340.046473
2009,gCO2e emissions,8975458636.715727
2010,gCO2e emissions,9224745933.384972
2011,gCO2e emissions,8900774825.716496
2012,gCO2e emissions,8154713555.383423
2013,gCO2e emissions,10987152285.050348
2014,gCO2e emissions,8241748799.380323
2015,gCO2e emissions,8130600232.378002
2016,gCO2e emissions,8605545313.7103
2017,gCO2e emissions,8453968123.243595
2018,gCO2e emissions,9822953891.292116
2019,gCO2e emissions,10852325267.827728
2020,gCO2e emissions,16468069688.88303
2021,gCO2e emissions,11971617367.34354
2022,gCO2e emissions,10150962057.265984
2023,gCO2e emissions,9915760883.036404
2024,gCO2e emissions,13949643393.679716
2025,gCO2e emissions,8762795218.087244
2026,gCO2e emissions,8679350797.031946
2027,gCO2e emissions,8581716213.312044
2028,gCO2e emissions,9232889649.241587
2029,gCO2e emissions,6421973997.975099
2030,gCO2e emissions,6057728505.034858
2031,gCO2e emissions,6648973586.367158
2032,gCO2e emissions,10245867234.701778
2033,gCO2e emissions,7221057397.366382
2034,gCO2e emissions,10154595381.232294
2035,gCO2e emissions,9362241208.365606
2036,gCO2e emissions,14364031990.704885
2037,gCO2e emissions,11269399612.703331
2038,gCO2e emissions,11493824770.695774
2039,gCO2e emissions,11577416853.390965
2040,gCO2e emissions,7859246137.13235
2041,gCO2e emissions,7165225019.364831
2042,gCO2e emissions,9550673586.367155
2043,gCO2e emissions,10339544694.035631
2044,gCO2e emissions,9925473586.367155
2045,gCO2e emissions,8854151045.701004
2046,gCO2e emissions,10243483423.702557
2047,gCO2e emissions,10188538342.370255
2048,gCO2e emissions,10163725639.039507
2049,gCO2e emissions,8975235476.374903
2050,gCO2e emissions,7602680557.707205
2051,gCO2e emissions,7120254531.371031
2052,gCO2e emissions,7761486163.571563
2053,gCO2e emissions,8365335121.983748
2054,gCO2e emissions,10479174206.041824
2055,gCO2e emissions,11331819287.374126
2056,gCO2e emissions,13669012935.708754
2057,gCO2e emissions,14022006584.043379
2058,gCO2e emissions,14929522773.044151
2059,gCO2e emissions,11890751665.37568
2060,gCO2e emissions,11154010338.580544
2061,gCO2e emissions,10498626258.714174
2062,gCO2e emissions,10943458636.715725
2063,gCO2e emissions,8515792188.946845
2064,gCO2e emissions,8191362122.385747
2065,gCO2e emissions,7400465608.055772
2066,gCO2e emissions,6797081797.056547
2067,gCO2e emissions,8293978931.0611925
2068,gCO2e emissions,8968846553.059643
2069,gCO2e emissions,12401736715.724245
2070,gCO2e emissions,10305286228.691334
2071,gCO2e emissions,10176304337.722696
2072,gCO2e emissions,6207745933.384973
2073,gCO2e emissions,6360497366.382648
2074,gCO2e emissions,7848842447.71495
2075,gCO2e emissions,8866013555.383425
2076,gCO2e emissions,8370858636.715725
2077,gCO2e emissions,8645600232.378002
2078,gCO2e emissions,8406154531.37103
2079,gCO2e emissions,8402079420.496328
2080,gCO2e emissions,13581045851.444588
2081,gCO2e emissions,13067683423.702557
2082,gCO2e emissions,11758222153.369484
2083,gCO2e emissions,11518331990.70488
2084,gCO2e emissions,13784658017.04106
2085,gCO2e emissions,12363625639.039505
2086,gCO2e emissions,9664693261.037954
2087,gCO2e emissions,10015631990.704878
2088,gCO2e emissions,11241838342.370256
2089,gCO2e emissions,8263573586.367156
2090,gCO2e emissions,9026139002.647255
2091,gCO2e emissions,13460597406.98498
2092,gCO2e emissions,12980416584.523827
2093,gCO2e emissions,9702848342.8507
2094,gCO2e emissions,9253926193.594408
2095,gCO2e emissions,11357373586.367155
2096,gCO2e emissions,7897357397.366383
2097,gCO2e emissions,8122963749.031757
2098,gCO2e emissions,9198473586.367155
2099,gCO2e emissions,9606586289.69791
2100,gCO2e emissions,7729033328.079502
2101,gCO2e emissions,6772133719.489359
2102,gCO2e emissions,5801808830.3640585
2103,gCO2e emissions,7917434856.700231
2104,gCO2e emissions,7917973586.367158
2105,gCO2e emissions,7619144339.644473
2106,gCO2e emissions,11728112581.317595
2107,gCO2e emissions,8855370720.371803
2108,gCO2e emissions,8685974206.041828
2109,gCO2e emissions,11517041828.040277
2110,gCO2e emissions,10992412935.708752
2111,gCO2e emissions,10486396746.707977
2112,gCO2e emissions,9231697920.937555
2113,gCO2e emissions,6726490395.042603
2114,gCO2e emissions,7302845313.710302
2115,gCO2e emissions,8347961502.711077
2116,gCO2e emissions,8980922773.044153
2117,gCO2e emissions,9016627204.678936
2118,gCO2e emissions,10965050136.754944
2119,gCO2e emissions,8681217758.753395
2120,gCO2e emissions,8962925639.039505
2121,gCO2e emissions,7442805964.368705
2122,gCO2e emissions,7015373586.367155
2123,gCO2e emissions,6249034856.700232
2124,gCO2e emissions,6023282286.491683
2125,gCO2e emissions,9559291732.417223
2126,gCO2e emissions,10385184989.341988
2127,gCO2e emissions,12700196746.70798
2128,gCO2e emissions,16196287529.04725
2129,gCO2e emissions,9554593880.712627
2130,gCO2e emissions,9126521864.098091
2131,gCO2e emissions,9442045933.38497
2132,gCO2e emissions,8837107203.718048
2133,gCO2e emissions,11862039581.719597
2134,gCO2e emissions,10313678311.386522
2135,gCO2e emissions,9982503200.511824
2136,gCO2e emissions,10551636715.724247
2137,gCO2e emissions,10574546553.059645
2138,gCO2e emissions,10545230364.058872
2139,gCO2e emissions,12074991634.391947
2140,gCO2e emissions,10644236715.724245
2141,gCO2e emissions,9304943458.79948
2142,gCO2e emissions,7413417041.053447
2143,gCO2e emissions,6542784663.051897
2144,gCO2e emissions,6607252676.460207
2145,gCO2e emissions,8010597366.382651
2146,gCO2e emissions,8836900852.052671
2147,gCO2e emissions,8071123392.718822
2148,gCO2e emissions,7106391014.717273
2149,gCO2e emissions,6006681446.249018
2150,gCO2e emissions,6172046879.349735
2151,gCO2e emissions,6350946756.80702
2152,gCO2e emissions,6734980557.707205
2153,gCO2e emissions,7168638342.370256
2154,gCO2e emissions,11697615801.704105
2155,gCO2e emissions,10867698475.492458
2156,gCO2e emissions,9929612316.03408
2157,gCO2e emissions,10521734856.700235
2158,gCO2e emissions,10069653911.69636
2159,gCO2e emissions,12513115182.029434
2160,gCO2e emissions,10647223099.334242
2161,gCO2e emissions,10887323099.334242
2162,gCO2e emissions,9497100950.077953
2163,gCO2e emissions,11536731371.030209
2164,gCO2e emissions,11038225019.364834
2165,gCO2e emissions,9841376452.362509
2166,gCO2e emissions,9346539679.744875
2167,gCO2e emissions,8357556260.155508
2168,gCO2e emissions,10439722153.36948
2169,gCO2e emissions,9475205964.368706
2170,gCO2e emissions,8482892632.182019
2171,gCO2e emissions,11044498475.492458
2172,gCO2e emissions,10083599612.703333
2173,gCO2e emissions,8573731990.704879
2174,gCO2e emissions,6973680557.707202
2175,gCO2e emissions,5499586909.37258
2176,gCO2e emissions,11800932610.37955
2177,gCO2e emissions,14144303718.048023
2178,gCO2e emissions,9948726258.714172
2179,gCO2e emissions,7724397366.382648
2180,gCO2e emissions,8430933498.921364
2181,gCO2e emissions,6430303718.048023
2182,gCO2e emissions,7816055151.0457
2183,gCO2e emissions,7912693880.7126255
2184,gCO2e emissions,9598990395.042603
2185,gCO2e emissions,9626974206.041828
2186,gCO2e emissions,9516951665.375679
2187,gCO2e emissions,10115708541.092669
2188,gCO2e emissions,6037982906.166353
2189,gCO2e emissions,5131740299.419547
2190,gCO2e emissions,6861162448.675839
2191,gCO2e emissions,7419148734.260559
2192,gCO2e emissions,10842440579.509674
2193,gCO2e emissions,8518182804.027886
2194,gCO2e emissions,10415921533.694809
2195,gCO2e emissions,10606827885.360188
2196,gCO2e emissions,10704882804.027885
2197,gCO2e emissions,10229589155.693262
2198,gCO2e emissions,10857309099.2312
2199,gCO2e emissions,8592760263.361732
2200,gCO2e emissions,9861360263.361736
2201,gCO2e emissions,11511473586.367159
2202,gCO2e emissions,14712199612.703333
2203,gCO2e emissions,17942725639.039505
2204,gCO2e emissions,14430693261.037952
2205,gCO2e emissions,12269312935.708754
2206,gCO2e emissions,9916587529.04725
2207,gCO2e emissions,12330878311.38652
2208,gCO2e emissions,12303062122.385752
2209,gCO2e emissions,7954007203.71805
2210,gCO2e emissions,7622784663.051898
2211,gCO2e emissions,8006604337.722695
2212,gCO2e emissions,8827304337.722694
2213,gCO2e emissions,8483045415.84877
2214,gCO2e emissions,7847518606.69288
2215,gCO2e emissions,7141244901.896195
2216,gCO2e emissions,7705155770.720371
2217,gCO2e emissions,8193345933.3849745
2218,gCO2e emissions,8118888703.276824
2219,gCO2e emissions,9585111904.219975
2220,gCO2e emissions,6199194826.677388
2221,gCO2e emissions,8016495218.087247
2222,gCO2e emissions,8524641828.040278
2223,gCO2e emissions,8039460883.0364065
2224,gCO2e emissions,8143767234.701779
2225,gCO2e emissions,12755684989.341988
2226,gCO2e emissions,8929057397.366385
2227,gCO2e emissions,8800528773.901999
2228,gCO2e emissions,10530612316.034082
2229,gCO2e emissions,9968925019.364832
2230,gCO2e emissions,9821023490.744102
2231,gCO2e emissions,8700745640.000393
0,gCO2e emissions,nil
1,gCO2e emissions,nil
2,gCO2e emissions,26634065059.717743
3,gCO2e emissions,43595222153.04577
4,gCO2e emissions,58242739204.90647
5,gCO2e emissions,52605961345.947205
6,gCO2e emissions,50948816939.43369
7,gCO2e emissions,47091765784.468864
8,gCO2e emissions,45797645067.88912
9,gCO2e emissions,46092325527.13974
10,gCO2e emissions,47575246238.74126
11,gCO2e emissions,50308134073.14479
12,gCO2e emissions,52183119982.0758
13,gCO2e emissions,53405330318.60762
14,gCO2e emissions,49798410106.202545
15,gCO2e emissions,46453220212.40509
16,gCO2e emissions,44965830318.60763
17,gCO2e emissions,42055850531.01271
18,gCO2e emissions,41429050531.01271
19,gCO2e emissions,39974040424.810165
20,gCO2e emissions,39381060637.215256
21,gCO2e emissions,37215040424.810165
22,gCO2e emissions,34578030318.60762
23,gCO2e emissions,32652030318.607624
24,gCO2e emissions,32212020212.405083
25,gCO2e emissions,33677930318.607624
26,gCO2e emissions,35221310106.202545
27,gCO2e emissions,36017010106.202545
28,gCO2e emissions,34847820212.40508
29,gCO2e emissions,34768110106.202545
30,gCO2e emissions,36049720212.40508
31,gCO2e emissions,39280320212.40509
32,gCO2e emissions,39724100000.0
33,gCO2e emissions,40868210106.202545
34,gCO2e emissions,41527400000.0
35,gCO2e emissions,43047220212.40508
36,gCO2e emissions,45839020212.40508
37,gCO2e emissions,45095600000.0
38,gCO2e emissions,47664320212.40508
39,gCO2e emissions,47673330318.607635
40,gCO2e emissions,50324410106.202545
41,gCO2e emissions,51127820212.40509
42,gCO2e emissions,51096530318.60762
43,gCO2e emissions,49125400000.0
44,gCO2e emissions,48740710106.202545
45,gCO2e emissions,47290112963.01663
46,gCO2e emissions,46816320212.40508
47,gCO2e emissions,44356030318.60763
48,gCO2e emissions,43152020212.40508
49,gCO2e emissions,41870030318.60763
50,gCO2e emissions,16675689550.480635
51,gCO2e emissions,10617538900.832172
52,gCO2e emissions,10743470602.26563
53,gCO2e emissions,13937065122.85103
54,gCO2e emissions,16820658180.141617
55,gCO2e emissions,20318165808.91076
56,gCO2e emissions,23443458804.459007
57,gCO2e emissions,21890328799.227936
58,gCO2e emissions,19844484399.106445
59,gCO2e emissions,17518014735.27044
60,gCO2e emissions,16838213325.402643
61,gCO2e emissions,17213963417.442078
62,gCO2e emissions,18073973306.660233
63,gCO2e emissions,20021487266.16093
64,gCO2e emissions,21489600055.015694
65,gCO2e emissions,22143647113.59533
66,gCO2e emissions,23543277942.778057
67,gCO2e emissions,24973525213.00811
68,gCO2e emissions,26498786320.19613
69,gCO2e emissions,27468920870.480984
70,gCO2e emissions,27953853016.63408
71,gCO2e emissions,27373897046.2795
72,gCO2e emissions,28209677196.977024
73,gCO2e emissions,27789993920.128475
74,gCO2e emissions,28166214837.938393
75,gCO2e emissions,26628430190.280117
76,gCO2e emissions,25193538156.09027
77,gCO2e emissions,24938191457.02958
78,gCO2e emissions,23596097894.218998
79,gCO2e emissions,23019989182.607853
80,gCO2e emissions,21230878916.843906
81,gCO2e emissions,19939759433.419243
82,gCO2e emissions,19683004746.599995
83,gCO2e emissions,18878801171.822334
84,gCO2e emissions,18339614441.1946
85,gCO2e emissions,17788332216.23905
86,gCO2e emissions,17538384697.339966
87,gCO2e emissions,18158029652.545925
88,gCO2e emissions,17379247521.61971
89,gCO2e emissions,18727714123.822147
90,gCO2e emissions,17583796369.181953
91,gCO2e emissions,16801459045.593033
92,gCO2e emissions,15843243921.516125
93,gCO2e emissions,17415593197.300743
94,gCO2e emissions,20334634924.217182
95,gCO2e emissions,20932501457.510056
96,gCO2e emissions,22562987171.92541
97,gCO2e emissions,22050658511.442326
98,gCO2e emissions,23736775117.06162
99,gCO2e emissions,23879627324.65266
100,gCO2e emissions,25284088655.462738
101,gCO2e emissions,27562396038.087334
102,gCO2e emissions,31743237878.305466
103,gCO2e emissions,33713706262.18984
104,gCO2e emissions,34415033935.57625
105,gCO2e emissions,35110245685.24545
106,gCO2e emissions,37871593407.89189
107,gCO2e emissions,39088026115.767166
108,gCO2e emissions,40157227224.87699
109,gCO2e emissions,39738826622.02297
110,gCO2e emissions,40002407468.26584
111,gCO2e emissions,38863524436.708855
112,gCO2e emissions,40414998373.354
113,gCO2e emissions,41184743454.68628
114,gCO2e emissions,40488917428.35011
115,gCO2e emissions,39677897402.66563
116,gCO2e emissions,37105158775.34333
117,gCO2e emissions,37378199693.90799
118,gCO2e emissions,37468272738.42767
119,gCO2e emissions,38377098642.22112
120,gCO2e emissions,38901399322.696205
121,gCO2e emissions,39167187790.217575
122,gCO2e emissions,40040886615.98801
123,gCO2e emissions,40854364075.32185
124,gCO2e emissions,39626043992.42057
125,gCO2e emissions,40507339969.01627
126,gCO2e emissions,40992701239.34934
127,gCO2e emissions,42946942194.93269
128,gCO2e emissions,42389668861.34779
129,gCO2e emissions,43260085050.34857
130,gCO2e emissions,42472156426.88418
131,gCO2e emissions,43629836483.34625
132,gCO2e emissions,43608043617.83134
133,gCO2e emissions,43780931183.36773
134,gCO2e emissions,43810357747.43819
135,gCO2e emissions,44505640506.75056
136,gCO2e emissions,44432138178.489494
137,gCO2e emissions,45465642835.01163
138,gCO2e emissions,44757577438.92961
139,gCO2e emissions,43855098145.08918
140,gCO2e emissions,41569940506.75056
141,gCO2e emissions,40798157747.438194
142,gCO2e emissions,42074396225.058586
143,gCO2e emissions,41049279505.284615
144,gCO2e emissions,41596098291.4136
145,gCO2e emissions,40562391939.74822
146,gCO2e emissions,41438059684.28939
147,gCO2e emissions,40498647372.3685
148,gCO2e emissions,40371325206.29158
149,gCO2e emissions,38900121802.56194
150,gCO2e emissions,38275569297.47313
151,gCO2e emissions,35161545933.178795
152,gCO2e emissions,33362006624.969078
153,gCO2e emissions,31426109923.506176
154,gCO2e emissions,30813276518.129044
155,gCO2e emissions,29673446309.35671
156,gCO2e emissions,26505674528.703808
157,gCO2e emissions,24231537062.90365
158,gCO2e emissions,23874498787.726925
159,gCO2e emissions,25009780063.134094
160,gCO2e emissions,24863389459.53968
161,gCO2e emissions,23508903699.18803
162,gCO2e emissions,23387463079.13573
163,gCO2e emissions,24272577229.88256
164,gCO2e emissions,25890690341.237633
165,gCO2e emissions,27326459059.844593
166,gCO2e emissions,24182671334.74679
167,gCO2e emissions,22162587377.217007
168,gCO2e emissions,20996869425.996696
169,gCO2e emissions,22920026041.557995
170,gCO2e emissions,25285600822.50149
171,gCO2e emissions,23778972387.97789
172,gCO2e emissions,24633023429.56569
173,gCO2e emissions,22223400674.163082
174,gCO2e emissions,22357902221.14635
175,gCO2e emissions,22916225332.981834
176,gCO2e emissions,24238130432.796597
177,gCO2e emissions,25352759744.37542
178,gCO2e emissions,25024651904.955296
179,gCO2e emissions,25014717889.027252
180,gCO2e emissions,25361300583.013714
181,gCO2e emissions,25830700060.349667
182,gCO2e emissions,24664757525.889893
183,gCO2e emissions,22270967025.654747
184,gCO2e emissions,20449373377.320137
185,gCO2e emissions,21043759825.84374
186,gCO2e emissions,21595863756.76293
187,gCO2e emissions,20146074148.653263
188,gCO2e emissions,19254284926.619427
189,gCO2e emissions,20183289211.92977
190,gCO2e emissions,22495785757.94442
191,gCO2e emissions,22628765317.068375
192,gCO2e emissions,23233013212.307053
193,gCO2e emissions,24674853164.708855
194,gCO2e emissions,23947326266.445343
195,gCO2e emissions,21260981702.64923
196,gCO2e emissions,19545478984.728695
197,gCO2e emissions,21064101740.628815
198,gCO2e emissions,22477076430.242218
199,gCO2e emissions,22601685879.957554
200,gCO2e emissions,22659996212.062103
201,gCO2e emissions,22523174242.03575
202,gCO2e emissions,22895521321.225857
203,gCO2e emissions,24832990874.21193
204,gCO2e emissions,28093249632.411232
205,gCO2e emissions,30017861242.92322
206,gCO2e emissions,31741616300.218544
207,gCO2e emissions,31722694435.91429
208,gCO2e emissions,34564674019.23227
209,gCO2e emissions,35747507452.71046
210,gCO2e emissions,35469478035.145935
211,gCO2e emissions,36911221077.488556
212,gCO2e emissions,37053984447.81789
213,gCO2e emissions,38102739492.61193
214,gCO2e emissions,38866874491.523415
215,gCO2e emissions,38649512475.389336
216,gCO2e emissions,39145951882.15386
217,gCO2e emissions,38702279954.64698
218,gCO2e emissions,41353509397.94981
219,gCO2e emissions,42121206286.869
220,gCO2e emissions,40904444996.337845
221,gCO2e emissions,40424050173.773636
222,gCO2e emissions,39869914061.433014
223,gCO2e emissions,38419953805.7681
224,gCO2e emissions,37424280472.18318
225,gCO2e emissions,38726851494.327644
226,gCO2e emissions,41187068445.950066
227,gCO2e emissions,41866530237.19681
228,gCO2e emissions,41746555228.66672
229,gCO2e emissions,41302666117.68897
230,gCO2e emissions,40009575563.614525
231,gCO2e emissions,39064640605.30539
232,gCO2e emissions,39811321407.56847
233,gCO2e emissions,40640542562.35468
234,gCO2e emissions,41958815344.968315
235,gCO2e emissions,41433593726.48521
236,gCO2e emissions,42157495523.97308
237,gCO2e emissions,42266498866.90231
238,gCO2e emissions,43122870671.86648
239,gCO2e emissions,42687136125.16529
240,gCO2e emissions,40407408655.7324
241,gCO2e emissions,40420581866.7746
242,gCO2e emissions,40843712250.70815
243,gCO2e emissions,42044439699.94296
244,gCO2e emissions,41063935945.4058
245,gCO2e emissions,39932801398.70459
246,gCO2e emissions,39617516413.475784
247,gCO2e emissions,37878112135.80477
248,gCO2e emissions,37112154091.45584
249,gCO2e emissions,39213703955.23044
250,gCO2e emissions,39533341738.93262
251,gCO2e emissions,38688551327.598976
252,gCO2e emissions,36890237552.17709
253,gCO2e emissions,35452188018.805786
254,gCO2e emissions,35749498863.64205
255,gCO2e emissions,33284481830.815002
256,gCO2e emissions,32189793087.25923
257,gCO2e emissions,30298042212.929626
258,gCO2e emissions,28342160808.342056
259,gCO2e emissions,26542038752.306644
260,gCO2e emissions,24274594090.27908
261,gCO2e emissions,24092743449.548313
262,gCO2e emissions,23561730009.863728
263,gCO2e emissions,24001869830.80521
264,gCO2e emissions,23239203888.071278
265,gCO2e emissions,25070367460.927147
266,gCO2e emissions,24070556371.27136
267,gCO2e emissions,25338739579.47402
268,gCO2e emissions,23625515666.164925
269,gCO2e emissions,24248057901.69995
270,gCO2e emissions,24624544676.985714
271,gCO2e emissions,24885979498.151695
272,gCO2e emissions,24330561494.842426
273,gCO2e emissions,23847652611.37482
274,gCO2e emissions,25415700411.908215
275,gCO2e emissions,25775885137.451164
276,gCO2e emissions,25192663025.213535
277,gCO2e emissions,23955529092.589382
278,gCO2e emissions,23950274177.768944
279,gCO2e emissions,22154366472.11449
280,gCO2e emissions,22731139251.350662
281,gCO2e emissions,21798513693.839237
282,gCO2e emissions,22519981455.201015
283,gCO2e emissions,21113224440.120693
284,gCO2e emissions,21340601552.70271
285,gCO2e emissions,23502084458.339508
286,gCO2e emissions,23745096571.84703
287,gCO2e emissions,23179452614.958416
288,gCO2e emissions,23312170317.509697
289,gCO2e emissions,22128631159.414207
290,gCO2e emissions,22765069768.28879
291,gCO2e emissions,22346204815.70557
292,gCO2e emissions,22874208501.333202
293,gCO2e emissions,22276652611.374775
294,gCO2e emissions,21773054097.37919
295,gCO2e emissions,22571027293.820942
296,gCO2e emissions,23942448962.55972
297,gCO2e emissions,22936992392.72861
298,gCO2e emissions,23927178409.44617
299,gCO2e emissions,22438057866.43164
300,gCO2e emissions,22431263307.60673
301,gCO2e emissions,22859615890.31656
302,gCO2e emissions,23967215188.701492
303,gCO2e emissions,24650242969.56037
304,gCO2e emissions,25301719584.5384
305,gCO2e emissions,26604510585.90145
306,gCO2e emissions,28244705167.16999
307,gCO2e emissions,27797376327.942047
308,gCO2e emissions,27830913589.994823
309,gCO2e emissions,28400390824.85366
310,gCO2e emissions,30375333802.07651
311,gCO2e emissions,31670301501.902145
312,gCO2e emissions,32582696140.38751
313,gCO2e emissions,32306672694.56507
314,gCO2e emissions,32568752472.506634
315,gCO2e emissions,31758110782.345257
316,gCO2e emissions,32972685939.419918
317,gCO2e emissions,36365187994.28832
318,gCO2e emissions,38740733752.718254
319,gCO2e emissions,38125266024.99771
320,gCO2e emissions,36124202638.05393
321,gCO2e emissions,35660872905.6859
322,gCO2e emissions,35777173834.83004
323,gCO2e emissions,35755040694.20686
324,gCO2e emissions,35377151368.2013
325,gCO2e emissions,35847682926.364426
326,gCO2e emissions,35407893032.56697
327,gCO2e emissions,36354974617.649765
328,gCO2e emissions,38370351453.72531
329,gCO2e emissions,39021546524.95857
330,gCO2e emissions,38093777765.74925
331,gCO2e emissions,37470213792.56589
332,gCO2e emissions,36804280614.92399
333,gCO2e emissions,37403240711.02748
334,gCO2e emissions,37223179811.9062
335,gCO2e emissions,37181970365.98065
336,gCO2e emissions,37859507958.4367
337,gCO2e emissions,37175608581.695
338,gCO2e emissions,35986613527.28236
339,gCO2e emissions,36130254482.865715
340,gCO2e emissions,35580877414.94173
341,gCO2e emissions,36482163806.24855
342,gCO2e emissions,35159069106.22705
343,gCO2e emissions,32898829222.52864
344,gCO2e emissions,33722506429.81597
345,gCO2e emissions,33764604724.8132
346,gCO2e emissions,33943745231.76992
347,gCO2e emissions,34171900558.668095
348,gCO2e emissions,34740109902.24899
349,gCO2e emissions,33503800072.552963
350,gCO2e emissions,32965172738.221504
351,gCO2e emissions,31751895544.171173
352,gCO2e emissions,34402476648.736465
353,gCO2e emissions,31745965987.97901
354,gCO2e emissions,30647617951.54373
355,gCO2e emissions,29519080889.6547
356,gCO2e emissions,29028626247.75713
357,gCO2e emissions,27308304115.11527
358,gCO2e emissions,28449604519.555958
359,gCO2e emissions,28196212216.292763
360,gCO2e emissions,28318356290.65372
361,gCO2e emissions,25850823900.150925
362,gCO2e emissions,25621690674.739452
363,gCO2e emissions,24606362112.81119
364,gCO2e emissions,22318897312.41597
365,gCO2e emissions,21707096574.311787
366,gCO2e emissions,21219013538.965034
367,gCO2e emissions,22919920382.428356
368,gCO2e emissions,22258305391.910965
369,gCO2e emissions,23233356095.985706
370,gCO2e emissions,23402263349.429886
371,gCO2e emissions,22990707464.393147
372,gCO2e emissions,23748399516.94788
373,gCO2e emissions,22088826675.160927
374,gCO2e emissions,20395124042.764385
375,gCO2e emissions,19027440966.840714
376,gCO2e emissions,18593683582.768787
377,gCO2e emissions,19685591463.05489
378,gCO2e emissions,20481439732.882847
379,gCO2e emissions,20734790848.508068
380,gCO2e emissions,21013102780.505707
381,gCO2e emissions,19821294297.159374
382,gCO2e emissions,21263425467.49628
383,gCO2e emissions,21535576574.410053
384,gCO2e emissions,22156127530.473824
385,gCO2e emissions,19421249757.145
386,gCO2e emissions,19171817249.639652
387,gCO2e emissions,21127376139.622707
388,gCO2e emissions,22727091399.479317
389,gCO2e emissions,21937250247.315834
390,gCO2e emissions,20174678434.448704
391,gCO2e emissions,19738648384.708218
392,gCO2e emissions,19014306332.516323
393,gCO2e emissions,20355938016.80576
394,gCO2e emissions,20362006362.656796
395,gCO2e emissions,22302978792.629646
396,gCO2e emissions,21526303839.565964
397,gCO2e emissions,22437171266.734695
398,gCO2e emissions,21314458409.176544
399,gCO2e emissions,21056169790.20292
400,gCO2e emissions,19350878314.15155
401,gCO2e emissions,19979672251.757587
402,gCO2e emissions,21330127158.938663
403,gCO2e emissions,21870274543.808422
404,gCO2e emissions,21404247094.779785
405,gCO2e emissions,21298170242.089767
406,gCO2e emissions,21729113072.988205
407,gCO2e emissions,22508674335.624454
408,gCO2e emissions,23242700226.38707
409,gCO2e emissions,25058069066.801056
410,gCO2e emissions,26833119472.09976
411,gCO2e emissions,28773684594.995277
412,gCO2e emissions,28776032542.529087
413,gCO2e emissions,27944030520.360027
414,gCO2e emissions,30893801334.64392
415,gCO2e emissions,30029290400.699974
416,gCO2e emissions,29940124726.09747
417,gCO2e emissions,29977488113.247417
418,gCO2e emissions,31145701317.293766
419,gCO2e emissions,32308390908.788998
420,gCO2e emissions,31052441184.37771
421,gCO2e emissions,30402422255.507946
422,gCO2e emissions,30261853271.411274
423,gCO2e emissions,28402239887.60544
424,gCO2e emissions,30276807529.80197
425,gCO2e emissions,30317245224.602657
426,gCO2e emissions,32378398883.516773
427,gCO2e emissions,33125921301.6402
428,gCO2e emissions,33529145742.13886
429,gCO2e emissions,32119290432.0613
430,gCO2e emissions,31127765991.562645
431,gCO2e emissions,30183042705.095474
432,gCO2e emissions,29926336230.887386
433,gCO2e emissions,28728348645.152912
434,gCO2e emissions,29184443736.58426
435,gCO2e emissions,28522015838.722813
436,gCO2e emissions,29719098495.690544
437,gCO2e emissions,31295623739.207
438,gCO2e emissions,32258979029.086464
439,gCO2e emissions,30357869586.53839
440,gCO2e emissions,29353278266.464836
441,gCO2e emissions,30601603509.9813
442,gCO2e emissions,31688002103.903282
443,gCO2e emissions,32023684863.21564
444,gCO2e emissions,32426432704.61504
445,gCO2e emissions,31010765025.3998
446,gCO2e emissions,30250211141.598343
447,gCO2e emissions,28981679277.549366
448,gCO2e emissions,27973265668.856182
449,gCO2e emissions,28981572694.035545
450,gCO2e emissions,29662473831.246418
451,gCO2e emissions,29928880802.58646
452,gCO2e emissions,29662316132.107395
453,gCO2e emissions,31017721183.41684
454,gCO2e emissions,27607740915.30442
455,gCO2e emissions,28173269180.794006
456,gCO2e emissions,25724685561.040905
457,gCO2e emissions,28290517332.398605
458,gCO2e emissions,26059178116.88016
459,gCO2e emissions,25951427463.118595
460,gCO2e emissions,25274334809.04786
461,gCO2e emissions,23325242631.91103
462,gCO2e emissions,22696694143.26546
463,gCO2e emissions,22015823423.21706
464,gCO2e emissions,21494222522.17398
465,gCO2e emissions,21389495746.24698
466,gCO2e emissions,22187776513.035576
467,gCO2e emissions,22142596575.532597
468,gCO2e emissions,22292443339.713043
469,gCO2e emissions,22104189549.33859
470,gCO2e emissions,22279770674.101948
471,gCO2e emissions,22374536212.924763
472,gCO2e emissions,21792618794.021854
473,gCO2e emissions,23109033739.88349
474,gCO2e emissions,22053139325.343597
475,gCO2e emissions,22308497581.812683
476,gCO2e emissions,21413614304.96414
477,gCO2e emissions,20424226687.338795
478,gCO2e emissions,19908655151.241764
479,gCO2e emissions,18803981034.83713
480,gCO2e emissions,19459437090.661392
481,gCO2e emissions,19695974893.07175
482,gCO2e emissions,20409649454.72554
483,gCO2e emissions,20976721973.80605
484,gCO2e emissions,20204020979.335976
485,gCO2e emissions,21504658315.220097
486,gCO2e emissions,21114946584.823605
487,gCO2e emissions,20499493852.80762
488,gCO2e emissions,19456641280.848705
489,gCO2e emissions,18249019523.002277
490,gCO2e emissions,17978170531.567783
491,gCO2e emissions,19380635661.95364
492,gCO2e emissions,18175003414.793644
493,gCO2e emissions,20447375135.5882
494,gCO2e emissions,18381360512.22687
495,gCO2e emissions,19025219397.0821
496,gCO2e emissions,19166363356.273758
497,gCO2e emissions,20428169479.468147
498,gCO2e emissions,20376471367.814037
499,gCO2e emissions,19737476238.851685
500,gCO2e emissions,19446250018.198093
501,gCO2e emissions,18782503374.81
502,gCO2e emissions,20984140061.903603
503,gCO2e emissions,20664368789.941807
504,gCO2e emissions,21071895360.700684
505,gCO2e emissions,18517788426.379375
506,gCO2e emissions,20241474307.317245
507,gCO2e emissions,19875245535.47189
508,gCO2e emissions,22102640706.374313
509,gCO2e emissions,20028257908.911697
510,gCO2e emissions,20125204368.22094
511,gCO2e emissions,20468332126.925224
512,gCO2e emissions,22041379580.70454
513,gCO2e emissions,21874641597.04478
514,gCO2e emissions,22916626088.725258
515,gCO2e emissions,24886566159.350426
516,gCO2e emissions,27327532827.48113
517,gCO2e emissions,25374944287.878914
518,gCO2e emissions,27363826976.7375
519,gCO2e emissions,26504790758.67478
520,gCO2e emissions,27333043883.43823
521,gCO2e emissions,26482990705.041626
522,gCO2e emissions,26696281405.44052
523,gCO2e emissions,25301813837.281387
524,gCO2e emissions,25455868792.967793
525,gCO2e emissions,26703100534.474052
526,gCO2e emissions,28354793648.65801
527,gCO2e emissions,27275248815.994785
528,gCO2e emissions,25901300371.535175
529,gCO2e emissions,24731202046.480324
530,gCO2e emissions,26571416046.58337
531,gCO2e emissions,27796527058.148346
532,gCO2e emissions,28097128269.39662
533,gCO2e emissions,28042150504.176926
534,gCO2e emissions,27998970019.28631
535,gCO2e emissions,28523306791.90395
536,gCO2e emissions,28740272122.660023
537,gCO2e emissions,28664572514.069885
538,gCO2e emissions,27144915529.047165
539,gCO2e emissions,26920578082.915543
540,gCO2e emissions,26564363973.50677
541,gCO2e emissions,25990835546.62251
542,gCO2e emissions,27076014391.836308
543,gCO2e emissions,26202375001.892372
544,gCO2e emissions,28549560695.903484
545,gCO2e emissions,28025858347.444336
546,gCO2e emissions,28989458404.661118
547,gCO2e emissions,28479267533.2142
548,gCO2e emissions,27174746024.03682
549,gCO2e emissions,26639849292.928646
550,gCO2e emissions,25377686440.135525
551,gCO2e emissions,24408527021.129646
552,gCO2e emissions,26016762407.867344
553,gCO2e emissions,28151961107.511425
554,gCO2e emissions,28968187684.818863
555,gCO2e emissions,28019902271.161507
556,gCO2e emissions,25471638974.86958
557,gCO2e emissions,25463049949.415844
558,gCO2e emissions,23852906715.827137
559,gCO2e emissions,23364913258.73861
560,gCO2e emissions,23934549599.344044
561,gCO2e emissions,22856344564.64905
562,gCO2e emissions,20966656587.29855
563,gCO2e emissions,18322777484.70425
564,gCO2e emissions,21070533312.11183
565,gCO2e emissions,21931690037.92076
566,gCO2e emissions,22022648707.542015
567,gCO2e emissions,19276669307.77331
568,gCO2e emissions,20714518637.191105
569,gCO2e emissions,19980501747.311005
570,gCO2e emissions,22375868105.97224
571,gCO2e emissions,22206477140.083683
572,gCO2e emissions,22103660110.840237
573,gCO2e emissions,19627919531.59649
574,gCO2e emissions,18441064807.758556
575,gCO2e emissions,20201561207.448788
576,gCO2e emissions,19348188196.364178
577,gCO2e emissions,18417063609.541096
578,gCO2e emissions,18293992143.89784
579,gCO2e emissions,18719480398.018467
580,gCO2e emissions,19820204075.895462
581,gCO2e emissions,19837028037.70987
582,gCO2e emissions,19313045317.166607
583,gCO2e emissions,19887839197.349674
584,gCO2e emissions,19367102730.61788
585,gCO2e emissions,19547348557.7512
586,gCO2e emissions,18474450531.621117
587,gCO2e emissions,17589058261.057285
588,gCO2e emissions,17386692947.12181
589,gCO2e emissions,16696173198.41361
590,gCO2e emissions,16459391184.902267
591,gCO2e emissions,16831630265.37671
592,gCO2e emissions,18282824521.8994
593,gCO2e emissions,19559736527.93442
594,gCO2e emissions,18131179318.024372
595,gCO2e emissions,18622015038.955143
596,gCO2e emissions,18120772806.79758
597,gCO2e emissions,18613821528.233463
598,gCO2e emissions,18147659251.943714
599,gCO2e emissions,18712993650.57011
600,gCO2e emissions,17757025674.18051
601,gCO2e emissions,16931750531.621128
602,gCO2e emissions,16569320416.554699
603,gCO2e emissions,17071566100.947226
604,gCO2e emissions,18449600313.455334
605,gCO2e emissions,19740470144.755764
606,gCO2e emissions,18667332804.552406
607,gCO2e emissions,17968194449.68089
608,gCO2e emissions,18050774864.117737
609,gCO2e emissions,18317439983.429626
610,gCO2e emissions,20028431409.431427
611,gCO2e emissions,20871390013.932888
612,gCO2e emissions,20926207918.48116
613,gCO2e emissions,19894767851.645794
614,gCO2e emissions,18919969763.7734
615,gCO2e emissions,18828534380.619328
616,gCO2e emissions,21229305187.73595
617,gCO2e emissions,23575191265.253933
618,gCO2e emissions,24035493328.231487
619,gCO2e emissions,23725083811.85218
620,gCO2e emissions,22289141473.97251
621,gCO2e emissions,23735375951.97032
622,gCO2e emissions,21664682303.635693
623,gCO2e emissions,22062040357.16588
624,gCO2e emissions,21517862591.946198
625,gCO2e emissions,23805074818.343067
626,gCO2e emissions,25871425308.95961
627,gCO2e emissions,25936429675.268456
628,gCO2e emissions,26220933977.399452
629,gCO2e emissions,26892295776.75533
630,gCO2e emissions,27029699568.311207
631,gCO2e emissions,26637134918.0302
632,gCO2e emissions,24252800436.654938
633,gCO2e emissions,22719327392.135246
634,gCO2e emissions,23424559306.439922
635,gCO2e emissions,24883803213.54265
636,gCO2e emissions,26151062135.416565
637,gCO2e emissions,23183641943.20957
638,gCO2e emissions,22498075641.765125
639,gCO2e emissions,22032525614.84546
640,gCO2e emissions,22366867973.129375
641,gCO2e emissions,23253326254.92439
642,gCO2e emissions,23516811631.563038
643,gCO2e emissions,23346338420.52084
644,gCO2e emissions,22043287647.80017
645,gCO2e emissions,22478438672.567368
646,gCO2e emissions,21950718851.572147
647,gCO2e emissions,22412221754.5862
648,gCO2e emissions,22482252052.995747
649,gCO2e emissions,23102906420.69217
650,gCO2e emissions,22839681279.52034
651,gCO2e emissions,22212446537.98941
652,gCO2e emissions,21673329406.607487
653,gCO2e emissions,21798856855.842308
654,gCO2e emissions,21905567548.284447
655,gCO2e emissions,20338673117.130096
656,gCO2e emissions,20579998911.61783
657,gCO2e emissions,21666292899.27338
658,gCO2e emissions,23591413748.173744
659,gCO2e emissions,25962974855.361767
660,gCO2e emissions,23512302076.125607
661,gCO2e emissions,23868977040.675877
662,gCO2e emissions,24944244054.28011
663,gCO2e emissions,24476169151.472134
664,gCO2e emissions,23273524457.966072
665,gCO2e emissions,21535560304.817013
666,gCO2e emissions,20541225631.989464
667,gCO2e emissions,23044056192.098885
668,gCO2e emissions,21774050439.910122
669,gCO2e emissions,21996695589.94582
670,gCO2e emissions,20728253423.11417
671,gCO2e emissions,19144093417.662533
672,gCO2e emissions,19504669539.62176
673,gCO2e emissions,17266902003.147335
674,gCO2e emissions,17603933826.593987
675,gCO2e emissions,18224706728.166695
676,gCO2e emissions,18743583601.260944
677,gCO2e emissions,18875563800.463806
678,gCO2e emissions,16523910504.652332
679,gCO2e emissions,15499840534.194733
680,gCO2e emissions,13731728947.876762
681,gCO2e emissions,13954225853.616604
682,gCO2e emissions,13465160151.64875
