cycle,i,tick_resources_used_Ui
0,m3_wood,nil
0,kg_cotton,nil
0,m² land,nil
0,kWh energy,nil
1,m3_wood,nil
1,kg_cotton,nil
1,m² land,nil
1,kWh energy,nil
2,m3_wood,214032.0
2,kg_cotton,0.0
2,m² land,96040.0
2,kWh energy,343000.0
3,m3_wood,214032.0
3,kg_cotton,0.0
3,m² land,96040.0
3,kWh energy,343000.0
4,m3_wood,214032.0
4,kg_cotton,0.0
4,m² land,96040.0
4,kWh energy,343000.0
5,m3_wood,214032.0
5,kg_cotton,0.0
5,m² land,96040.0
5,kWh energy,343000.0
6,m3_wood,214032.0
6,kg_cotton,0.0
6,m² land,96040.0
6,kWh energy,343000.0
7,m3_wood,214032.0
7,kg_cotton,0.0
7,m² land,96040.0
7,kWh energy,343000.0
8,m3_wood,214032.0
8,kg_cotton,0.0
8,m² land,96040.0
8,kWh energy,343000.0
9,m3_wood,214032.0
9,kg_cotton,0.0
9,m² land,96040.0
9,kWh energy,343000.0
10,m3_wood,214032.0
10,kg_cotton,0.0
10,m² land,96040.0
10,kWh energy,343000.0
11,m3_wood,214032.0
11,kg_cotton,0.0
11,m² land,96040.0
11,kWh energy,343000.0
12,m3_wood,0.0
12,kg_cotton,0.0
12,m² land,0.0
12,kWh energy,0.0
13,m3_wood,0.0
13,kg_cotton,0.0
13,m² land,0.0
13,kWh energy,0.0
14,m3_wood,0.0
14,kg_cotton,0.0
14,m² land,0.0
14,kWh energy,0.0
15,m3_wood,0.0
15,kg_cotton,0.0
15,m² land,0.0
15,kWh energy,0.0
16,m3_wood,0.0
16,kg_cotton,0.0
16,m² land,0.0
16,kWh energy,0.0
17,m3_wood,0.0
17,kg_cotton,0.0
17,m² land,0.0
17,kWh energy,0.0
18,m3_wood,0.0
18,kg_cotton,0.0
18,m² land,0.0
18,kWh energy,0.0
19,m3_wood,0.0
19,kg_cotton,0.0
19,m² land,0.0
19,kWh energy,0.0
20,m3_wood,0.0
20,kg_cotton,0.0
20,m² land,0.0
20,kWh energy,0.0
21,m3_wood,0.0
21,kg_cotton,0.0
21,m² land,0.0
21,kWh energy,0.0
22,m3_wood,0.0
22,kg_cotton,0.0
22,m² land,0.0
22,kWh energy,0.0
23,m3_wood,0.0
23,kg_cotton,0.0
23,m² land,0.0
23,kWh energy,0.0
24,m3_wood,0.0
24,kg_cotton,0.0
24,m² land,0.0
24,kWh energy,8000.0
25,m3_wood,0.0
25,kg_cotton,0.0
25,m² land,0.0
25,kWh energy,24000.0
26,m3_wood,0.0
26,kg_cotton,0.0
26,m² land,0.0
26,kWh energy,42000.0
27,m3_wood,0.0
27,kg_cotton,0.0
27,m² land,0.0
27,kWh energy,88000.0
28,m3_wood,0.0
28,kg_cotton,0.0
28,m² land,0.0
28,kWh energy,119000.0
29,m3_wood,0.0
29,kg_cotton,0.0
29,m² land,0.0
29,kWh energy,167000.0
30,m3_wood,0.0
30,kg_cotton,0.0
30,m² land,0.0
30,kWh energy,206000.0
31,m3_wood,0.0
31,kg_cotton,0.0
31,m² land,0.0
31,kWh energy,237000.0
32,m3_wood,0.0
32,kg_cotton,0.0
32,m² land,0.0
32,kWh energy,279000.0
33,m3_wood,0.0
33,kg_cotton,0.0
33,m² land,0.0
33,kWh energy,312000.0
34,m3_wood,0.0
34,kg_cotton,0.0
34,m² land,0.0
34,kWh energy,343000.0
35,m3_wood,0.0
35,kg_cotton,0.0
35,m² land,0.0
35,kWh energy,335000.0
36,m3_wood,0.0
36,kg_cotton,0.0
36,m² land,0.0
36,kWh energy,319000.0
37,m3_wood,0.0
37,kg_cotton,0.0
37,m² land,0.0
37,kWh energy,301000.0
38,m3_wood,0.0
38,kg_cotton,0.0
38,m² land,0.0
38,kWh energy,255000.0
39,m3_wood,0.0
39,kg_cotton,0.0
39,m² land,0.0
39,kWh energy,224000.0
40,m3_wood,0.0
40,kg_cotton,0.0
40,m² land,0.0
40,kWh energy,176000.0
41,m3_wood,0.0
41,kg_cotton,0.0
41,m² land,0.0
41,kWh energy,137000.0
42,m3_wood,0.0
42,kg_cotton,0.0
42,m² land,0.0
42,kWh energy,106000.0
43,m3_wood,0.0
43,kg_cotton,0.0
43,m² land,0.0
43,kWh energy,64000.0
44,m3_wood,0.0
44,kg_cotton,0.0
44,m² land,0.0
44,kWh energy,31000.0
45,m3_wood,0.0
45,kg_cotton,0.0
45,m² land,0.0
45,kWh energy,0.0
46,m3_wood,0.0
46,kg_cotton,0.0
46,m² land,0.0
46,kWh energy,0.0
47,m3_wood,0.0
47,kg_cotton,0.0
47,m² land,0.0
47,kWh energy,0.0
48,m3_wood,0.0
48,kg_cotton,0.0
48,m² land,0.0
48,kWh energy,0.0
49,m3_wood,0.0
49,kg_cotton,0.0
49,m² land,0.0
49,kWh energy,2000.0
50,m3_wood,0.0
50,kg_cotton,0.0
50,m² land,0.0
50,kWh energy,6000.0
51,m3_wood,0.0
51,kg_cotton,0.0
51,m² land,0.0
51,kWh energy,10000.0
52,m3_wood,0.0
52,kg_cotton,0.0
52,m² land,0.0
52,kWh energy,23000.0
53,m3_wood,0.0
53,kg_cotton,0.0
53,m² land,0.0
53,kWh energy,40000.0
54,m3_wood,0.0
54,kg_cotton,0.0
54,m² land,0.0
54,kWh energy,56000.0
55,m3_wood,0.0
55,kg_cotton,0.0
55,m² land,0.0
55,kWh energy,74000.0
56,m3_wood,0.0
56,kg_cotton,0.0
56,m² land,0.0
56,kWh energy,102000.0
57,m3_wood,0.0
57,kg_cotton,0.0
57,m² land,0.0
57,kWh energy,138000.0
58,m3_wood,0.0
58,kg_cotton,0.0
58,m² land,0.0
58,kWh energy,175000.0
59,m3_wood,0.0
59,kg_cotton,0.0
59,m² land,0.0
59,kWh energy,210000.0
60,m3_wood,0.0
60,kg_cotton,0.0
60,m² land,0.0
60,kWh energy,244000.0
61,m3_wood,0.0
61,kg_cotton,0.0
61,m² land,0.0
61,kWh energy,264000.0
62,m3_wood,0.0
62,kg_cotton,0.0
62,m² land,0.0
62,kWh energy,289000.0
63,m3_wood,0.0
63,kg_cotton,0.0
63,m² land,0.0
63,kWh energy,295000.0
64,m3_wood,0.0
64,kg_cotton,0.0
64,m² land,0.0
64,kWh energy,292000.0
65,m3_wood,0.0
65,kg_cotton,0.0
65,m² land,0.0
65,kWh energy,280000.0
66,m3_wood,0.0
66,kg_cotton,0.0
66,m² land,0.0
66,kWh energy,268000.0
67,m3_wood,0.0
67,kg_cotton,0.0
67,m² land,0.0
67,kWh energy,241000.0
68,m3_wood,0.0
68,kg_cotton,0.0
68,m² land,0.0
68,kWh energy,205000.0
69,m3_wood,0.0
69,kg_cotton,0.0
69,m² land,0.0
69,kWh energy,168000.0
70,m3_wood,0.0
70,kg_cotton,0.0
70,m² land,0.0
70,kWh energy,133000.0
71,m3_wood,0.0
71,kg_cotton,0.0
71,m² land,0.0
71,kWh energy,97000.0
72,m3_wood,0.0
72,kg_cotton,0.0
72,m² land,0.0
72,kWh energy,74000.0
73,m3_wood,0.0
73,kg_cotton,0.0
73,m² land,0.0
73,kWh energy,45000.0
74,m3_wood,0.0
74,kg_cotton,0.0
74,m² land,0.0
74,kWh energy,26000.0
75,m3_wood,0.0
75,kg_cotton,0.0
75,m² land,0.0
75,kWh energy,13000.0
76,m3_wood,0.0
76,kg_cotton,0.0
76,m² land,0.0
76,kWh energy,9000.0
77,m3_wood,0.0
77,kg_cotton,0.0
77,m² land,0.0
77,kWh energy,7000.0
78,m3_wood,0.0
78,kg_cotton,0.0
78,m² land,0.0
78,kWh energy,11000.0
79,m3_wood,0.0
79,kg_cotton,0.0
79,m² land,0.0
79,kWh energy,15000.0
80,m3_wood,0.0
80,kg_cotton,0.0
80,m² land,0.0
80,kWh energy,22000.0
81,m3_wood,0.0
81,kg_cotton,0.0
81,m² land,0.0
81,kWh energy,35000.0
82,m3_wood,0.0
82,kg_cotton,0.0
82,m² land,0.0
82,kWh energy,48000.0
83,m3_wood,0.0
83,kg_cotton,0.0
83,m² land,0.0
83,kWh energy,65000.0
84,m3_wood,0.0
84,kg_cotton,0.0
84,m² land,0.0
84,kWh energy,94000.0
85,m3_wood,0.0
85,kg_cotton,0.0
85,m² land,0.0
85,kWh energy,124000.0
86,m3_wood,0.0
86,kg_cotton,0.0
86,m² land,0.0
86,kWh energy,151000.0
87,m3_wood,0.0
87,kg_cotton,0.0
87,m² land,0.0
87,kWh energy,183000.0
88,m3_wood,0.0
88,kg_cotton,0.0
88,m² land,0.0
88,kWh energy,202000.0
89,m3_wood,0.0
89,kg_cotton,0.0
89,m² land,0.0
89,kWh energy,228000.0
90,m3_wood,0.0
90,kg_cotton,0.0
90,m² land,0.0
90,kWh energy,244000.0
91,m3_wood,0.0
91,kg_cotton,0.0
91,m² land,0.0
91,kWh energy,261000.0
92,m3_wood,0.0
92,kg_cotton,0.0
92,m² land,0.0
92,kWh energy,266000.0
93,m3_wood,0.0
93,kg_cotton,0.0
93,m² land,0.0
93,kWh energy,270000.0
94,m3_wood,0.0
94,kg_cotton,0.0
94,m² land,0.0
94,kWh energy,262000.0
0,m3_wood,nil
0,kg_cotton,nil
0,m² land,nil
0,kWh energy,nil
1,m3_wood,nil
1,kg_cotton,nil
1,m² land,nil
1,kWh energy,nil
2,m3_wood,642096.0
2,kg_cotton,0.0
2,m² land,288120.0
2,kWh energy,1029000.0
3,m3_wood,642096.0
3,kg_cotton,0.0
3,m² land,288120.0
3,kWh energy,1029000.0
4,m3_wood,642096.0
4,kg_cotton,0.0
4,m² land,288120.0
4,kWh energy,1029000.0
5,m3_wood,642096.0
5,kg_cotton,0.0
5,m² land,288120.0
5,kWh energy,1029000.0
6,m3_wood,642096.0
6,kg_cotton,0.0
6,m² land,288120.0
6,kWh energy,1029000.0
7,m3_wood,642096.0
7,kg_cotton,0.0
7,m² land,288120.0
7,kWh energy,1029000.0
8,m3_wood,642096.0
8,kg_cotton,0.0
8,m² land,288120.0
8,kWh energy,1029000.0
9,m3_wood,642096.0
9,kg_cotton,0.0
9,m² land,288120.0
9,kWh energy,1029000.0
10,m3_wood,642096.0
10,kg_cotton,0.0
10,m² land,288120.0
10,kWh energy,1029000.0
11,m3_wood,642096.0
11,kg_cotton,0.0
11,m² land,288120.0
11,kWh energy,1029000.0
12,m3_wood,0.0
12,kg_cotton,0.0
12,m² land,0.0
12,kWh energy,0.0
13,m3_wood,0.0
13,kg_cotton,0.0
13,m² land,0.0
13,kWh energy,0.0
14,m3_wood,0.0
14,kg_cotton,0.0
14,m² land,0.0
14,kWh energy,0.0
15,m3_wood,0.0
15,kg_cotton,0.0
15,m² land,0.0
15,kWh energy,0.0
16,m3_wood,0.0
16,kg_cotton,0.0
16,m² land,0.0
16,kWh energy,0.0
17,m3_wood,0.0
17,kg_cotton,0.0
17,m² land,0.0
17,kWh energy,0.0
18,m3_wood,0.0
18,kg_cotton,0.0
18,m² land,0.0
18,kWh energy,0.0
19,m3_wood,0.0
19,kg_cotton,0.0
19,m² land,0.0
19,kWh energy,0.0
20,m3_wood,0.0
20,kg_cotton,0.0
20,m² land,0.0
20,kWh energy,0.0
21,m3_wood,0.0
21,kg_cotton,0.0
21,m² land,0.0
21,kWh energy,0.0
22,m3_wood,0.0
22,kg_cotton,0.0
22,m² land,0.0
22,kWh energy,0.0
23,m3_wood,0.0
23,kg_cotton,0.0
23,m² land,0.0
23,kWh energy,0.0
24,m3_wood,0.0
24,kg_cotton,0.0
24,m² land,0.0
24,kWh energy,0.0
25,m3_wood,0.0
25,kg_cotton,0.0
25,m² land,0.0
25,kWh energy,3000.0
26,m3_wood,0.0
26,kg_cotton,0.0
26,m² land,0.0
26,kWh energy,30000.0
27,m3_wood,0.0
27,kg_cotton,0.0
27,m² land,0.0
27,kWh energy,87000.0
28,m3_wood,0.0
28,kg_cotton,0.0
28,m² land,0.0
28,kWh energy,200000.0
29,m3_wood,0.0
29,kg_cotton,0.0
29,m² land,0.0
29,kWh energy,356000.0
30,m3_wood,0.0
30,kg_cotton,0.0
30,m² land,0.0
30,kWh energy,527000.0
31,m3_wood,0.0
31,kg_cotton,0.0
31,m² land,0.0
31,kWh energy,691000.0
32,m3_wood,0.0
32,kg_cotton,0.0
32,m² land,0.0
32,kWh energy,833000.0
33,m3_wood,0.0
33,kg_cotton,0.0
33,m² land,0.0
33,kWh energy,939000.0
34,m3_wood,0.0
34,kg_cotton,0.0
34,m² land,0.0
34,kWh energy,1029000.0
35,m3_wood,0.0
35,kg_cotton,0.0
35,m² land,0.0
35,kWh energy,1029000.0
36,m3_wood,0.0
36,kg_cotton,0.0
36,m² land,0.0
36,kWh energy,1026000.0
37,m3_wood,0.0
37,kg_cotton,0.0
37,m² land,0.0
37,kWh energy,998000.0
38,m3_wood,0.0
38,kg_cotton,0.0
38,m² land,0.0
38,kWh energy,928000.0
39,m3_wood,0.0
39,kg_cotton,0.0
39,m² land,0.0
39,kWh energy,783000.0
40,m3_wood,0.0
40,kg_cotton,0.0
40,m² land,0.0
40,kWh energy,581000.0
41,m3_wood,0.0
41,kg_cotton,0.0
41,m² land,0.0
41,kWh energy,378000.0
42,m3_wood,0.0
42,kg_cotton,0.0
42,m² land,0.0
42,kWh energy,190000.0
43,m3_wood,0.0
43,kg_cotton,0.0
43,m² land,0.0
43,kWh energy,75000.0
44,m3_wood,0.0
44,kg_cotton,0.0
44,m² land,0.0
44,kWh energy,14000.0
45,m3_wood,0.0
45,kg_cotton,0.0
45,m² land,0.0
45,kWh energy,0.0
46,m3_wood,0.0
46,kg_cotton,0.0
46,m² land,0.0
46,kWh energy,0.0
47,m3_wood,0.0
47,kg_cotton,0.0
47,m² land,0.0
47,kWh energy,0.0
48,m3_wood,0.0
48,kg_cotton,0.0
48,m² land,0.0
48,kWh energy,0.0
49,m3_wood,0.0
49,kg_cotton,0.0
49,m² land,0.0
49,kWh energy,0.0
50,m3_wood,0.0
50,kg_cotton,0.0
50,m² land,0.0
50,kWh energy,0.0
51,m3_wood,0.0
51,kg_cotton,0.0
51,m² land,0.0
51,kWh energy,1000.0
52,m3_wood,0.0
52,kg_cotton,0.0
52,m² land,0.0
52,kWh energy,3000.0
53,m3_wood,0.0
53,kg_cotton,0.0
53,m² land,0.0
53,kWh energy,18000.0
54,m3_wood,0.0
54,kg_cotton,0.0
54,m² land,0.0
54,kWh energy,45000.0
55,m3_wood,0.0
55,kg_cotton,0.0
55,m² land,0.0
55,kWh energy,96000.0
56,m3_wood,0.0
56,kg_cotton,0.0
56,m² land,0.0
56,kWh energy,173000.0
57,m3_wood,0.0
57,kg_cotton,0.0
57,m² land,0.0
57,kWh energy,291000.0
58,m3_wood,0.0
58,kg_cotton,0.0
58,m² land,0.0
58,kWh energy,407000.0
59,m3_wood,0.0
59,kg_cotton,0.0
59,m² land,0.0
59,kWh energy,535000.0
60,m3_wood,0.0
60,kg_cotton,0.0
60,m² land,0.0
60,kWh energy,671000.0
61,m3_wood,0.0
61,kg_cotton,0.0
61,m² land,0.0
61,kWh energy,808000.0
62,m3_wood,0.0
62,kg_cotton,0.0
62,m² land,0.0
62,kWh energy,899000.0
63,m3_wood,0.0
63,kg_cotton,0.0
63,m² land,0.0
63,kWh energy,962000.0
64,m3_wood,0.0
64,kg_cotton,0.0
64,m² land,0.0
64,kWh energy,986000.0
65,m3_wood,0.0
65,kg_cotton,0.0
65,m² land,0.0
65,kWh energy,964000.0
66,m3_wood,0.0
66,kg_cotton,0.0
66,m² land,0.0
66,kWh energy,906000.0
67,m3_wood,0.0
67,kg_cotton,0.0
67,m² land,0.0
67,kWh energy,807000.0
68,m3_wood,0.0
68,kg_cotton,0.0
68,m² land,0.0
68,kWh energy,673000.0
69,m3_wood,0.0
69,kg_cotton,0.0
69,m² land,0.0
69,kWh energy,532000.0
70,m3_wood,0.0
70,kg_cotton,0.0
70,m² land,0.0
70,kWh energy,370000.0
71,m3_wood,0.0
71,kg_cotton,0.0
71,m² land,0.0
71,kWh energy,232000.0
72,m3_wood,0.0
72,kg_cotton,0.0
72,m² land,0.0
72,kWh energy,124000.0
73,m3_wood,0.0
73,kg_cotton,0.0
73,m² land,0.0
73,kWh energy,61000.0
74,m3_wood,0.0
74,kg_cotton,0.0
74,m² land,0.0
74,kWh energy,17000.0
75,m3_wood,0.0
75,kg_cotton,0.0
75,m² land,0.0
75,kWh energy,5000.0
76,m3_wood,0.0
76,kg_cotton,0.0
76,m² land,0.0
76,kWh energy,2000.0
77,m3_wood,0.0
77,kg_cotton,0.0
77,m² land,0.0
77,kWh energy,0.0
78,m3_wood,0.0
78,kg_cotton,0.0
78,m² land,0.0
78,kWh energy,0.0
79,m3_wood,0.0
79,kg_cotton,0.0
79,m² land,0.0
79,kWh energy,3000.0
80,m3_wood,0.0
80,kg_cotton,0.0
80,m² land,0.0
80,kWh energy,4000.0
81,m3_wood,0.0
81,kg_cotton,0.0
81,m² land,0.0
81,kWh energy,13000.0
82,m3_wood,0.0
82,kg_cotton,0.0
82,m² land,0.0
82,kWh energy,37000.0
83,m3_wood,0.0
83,kg_cotton,0.0
83,m² land,0.0
83,kWh energy,87000.0
84,m3_wood,0.0
84,kg_cotton,0.0
84,m² land,0.0
84,kWh energy,143000.0
85,m3_wood,0.0
85,kg_cotton,0.0
85,m² land,0.0
85,kWh energy,244000.0
86,m3_wood,0.0
86,kg_cotton,0.0
86,m² land,0.0
86,kWh energy,350000.0
87,m3_wood,0.0
87,kg_cotton,0.0
87,m² land,0.0
87,kWh energy,480000.0
88,m3_wood,0.0
88,kg_cotton,0.0
88,m² land,0.0
88,kWh energy,591000.0
89,m3_wood,0.0
89,kg_cotton,0.0
89,m² land,0.0
89,kWh energy,695000.0
90,m3_wood,0.0
90,kg_cotton,0.0
90,m² land,0.0
90,kWh energy,791000.0
91,m3_wood,0.0
91,kg_cotton,0.0
91,m² land,0.0
91,kWh energy,870000.0
92,m3_wood,0.0
92,kg_cotton,0.0
92,m² land,0.0
92,kWh energy,929000.0
93,m3_wood,0.0
93,kg_cotton,0.0
93,m² land,0.0
93,kWh energy,953000.0
94,m3_wood,0.0
94,kg_cotton,0.0
94,m² land,0.0
94,kWh energy,908000.0
95,m3_wood,0.0
95,kg_cotton,0.0
95,m² land,0.0
95,kWh energy,840000.0
96,m3_wood,0.0
96,kg_cotton,0.0
96,m² land,0.0
96,kWh energy,722000.0
97,m3_wood,0.0
97,kg_cotton,0.0
97,m² land,0.0
97,kWh energy,596000.0
98,m3_wood,0.0
98,kg_cotton,0.0
98,m² land,0.0
98,kWh energy,454000.0
99,m3_wood,0.0
99,kg_cotton,0.0
99,m² land,0.0
99,kWh energy,338000.0
100,m3_wood,0.0
100,kg_cotton,0.0
100,m² land,0.0
100,kWh energy,239000.0
101,m3_wood,0.0
101,kg_cotton,0.0
101,m² land,0.0
101,kWh energy,157000.0
102,m3_wood,0.0
102,kg_cotton,0.0
102,m² land,0.0
102,kWh energy,86000.0
103,m3_wood,0.0
103,kg_cotton,0.0
103,m² land,0.0
103,kWh energy,40000.0
104,m3_wood,0.0
104,kg_cotton,0.0
104,m² land,0.0
104,kWh energy,13000.0
105,m3_wood,0.0
105,kg_cotton,0.0
105,m² land,0.0
105,kWh energy,7000.0
106,m3_wood,0.0
106,kg_cotton,0.0
106,m² land,0.0
106,kWh energy,3000.0
107,m3_wood,0.0
107,kg_cotton,0.0
107,m² land,0.0
107,kWh energy,1000.0
108,m3_wood,0.0
108,kg_cotton,0.0
108,m² land,0.0
108,kWh energy,8000.0
109,m3_wood,0.0
109,kg_cotton,0.0
109,m² land,0.0
109,kWh energy,20000.0
110,m3_wood,0.0
110,kg_cotton,0.0
110,m² land,0.0
110,kWh energy,35000.0
111,m3_wood,0.0
111,kg_cotton,0.0
111,m² land,0.0
111,kWh energy,70000.0
112,m3_wood,0.0
112,kg_cotton,0.0
112,m² land,0.0
112,kWh energy,120000.0
113,m3_wood,0.0
113,kg_cotton,0.0
113,m² land,0.0
113,kWh energy,195000.0
114,m3_wood,0.0
114,kg_cotton,0.0
114,m² land,0.0
114,kWh energy,281000.0
115,m3_wood,0.0
115,kg_cotton,0.0
115,m² land,0.0
115,kWh energy,385000.0
116,m3_wood,0.0
116,kg_cotton,0.0
116,m² land,0.0
116,kWh energy,504000.0
117,m3_wood,0.0
117,kg_cotton,0.0
117,m² land,0.0
117,kWh energy,607000.0
118,m3_wood,0.0
118,kg_cotton,0.0
118,m² land,0.0
118,kWh energy,716000.0
119,m3_wood,0.0
119,kg_cotton,0.0
119,m² land,0.0
119,kWh energy,803000.0
120,m3_wood,0.0
120,kg_cotton,0.0
120,m² land,0.0
120,kWh energy,855000.0
121,m3_wood,0.0
121,kg_cotton,0.0
121,m² land,0.0
121,kWh energy,887000.0
122,m3_wood,0.0
122,kg_cotton,0.0
122,m² land,0.0
122,kWh energy,886000.0
123,m3_wood,0.0
123,kg_cotton,0.0
123,m² land,0.0
123,kWh energy,846000.0
124,m3_wood,0.0
124,kg_cotton,0.0
124,m² land,0.0
124,kWh energy,779000.0
125,m3_wood,0.0
125,kg_cotton,0.0
125,m² land,0.0
125,kWh energy,680000.0
126,m3_wood,0.0
126,kg_cotton,0.0
126,m² land,0.0
126,kWh energy,557000.0
127,m3_wood,0.0
127,kg_cotton,0.0
127,m² land,0.0
127,kWh energy,438000.0
128,m3_wood,0.0
128,kg_cotton,0.0
128,m² land,0.0
128,kWh energy,324000.0
129,m3_wood,0.0
129,kg_cotton,0.0
129,m² land,0.0
129,kWh energy,236000.0
130,m3_wood,0.0
130,kg_cotton,0.0
130,m² land,0.0
130,kWh energy,156000.0
131,m3_wood,0.0
131,kg_cotton,0.0
131,m² land,0.0
131,kWh energy,94000.0
132,m3_wood,0.0
132,kg_cotton,0.0
132,m² land,0.0
132,kWh energy,59000.0
0,m3_wood,nil
0,kg_cotton,nil
0,m² land,nil
0,kWh energy,nil
1,m3_wood,nil
1,kg_cotton,nil
1,m² land,nil
1,kWh energy,nil
2,m3_wood,642096.0
2,kg_cotton,0.0
2,m² land,288120.0
2,kWh energy,1029000.0
3,m3_wood,642096.0
3,kg_cotton,0.0
3,m² land,288120.0
3,kWh energy,1029000.0
4,m3_wood,642096.0
4,kg_cotton,0.0
4,m² land,288120.0
4,kWh energy,1029000.0
5,m3_wood,642096.0
5,kg_cotton,0.0
5,m² land,288120.0
5,kWh energy,1029000.0
6,m3_wood,642096.0
6,kg_cotton,0.0
6,m² land,288120.0
6,kWh energy,1029000.0
7,m3_wood,642096.0
7,kg_cotton,0.0
7,m² land,288120.0
7,kWh energy,1029000.0
8,m3_wood,642096.0
8,kg_cotton,0.0
8,m² land,288120.0
8,kWh energy,1029000.0
9,m3_wood,642096.0
9,kg_cotton,0.0
9,m² land,288120.0
9,kWh energy,1029000.0
10,m3_wood,642096.0
10,kg_cotton,0.0
10,m² land,288120.0
10,kWh energy,1029000.0
11,m3_wood,642096.0
11,kg_cotton,0.0
11,m² land,288120.0
11,kWh energy,1029000.0
12,m3_wood,0.0
12,kg_cotton,0.0
12,m² land,0.0
12,kWh energy,0.0
13,m3_wood,0.0
13,kg_cotton,0.0
13,m² land,0.0
13,kWh energy,0.0
14,m3_wood,0.0
14,kg_cotton,0.0
14,m² land,0.0
14,kWh energy,0.0
15,m3_wood,0.0
15,kg_cotton,0.0
15,m² land,0.0
15,kWh energy,0.0
16,m3_wood,0.0
16,kg_cotton,0.0
16,m² land,0.0
16,kWh energy,0.0
17,m3_wood,0.0
17,kg_cotton,0.0
17,m² land,0.0
17,kWh energy,0.0
18,m3_wood,0.0
18,kg_cotton,0.0
18,m² land,0.0
18,kWh energy,0.0
19,m3_wood,0.0
19,kg_cotton,0.0
19,m² land,0.0
19,kWh energy,0.0
20,m3_wood,0.0
20,kg_cotton,0.0
20,m² land,0.0
20,kWh energy,0.0
0,m3_wood,nil
0,kg_cotton,nil
0,m² land,nil
0,kWh energy,nil
1,m3_wood,nil
1,kg_cotton,nil
1,m² land,nil
1,kWh energy,nil
2,m3_wood,0.0
2,kg_cotton,0.0
2,m² land,0.0
2,kWh energy,452376.81985088595
3,m3_wood,37101.297272417454
3,kg_cotton,0.0
3,m² land,14992.487113628598
3,kWh energy,440314.0223929882
4,m3_wood,71919.18718660239
4,kg_cotton,0.0
4,m² land,29104.56235995213
4,kWh energy,380708.12877633225
5,m3_wood,89070.94242114437
5,kg_cotton,0.0
5,m² land,36801.85656993747
5,kWh energy,391852.44032113446
6,m3_wood,106053.44942266242
6,kg_cotton,0.0
6,m² land,43939.956477859596
6,kWh energy,389251.2413875953
7,m3_wood,121748.22211010354
7,kg_cotton,0.0
7,m² land,51216.17909382704
7,kWh energy,414987.1923558647
8,m3_wood,145598.16887511007
8,kg_cotton,0.0
8,m² land,60306.835115635455
8,kWh energy,428271.15525866253
9,m3_wood,184147.58991993841
9,kg_cotton,0.0
9,m² land,77797.03762713591
9,kWh energy,433306.51424423896
10,m3_wood,207140.16893264465
10,kg_cotton,0.0
10,m² land,91566.58203084164
10,kWh energy,449301.62291824364
11,m3_wood,214537.61839292594
11,kg_cotton,0.0
11,m² land,95573.38204147987
11,kWh energy,461169.0543524926
12,m3_wood,217288.64815159043
12,kg_cotton,0.0
12,m² land,97815.87377902973
12,kWh energy,448151.87629176246
13,m3_wood,166555.59993317132
13,kg_cotton,0.0
13,m² land,74553.65713795274
13,kWh energy,355864.6697735351
14,m3_wood,128373.53608968314
14,kg_cotton,0.0
14,m² land,57990.96015501827
14,kWh energy,275284.07044005126
15,m3_wood,94241.02261773568
15,kg_cotton,0.0
15,m² land,42563.678753318294
15,kWh energy,232570.44226403077
16,m3_wood,78663.84719695864
16,kg_cotton,0.0
16,m² land,35997.90073954086
16,kWh energy,209569.98198724506
17,m3_wood,51877.131528517246
17,kg_cotton,0.0
17,m² land,23484.08845280614
17,kWh energy,160713.62817602046
18,m3_wood,35846.03675133104
18,kg_cotton,0.0
18,m² land,16455.359215051052
18,kWh energy,134713.16789923474
19,m3_wood,16848.0
19,kg_cotton,0.0
19,m² land,7560.0
19,kWh energy,119999.53972321432
20,m3_wood,8736.0
20,kg_cotton,0.0
20,m² land,3920.0
20,kWh energy,103785.45127040817
21,m3_wood,6756.226305703449
21,kg_cotton,0.0
21,m² land,3072.817690561228
21,kWh energy,95714.08845280613
22,m3_wood,3636.226305703449
22,kg_cotton,0.0
22,m² land,1672.817690561228
22,kWh energy,90570.90254081636
23,m3_wood,1140.2263057034488
23,kg_cotton,0.0
23,m² land,552.8176905612279
23,kWh energy,84856.81408801021
24,m3_wood,516.2263057034489
24,kg_cotton,0.0
24,m² land,272.81769056122783
24,kWh energy,78499.53972321432
25,m3_wood,0.0
25,kg_cotton,0.0
25,m² land,0.0
25,kWh energy,75285.45127040817
26,m3_wood,0.0
26,kg_cotton,0.0
26,m² land,0.0
26,kWh energy,93142.72563520409
27,m3_wood,0.0
27,kg_cotton,0.0
27,m² land,0.0
27,kWh energy,94571.36281760204
28,m3_wood,0.0
28,kg_cotton,0.0
28,m² land,0.0
28,kWh energy,110571.36281760204
29,m3_wood,0.0
29,kg_cotton,0.0
29,m² land,0.0
29,kWh energy,120356.81408801023
30,m3_wood,0.0
30,kg_cotton,0.0
30,m² land,0.0
30,kWh energy,140571.36281760206
31,m3_wood,0.0
31,kg_cotton,0.0
31,m² land,0.0
31,kWh energy,175642.72563520411
32,m3_wood,0.0
32,kg_cotton,0.0
32,m² land,0.0
32,kWh energy,233571.36281760206
33,m3_wood,0.0
33,kg_cotton,0.0
33,m² land,0.0
33,kWh energy,278071.36281760206
34,m3_wood,0.0
34,kg_cotton,0.0
34,m² land,0.0
34,kWh energy,314500.0
35,m3_wood,0.0
35,kg_cotton,0.0
35,m² land,0.0
35,kWh energy,334500.0
36,m3_wood,0.0
36,kg_cotton,0.0
36,m² land,0.0
36,kWh energy,355000.0
37,m3_wood,0.0
37,kg_cotton,0.0
37,m² land,0.0
37,kWh energy,374000.0
38,m3_wood,2064.9052228137953
38,kg_cotton,0.0
38,m² land,1091.2707622449116
38,kWh energy,388071.36281760206
39,m3_wood,2881.8104456275905
39,kg_cotton,0.0
39,m² land,1622.541524489824
39,kWh energy,381000.0
40,m3_wood,2234.9858664046624
40,kg_cotton,0.0
40,m² land,1025.0531486915306
40,kWh energy,365642.7256352041
41,m3_wood,4129.8104456275905
41,kg_cotton,0.0
41,m² land,2182.541524489824
41,kWh energy,336500.0
42,m3_wood,4946.715668441386
42,kg_cotton,0.0
42,m² land,2713.8122867347356
42,kWh energy,326500.0
43,m3_wood,9870.606757659843
43,kg_cotton,0.0
43,m² land,5110.136197671178
43,kWh energy,267642.7256352041
44,m3_wood,4237.584139924142
44,kg_cotton,0.0
44,m² land,2189.723833928596
44,kWh energy,224000.0
45,m3_wood,2280.4526114068976
45,kg_cotton,0.0
45,m² land,1105.635381122456
45,kWh energy,194571.36281760206
46,m3_wood,516.2263057034488
46,kg_cotton,0.0
46,m² land,272.8176905612281
46,kWh energy,167000.0
47,m3_wood,1440.9052228137953
47,kg_cotton,0.0
47,m² land,811.2707622449118
47,kWh energy,151000.0
48,m3_wood,2172.6789171103464
48,kg_cotton,0.0
48,m² land,1098.4530716836834
48,kWh energy,126071.36281760204
49,m3_wood,0.0
49,kg_cotton,0.0
49,m² land,0.0
49,kWh energy,106500.0
50,m3_wood,0.0
50,kg_cotton,0.0
50,m² land,0.0
50,kWh energy,98000.0
51,m3_wood,0.0
51,kg_cotton,0.0
51,m² land,0.0
51,kWh energy,98500.0
52,m3_wood,516.2263057034488
52,kg_cotton,0.0
52,m² land,272.8176905612279
52,kWh energy,86500.0
53,m3_wood,0.0
53,kg_cotton,0.0
53,m² land,0.0
53,kWh energy,91000.0
54,m3_wood,0.0
54,kg_cotton,0.0
54,m² land,0.0
54,kWh energy,103500.0
55,m3_wood,0.0
55,kg_cotton,0.0
55,m² land,0.0
55,kWh energy,104000.0
56,m3_wood,0.0
56,kg_cotton,0.0
56,m² land,0.0
56,kWh energy,102500.0
57,m3_wood,0.0
57,kg_cotton,0.0
57,m² land,0.0
57,kWh energy,130500.0
58,m3_wood,0.0
58,kg_cotton,0.0
58,m² land,0.0
58,kWh energy,149000.0
59,m3_wood,0.0
59,kg_cotton,0.0
59,m² land,0.0
59,kWh energy,177000.0
60,m3_wood,0.0
60,kg_cotton,0.0
60,m² land,0.0
60,kWh energy,206000.0
61,m3_wood,0.0
61,kg_cotton,0.0
61,m² land,0.0
61,kWh energy,239000.0
62,m3_wood,0.0
62,kg_cotton,0.0
62,m² land,0.0
62,kWh energy,267000.0
63,m3_wood,0.0
63,kg_cotton,0.0
63,m² land,0.0
63,kWh energy,302500.0
64,m3_wood,0.0
64,kg_cotton,0.0
64,m² land,0.0
64,kWh energy,316500.0
65,m3_wood,0.0
65,kg_cotton,0.0
65,m² land,0.0
65,kWh energy,332000.0
66,m3_wood,0.0
66,kg_cotton,0.0
66,m² land,0.0
66,kWh energy,351000.0
67,m3_wood,0.0
67,kg_cotton,0.0
67,m² land,0.0
67,kWh energy,349000.0
68,m3_wood,0.0
68,kg_cotton,0.0
68,m² land,0.0
68,kWh energy,346500.0
0,m3_wood,nil
0,kg_cotton,nil
0,m² land,nil
0,kWh energy,nil
1,m3_wood,nil
1,kg_cotton,nil
1,m² land,nil
1,kWh energy,nil
2,m3_wood,0.0
2,kg_cotton,0.0
2,m² land,0.0
2,kWh energy,452376.81985088595
3,m3_wood,40640.78812662921
3,kg_cotton,0.0
3,m² land,16378.979830957007
3,kWh energy,427564.299079811
4,m3_wood,68056.37524950097
4,kg_cotton,0.0
4,m² land,27880.478695993494
4,kWh energy,395115.8042331307
5,m3_wood,90907.31705546778
5,kg_cotton,0.0
5,m² land,37460.489937329105
5,kWh energy,387980.60876377433
6,m3_wood,104831.48132559714
6,kg_cotton,0.0
6,m² land,43472.76916632925
6,kWh energy,407783.30219460244
0,m3_wood,nil
0,kg_cotton,nil
0,m² land,nil
0,kWh energy,nil
1,m3_wood,nil
1,kg_cotton,nil
1,m² land,nil
1,kWh energy,nil
2,m3_wood,0.0
2,kg_cotton,0.0
2,m² land,0.0
2,kWh energy,456194.03534128476
3,m3_wood,40544.052675137515
3,kg_cotton,0.0
3,m² land,16369.252518457677
3,kWh energy,443637.53462558595
4,m3_wood,71658.92114662027
4,kg_cotton,0.0
4,m² land,29459.003623905006
4,kWh energy,389581.1902088542
5,m3_wood,86690.57994432418
5,kg_cotton,0.0
5,m² land,36219.48888866749
5,kWh energy,392717.9966808804
6,m3_wood,101069.92562104172
6,kg_cotton,0.0
6,m² land,41855.866130936774
6,kWh energy,392052.85752429714
7,m3_wood,122786.59321932636
7,kg_cotton,0.0
7,m² land,49645.19840962869
7,kWh energy,408718.92071836913
8,m3_wood,157734.11767374343
8,kg_cotton,0.0
8,m² land,64947.776363720855
8,kWh energy,419886.7391602605
9,m3_wood,181133.32056065256
9,kg_cotton,0.0
9,m² land,78016.81806303722
9,kWh energy,430051.8526835852
10,m3_wood,206222.9043841364
10,kg_cotton,0.0
10,m² land,91375.9496778561
10,kWh energy,451724.5340803982
11,m3_wood,204577.19138220232
11,kg_cotton,0.0
11,m² land,91475.399507945
11,kWh energy,456377.8770618411
12,m3_wood,216815.37795362718
12,kg_cotton,0.0
12,m² land,97073.68403398669
12,kWh energy,451452.2900982958
13,m3_wood,165031.6905523764
13,kg_cotton,0.0
13,m² land,74139.54986809328
13,kWh energy,345575.2477307028
14,m3_wood,127833.91952458714
14,kg_cotton,0.0
14,m² land,57676.099570181344
14,kWh energy,278719.7286137261
15,m3_wood,97488.51198047363
15,kg_cotton,0.0
15,m² land,44084.76005968349
15,kWh energy,242357.64878225818
16,m3_wood,69473.9278405495
16,kg_cotton,0.0
16,m² land,31731.68312598749
16,kWh energy,199430.7668476794
17,m3_wood,48950.03675133105
17,kg_cotton,0.0
17,m² land,22261.959292058895
17,kWh energy,151784.99099362252
18,m3_wood,29736.4526114069
18,kg_cotton,0.0
18,m² land,13425.635381122454
18,kWh energy,133784.9909936225
19,m3_wood,21000.452611406898
19,kg_cotton,0.0
19,m² land,9505.635381122456
19,kWh energy,119144.02060623761
20,m3_wood,15384.452611406898
20,kg_cotton,0.0
20,m² land,6985.635381122456
20,kWh energy,117713.62817602044
21,m3_wood,9360.0
21,kg_cotton,0.0
21,m² land,4200.0
21,kWh energy,97714.08845280613
22,m3_wood,5400.452611406898
22,kg_cotton,0.0
22,m² land,2505.635381122456
22,kWh energy,94428.17690561227
23,m3_wood,1872.0
23,kg_cotton,0.0
23,m² land,840.0
23,kWh energy,87714.08845280613
24,m3_wood,0.0
24,kg_cotton,0.0
24,m² land,0.0
24,kWh energy,75714.08845280614
25,m3_wood,0.0
25,kg_cotton,0.0
25,m² land,0.0
25,kWh energy,78142.72563520409
26,m3_wood,0.0
26,kg_cotton,0.0
26,m² land,0.0
26,kWh energy,84214.08845280613
27,m3_wood,0.0
27,kg_cotton,0.0
27,m² land,0.0
27,kWh energy,105856.81408801023
28,m3_wood,0.0
28,kg_cotton,0.0
28,m² land,0.0
28,kWh energy,112500.0
29,m3_wood,0.0
29,kg_cotton,0.0
29,m² land,0.0
29,kWh energy,134714.0884528061
30,m3_wood,0.0
30,kg_cotton,0.0
30,m² land,0.0
30,kWh energy,164571.36281760206
31,m3_wood,0.0
31,kg_cotton,0.0
31,m² land,0.0
31,kWh energy,184500.0
32,m3_wood,0.0
32,kg_cotton,0.0
32,m² land,0.0
32,kWh energy,241714.08845280617
33,m3_wood,0.0
33,kg_cotton,0.0
33,m² land,0.0
33,kWh energy,275071.36281760206
34,m3_wood,0.0
34,kg_cotton,0.0
34,m² land,0.0
34,kWh energy,305571.36281760206
35,m3_wood,924.6789171103464
35,kg_cotton,0.0
35,m² land,538.4530716836839
35,kWh energy,331571.36281760206
36,m3_wood,1610.9858664046624
36,kg_cotton,0.0
36,m² land,745.0531486915306
36,kWh energy,349214.0884528062
37,m3_wood,1548.6789171103464
37,kg_cotton,0.0
37,m² land,818.4530716836839
37,kWh energy,368500.0
38,m3_wood,3312.9052228137953
38,kg_cotton,0.0
38,m² land,1651.2707622449122
38,kWh energy,380500.0
39,m3_wood,3352.570006328804
39,kg_cotton,0.0
39,m² land,1741.3770596279735
39,kWh energy,382500.0
40,m3_wood,6818.715668441386
40,kg_cotton,0.0
40,m² land,3553.8122867347356
40,kWh energy,365500.0
41,m3_wood,3051.8910892184576
41,kg_cotton,0.0
41,m² land,1556.3239109364426
41,kWh energy,319500.0
42,m3_wood,6603.168279848283
42,kg_cotton,0.0
42,m² land,3539.4476678571923
42,kWh energy,310071.36281760206
43,m3_wood,7034.263057034488
43,kg_cotton,0.0
43,m² land,3568.176905612281
43,kWh energy,268000.0
44,m3_wood,1548.6789171103464
44,kg_cotton,0.0
44,m² land,818.4530716836839
44,kWh energy,228500.0
45,m3_wood,1440.9052228137953
45,kg_cotton,0.0
45,m² land,737.8708392527587
45,kWh energy,208500.0
46,m3_wood,1140.2263057034488
46,kg_cotton,0.0
46,m² land,552.8176905612281
46,kWh energy,167142.72563520411
47,m3_wood,1548.6789171103464
47,kg_cotton,0.0
47,m² land,818.4530716836839
47,kWh energy,150500.0
48,m3_wood,1032.4526114068976
48,kg_cotton,0.0
48,m² land,545.635381122456
48,kWh energy,134571.36281760206
49,m3_wood,924.6789171103464
49,kg_cotton,0.0
49,m² land,538.4530716836837
49,kWh energy,105000.0
50,m3_wood,1140.2263057034488
50,kg_cotton,0.0
50,m² land,552.8176905612281
50,kWh energy,95000.0
51,m3_wood,0.0
51,kg_cotton,0.0
51,m² land,0.0
51,kWh energy,92000.0
52,m3_wood,0.0
52,kg_cotton,0.0
52,m² land,0.0
52,kWh energy,80500.0
53,m3_wood,516.2263057034488
53,kg_cotton,0.0
53,m² land,272.8176905612279
53,kWh energy,96071.36281760204
54,m3_wood,0.0
54,kg_cotton,0.0
54,m² land,0.0
54,kWh energy,97000.0
55,m3_wood,0.0
55,kg_cotton,0.0
55,m² land,0.0
55,kWh energy,99500.0
56,m3_wood,0.0
56,kg_cotton,0.0
56,m² land,0.0
56,kWh energy,106000.0
57,m3_wood,0.0
57,kg_cotton,0.0
57,m² land,0.0
57,kWh energy,134000.0
58,m3_wood,0.0
58,kg_cotton,0.0
58,m² land,0.0
58,kWh energy,152000.0
59,m3_wood,0.0
59,kg_cotton,0.0
59,m² land,0.0
59,kWh energy,184000.0
60,m3_wood,0.0
60,kg_cotton,0.0
60,m² land,0.0
60,kWh energy,217000.0
61,m3_wood,0.0
61,kg_cotton,0.0
61,m² land,0.0
61,kWh energy,251071.36281760206
62,m3_wood,0.0
62,kg_cotton,0.0
62,m² land,0.0
62,kWh energy,271000.0
63,m3_wood,0.0
63,kg_cotton,0.0
63,m² land,0.0
63,kWh energy,293500.0
64,m3_wood,0.0
64,kg_cotton,0.0
64,m² land,0.0
64,kWh energy,310000.0
65,m3_wood,0.0
65,kg_cotton,0.0
65,m² land,0.0
65,kWh energy,333000.0
66,m3_wood,0.0
66,kg_cotton,0.0
66,m² land,0.0
66,kWh energy,349000.0
67,m3_wood,516.2263057034489
67,kg_cotton,0.0
67,m² land,272.81769056122783
67,kWh energy,352571.36281760206
68,m3_wood,0.0
68,kg_cotton,0.0
68,m² land,0.0
68,kWh energy,351500.0
69,m3_wood,0.0
69,kg_cotton,0.0
69,m² land,0.0
69,kWh energy,325500.0
70,m3_wood,0.0
70,kg_cotton,0.0
70,m² land,0.0
70,kWh energy,313500.0
71,m3_wood,516.2263057034488
71,kg_cotton,0.0
71,m² land,272.8176905612281
71,kWh energy,289000.0
72,m3_wood,0.0
72,kg_cotton,0.0
72,m² land,0.0
72,kWh energy,245071.36281760206
73,m3_wood,0.0
73,kg_cotton,0.0
73,m² land,0.0
73,kWh energy,232500.0
74,m3_wood,0.0
74,kg_cotton,0.0
74,m² land,0.0
74,kWh energy,205000.0
75,m3_wood,516.2263057034488
75,kg_cotton,0.0
75,m² land,272.81769056122766
75,kWh energy,172500.0
76,m3_wood,0.0
76,kg_cotton,0.0
76,m² land,0.0
76,kWh energy,148500.0
77,m3_wood,0.0
77,kg_cotton,0.0
77,m² land,0.0
77,kWh energy,131500.0
78,m3_wood,0.0
78,kg_cotton,0.0
78,m² land,0.0
78,kWh energy,121500.0
79,m3_wood,0.0
79,kg_cotton,0.0
79,m² land,0.0
79,kWh energy,109000.0
80,m3_wood,516.2263057034488
80,kg_cotton,0.0
80,m² land,272.8176905612279
80,kWh energy,103000.0
81,m3_wood,0.0
81,kg_cotton,0.0
81,m² land,0.0
81,kWh energy,107000.0
82,m3_wood,0.0
82,kg_cotton,0.0
82,m² land,0.0
82,kWh energy,110000.0
83,m3_wood,0.0
83,kg_cotton,0.0
83,m² land,0.0
83,kWh energy,116500.0
84,m3_wood,0.0
84,kg_cotton,0.0
84,m² land,0.0
84,kWh energy,113000.0
85,m3_wood,0.0
85,kg_cotton,0.0
85,m² land,0.0
85,kWh energy,121500.0
86,m3_wood,0.0
86,kg_cotton,0.0
86,m² land,0.0
86,kWh energy,141500.0
87,m3_wood,0.0
87,kg_cotton,0.0
87,m² land,0.0
87,kWh energy,172500.0
88,m3_wood,0.0
88,kg_cotton,0.0
88,m² land,0.0
88,kWh energy,195000.0
89,m3_wood,0.0
89,kg_cotton,0.0
89,m² land,0.0
89,kWh energy,202500.0
90,m3_wood,0.0
90,kg_cotton,0.0
90,m² land,0.0
90,kWh energy,251000.0
91,m3_wood,0.0
91,kg_cotton,0.0
91,m² land,0.0
91,kWh energy,267500.0
92,m3_wood,0.0
92,kg_cotton,0.0
92,m² land,0.0
92,kWh energy,287000.0
93,m3_wood,0.0
93,kg_cotton,0.0
93,m² land,0.0
93,kWh energy,314000.0
94,m3_wood,0.0
94,kg_cotton,0.0
94,m² land,0.0
94,kWh energy,334500.0
95,m3_wood,0.0
95,kg_cotton,0.0
95,m² land,0.0
95,kWh energy,355000.0
96,m3_wood,0.0
96,kg_cotton,0.0
96,m² land,0.0
96,kWh energy,342000.0
97,m3_wood,0.0
97,kg_cotton,0.0
97,m² land,0.0
97,kWh energy,330000.0
98,m3_wood,0.0
98,kg_cotton,0.0
98,m² land,0.0
98,kWh energy,312000.0
99,m3_wood,0.0
99,kg_cotton,0.0
99,m² land,0.0
99,kWh energy,296000.0
100,m3_wood,0.0
100,kg_cotton,0.0
100,m² land,0.0
100,kWh energy,284000.0
101,m3_wood,0.0
101,kg_cotton,0.0
101,m² land,0.0
101,kWh energy,242500.0
102,m3_wood,0.0
102,kg_cotton,0.0
102,m² land,0.0
102,kWh energy,218000.0
103,m3_wood,0.0
103,kg_cotton,0.0
103,m² land,0.0
103,kWh energy,209500.0
104,m3_wood,0.0
104,kg_cotton,0.0
104,m² land,0.0
104,kWh energy,166000.0
105,m3_wood,0.0
105,kg_cotton,0.0
105,m² land,0.0
105,kWh energy,140000.0
106,m3_wood,0.0
106,kg_cotton,0.0
106,m² land,0.0
106,kWh energy,131000.0
107,m3_wood,0.0
107,kg_cotton,0.0
107,m² land,0.0
107,kWh energy,115000.0
108,m3_wood,0.0
108,kg_cotton,0.0
108,m² land,0.0
108,kWh energy,134500.0
109,m3_wood,0.0
109,kg_cotton,0.0
109,m² land,0.0
109,kWh energy,111000.0
110,m3_wood,0.0
110,kg_cotton,0.0
110,m² land,0.0
110,kWh energy,118500.0
111,m3_wood,0.0
111,kg_cotton,0.0
111,m² land,0.0
111,kWh energy,124500.0
112,m3_wood,0.0
112,kg_cotton,0.0
112,m² land,0.0
112,kWh energy,119500.0
113,m3_wood,0.0
113,kg_cotton,0.0
113,m² land,0.0
113,kWh energy,134500.0
114,m3_wood,0.0
114,kg_cotton,0.0
114,m² land,0.0
114,kWh energy,146000.0
115,m3_wood,0.0
115,kg_cotton,0.0
115,m² land,0.0
115,kWh energy,174000.0
116,m3_wood,0.0
116,kg_cotton,0.0
116,m² land,0.0
116,kWh energy,184000.0
117,m3_wood,0.0
117,kg_cotton,0.0
117,m² land,0.0
117,kWh energy,207500.0
118,m3_wood,0.0
118,kg_cotton,0.0
118,m² land,0.0
118,kWh energy,213000.0
119,m3_wood,0.0
119,kg_cotton,0.0
119,m² land,0.0
119,kWh energy,234500.0
120,m3_wood,0.0
120,kg_cotton,0.0
120,m² land,0.0
120,kWh energy,267000.0
121,m3_wood,0.0
121,kg_cotton,0.0
121,m² land,0.0
121,kWh energy,277500.0
122,m3_wood,0.0
122,kg_cotton,0.0
122,m² land,0.0
122,kWh energy,305500.0
123,m3_wood,0.0
123,kg_cotton,0.0
123,m² land,0.0
123,kWh energy,293000.0
124,m3_wood,0.0
124,kg_cotton,0.0
124,m² land,0.0
124,kWh energy,305000.0
125,m3_wood,0.0
125,kg_cotton,0.0
125,m² land,0.0
125,kWh energy,308500.0
126,m3_wood,0.0
126,kg_cotton,0.0
126,m² land,0.0
126,kWh energy,309000.0
127,m3_wood,0.0
127,kg_cotton,0.0
127,m² land,0.0
127,kWh energy,293000.0
128,m3_wood,0.0
128,kg_cotton,0.0
128,m² land,0.0
128,kWh energy,279500.0
129,m3_wood,0.0
129,kg_cotton,0.0
129,m² land,0.0
129,kWh energy,271000.0
130,m3_wood,0.0
130,kg_cotton,0.0
130,m² land,0.0
130,kWh energy,231000.0
131,m3_wood,0.0
131,kg_cotton,0.0
131,m² land,0.0
131,kWh energy,219500.0
132,m3_wood,0.0
132,kg_cotton,0.0
132,m² land,0.0
132,kWh energy,190000.0
133,m3_wood,0.0
133,kg_cotton,0.0
133,m² land,0.0
133,kWh energy,180000.0
134,m3_wood,0.0
134,kg_cotton,0.0
134,m² land,0.0
134,kWh energy,174500.0
135,m3_wood,0.0
135,kg_cotton,0.0
135,m² land,0.0
135,kWh energy,154000.0
136,m3_wood,0.0
136,kg_cotton,0.0
136,m² land,0.0
136,kWh energy,136500.0
137,m3_wood,0.0
137,kg_cotton,0.0
137,m² land,0.0
137,kWh energy,130500.0
138,m3_wood,0.0
138,kg_cotton,0.0
138,m² land,0.0
138,kWh energy,138500.0
139,m3_wood,0.0
139,kg_cotton,0.0
139,m² land,0.0
139,kWh energy,136000.0
140,m3_wood,0.0
140,kg_cotton,0.0
140,m² land,0.0
140,kWh energy,138500.0
141,m3_wood,0.0
141,kg_cotton,0.0
141,m² land,0.0
141,kWh energy,129000.0
142,m3_wood,0.0
142,kg_cotton,0.0
142,m² land,0.0
142,kWh energy,139000.0
143,m3_wood,0.0
143,kg_cotton,0.0
143,m² land,0.0
143,kWh energy,155500.0
144,m3_wood,0.0
144,kg_cotton,0.0
144,m² land,0.0
144,kWh energy,169500.0
145,m3_wood,0.0
145,kg_cotton,0.0
145,m² land,0.0
145,kWh energy,179000.0
146,m3_wood,0.0
146,kg_cotton,0.0
146,m² land,0.0
146,kWh energy,208500.0
147,m3_wood,0.0
147,kg_cotton,0.0
147,m² land,0.0
147,kWh energy,233000.0
148,m3_wood,0.0
148,kg_cotton,0.0
148,m² land,0.0
148,kWh energy,236500.0
149,m3_wood,0.0
149,kg_cotton,0.0
149,m² land,0.0
149,kWh energy,256500.0
150,m3_wood,0.0
150,kg_cotton,0.0
150,m² land,0.0
150,kWh energy,261000.0
151,m3_wood,0.0
151,kg_cotton,0.0
151,m² land,0.0
151,kWh energy,283000.0
152,m3_wood,0.0
152,kg_cotton,0.0
152,m² land,0.0
152,kWh energy,310500.0
153,m3_wood,0.0
153,kg_cotton,0.0
153,m² land,0.0
153,kWh energy,308000.0
154,m3_wood,0.0
154,kg_cotton,0.0
154,m² land,0.0
154,kWh energy,296500.0
155,m3_wood,0.0
155,kg_cotton,0.0
155,m² land,0.0
155,kWh energy,286000.0
156,m3_wood,0.0
156,kg_cotton,0.0
156,m² land,0.0
156,kWh energy,277000.0
157,m3_wood,0.0
157,kg_cotton,0.0
157,m² land,0.0
157,kWh energy,255500.0
158,m3_wood,0.0
158,kg_cotton,0.0
158,m² land,0.0
158,kWh energy,251000.0
159,m3_wood,0.0
159,kg_cotton,0.0
159,m² land,0.0
159,kWh energy,226500.0
160,m3_wood,0.0
160,kg_cotton,0.0
160,m² land,0.0
160,kWh energy,221500.0
161,m3_wood,0.0
161,kg_cotton,0.0
161,m² land,0.0
161,kWh energy,197500.0
162,m3_wood,0.0
162,kg_cotton,0.0
162,m² land,0.0
162,kWh energy,175000.0
163,m3_wood,0.0
163,kg_cotton,0.0
163,m² land,0.0
163,kWh energy,174500.0
164,m3_wood,0.0
164,kg_cotton,0.0
164,m² land,0.0
164,kWh energy,161000.0
165,m3_wood,0.0
165,kg_cotton,0.0
165,m² land,0.0
165,kWh energy,159000.0
166,m3_wood,0.0
166,kg_cotton,0.0
166,m² land,0.0
166,kWh energy,139500.0
167,m3_wood,0.0
167,kg_cotton,0.0
167,m² land,0.0
167,kWh energy,140500.0
168,m3_wood,0.0
168,kg_cotton,0.0
168,m² land,0.0
168,kWh energy,138000.0
169,m3_wood,0.0
169,kg_cotton,0.0
169,m² land,0.0
169,kWh energy,154000.0
170,m3_wood,0.0
170,kg_cotton,0.0
170,m² land,0.0
170,kWh energy,148000.0
171,m3_wood,0.0
171,kg_cotton,0.0
171,m² land,0.0
171,kWh energy,166500.0
172,m3_wood,0.0
172,kg_cotton,0.0
172,m² land,0.0
172,kWh energy,172500.0
173,m3_wood,0.0
173,kg_cotton,0.0
173,m² land,0.0
173,kWh energy,184500.0
174,m3_wood,0.0
174,kg_cotton,0.0
174,m² land,0.0
174,kWh energy,185000.0
175,m3_wood,0.0
175,kg_cotton,0.0
175,m² land,0.0
175,kWh energy,197000.0
176,m3_wood,0.0
176,kg_cotton,0.0
176,m² land,0.0
176,kWh energy,222000.0
177,m3_wood,0.0
177,kg_cotton,0.0
177,m² land,0.0
177,kWh energy,236000.0
178,m3_wood,0.0
178,kg_cotton,0.0
178,m² land,0.0
178,kWh energy,266500.0
179,m3_wood,0.0
179,kg_cotton,0.0
179,m² land,0.0
179,kWh energy,259000.0
180,m3_wood,0.0
180,kg_cotton,0.0
180,m² land,0.0
180,kWh energy,270500.0
181,m3_wood,0.0
181,kg_cotton,0.0
181,m² land,0.0
181,kWh energy,277000.0
182,m3_wood,0.0
182,kg_cotton,0.0
182,m² land,0.0
182,kWh energy,271500.0
183,m3_wood,0.0
183,kg_cotton,0.0
183,m² land,0.0
183,kWh energy,270000.0
184,m3_wood,0.0
184,kg_cotton,0.0
184,m² land,0.0
184,kWh energy,278000.0
185,m3_wood,0.0
185,kg_cotton,0.0
185,m² land,0.0
185,kWh energy,259500.0
186,m3_wood,0.0
186,kg_cotton,0.0
186,m² land,0.0
186,kWh energy,252500.0
187,m3_wood,0.0
187,kg_cotton,0.0
187,m² land,0.0
187,kWh energy,241000.0
188,m3_wood,0.0
188,kg_cotton,0.0
188,m² land,0.0
188,kWh energy,225000.0
189,m3_wood,0.0
189,kg_cotton,0.0
189,m² land,0.0
189,kWh energy,202000.0
190,m3_wood,0.0
190,kg_cotton,0.0
190,m² land,0.0
190,kWh energy,200000.0
191,m3_wood,0.0
191,kg_cotton,0.0
191,m² land,0.0
191,kWh energy,187000.0
192,m3_wood,0.0
192,kg_cotton,0.0
192,m² land,0.0
192,kWh energy,182000.0
193,m3_wood,0.0
193,kg_cotton,0.0
193,m² land,0.0
193,kWh energy,166500.0
194,m3_wood,0.0
194,kg_cotton,0.0
194,m² land,0.0
194,kWh energy,161000.0
195,m3_wood,0.0
195,kg_cotton,0.0
195,m² land,0.0
195,kWh energy,166500.0
196,m3_wood,0.0
196,kg_cotton,0.0
196,m² land,0.0
196,kWh energy,166000.0
197,m3_wood,0.0
197,kg_cotton,0.0
197,m² land,0.0
197,kWh energy,164000.0
198,m3_wood,0.0
198,kg_cotton,0.0
198,m² land,0.0
198,kWh energy,164500.0
199,m3_wood,0.0
199,kg_cotton,0.0
199,m² land,0.0
199,kWh energy,168000.0
200,m3_wood,0.0
200,kg_cotton,0.0
200,m² land,0.0
200,kWh energy,167500.0
201,m3_wood,0.0
201,kg_cotton,0.0
201,m² land,0.0
201,kWh energy,189000.0
202,m3_wood,0.0
202,kg_cotton,0.0
202,m² land,0.0
202,kWh energy,195500.0
203,m3_wood,0.0
203,kg_cotton,0.0
203,m² land,0.0
203,kWh energy,197500.0
204,m3_wood,0.0
204,kg_cotton,0.0
204,m² land,0.0
204,kWh energy,220000.0
205,m3_wood,0.0
205,kg_cotton,0.0
205,m² land,0.0
205,kWh energy,220000.0
206,m3_wood,0.0
206,kg_cotton,0.0
206,m² land,0.0
206,kWh energy,224000.0
207,m3_wood,0.0
207,kg_cotton,0.0
207,m² land,0.0
207,kWh energy,235000.0
208,m3_wood,0.0
208,kg_cotton,0.0
208,m² land,0.0
208,kWh energy,250500.0
209,m3_wood,0.0
209,kg_cotton,0.0
209,m² land,0.0
209,kWh energy,244500.0
210,m3_wood,0.0
210,kg_cotton,0.0
210,m² land,0.0
210,kWh energy,258000.0
211,m3_wood,0.0
211,kg_cotton,0.0
211,m² land,0.0
211,kWh energy,263000.0
212,m3_wood,0.0
212,kg_cotton,0.0
212,m² land,0.0
212,kWh energy,259500.0
213,m3_wood,0.0
213,kg_cotton,0.0
213,m² land,0.0
213,kWh energy,254000.0
214,m3_wood,0.0
214,kg_cotton,0.0
214,m² land,0.0
214,kWh energy,235000.0
215,m3_wood,0.0
215,kg_cotton,0.0
215,m² land,0.0
215,kWh energy,255500.0
216,m3_wood,0.0
216,kg_cotton,0.0
216,m² land,0.0
216,kWh energy,237000.0
217,m3_wood,0.0
217,kg_cotton,0.0
217,m² land,0.0
217,kWh energy,227000.0
218,m3_wood,0.0
218,kg_cotton,0.0
218,m² land,0.0
218,kWh energy,211000.0
219,m3_wood,0.0
219,kg_cotton,0.0
219,m² land,0.0
219,kWh energy,198500.0
220,m3_wood,0.0
220,kg_cotton,0.0
220,m² land,0.0
220,kWh energy,194000.0
221,m3_wood,0.0
221,kg_cotton,0.0
221,m² land,0.0
221,kWh energy,184500.0
222,m3_wood,0.0
222,kg_cotton,0.0
222,m² land,0.0
222,kWh energy,184500.0
223,m3_wood,0.0
223,kg_cotton,0.0
223,m² land,0.0
223,kWh energy,176500.0
224,m3_wood,0.0
224,kg_cotton,0.0
224,m² land,0.0
224,kWh energy,176500.0
225,m3_wood,0.0
225,kg_cotton,0.0
225,m² land,0.0
225,kWh energy,171500.0
226,m3_wood,0.0
226,kg_cotton,0.0
226,m² land,0.0
226,kWh energy,169000.0
227,m3_wood,0.0
227,kg_cotton,0.0
227,m² land,0.0
227,kWh energy,172500.0
228,m3_wood,0.0
228,kg_cotton,0.0
228,m² land,0.0
228,kWh energy,184500.0
229,m3_wood,0.0
229,kg_cotton,0.0
229,m² land,0.0
229,kWh energy,194000.0
230,m3_wood,0.0
230,kg_cotton,0.0
230,m² land,0.0
230,kWh energy,177500.0
231,m3_wood,0.0
231,kg_cotton,0.0
231,m² land,0.0
231,kWh energy,185000.0
232,m3_wood,0.0
232,kg_cotton,0.0
232,m² land,0.0
232,kWh energy,197500.0
233,m3_wood,0.0
233,kg_cotton,0.0
233,m² land,0.0
233,kWh energy,205500.0
234,m3_wood,0.0
234,kg_cotton,0.0
234,m² land,0.0
234,kWh energy,232500.0
235,m3_wood,0.0
235,kg_cotton,0.0
235,m² land,0.0
235,kWh energy,226500.0
236,m3_wood,0.0
236,kg_cotton,0.0
236,m² land,0.0
236,kWh energy,226000.0
237,m3_wood,0.0
237,kg_cotton,0.0
237,m² land,0.0
237,kWh energy,244000.0
238,m3_wood,0.0
238,kg_cotton,0.0
238,m² land,0.0
238,kWh energy,245500.0
239,m3_wood,0.0
239,kg_cotton,0.0
239,m² land,0.0
239,kWh energy,253500.0
240,m3_wood,0.0
240,kg_cotton,0.0
240,m² land,0.0
240,kWh energy,254500.0
241,m3_wood,0.0
241,kg_cotton,0.0
241,m² land,0.0
241,kWh energy,245500.0
242,m3_wood,0.0
242,kg_cotton,0.0
242,m² land,0.0
242,kWh energy,246500.0
243,m3_wood,0.0
243,kg_cotton,0.0
243,m² land,0.0
243,kWh energy,254500.0
244,m3_wood,0.0
244,kg_cotton,0.0
244,m² land,0.0
244,kWh energy,250500.0
245,m3_wood,0.0
245,kg_cotton,0.0
245,m² land,0.0
245,kWh energy,233000.0
246,m3_wood,0.0
246,kg_cotton,0.0
246,m² land,0.0
246,kWh energy,223500.0
247,m3_wood,0.0
247,kg_cotton,0.0
247,m² land,0.0
247,kWh energy,203000.0
248,m3_wood,0.0
248,kg_cotton,0.0
248,m² land,0.0
248,kWh energy,206000.0
249,m3_wood,0.0
249,kg_cotton,0.0
249,m² land,0.0
249,kWh energy,190000.0
250,m3_wood,0.0
250,kg_cotton,0.0
250,m² land,0.0
250,kWh energy,188000.0
251,m3_wood,0.0
251,kg_cotton,0.0
251,m² land,0.0
251,kWh energy,189500.0
252,m3_wood,0.0
252,kg_cotton,0.0
252,m² land,0.0
252,kWh energy,177000.0
253,m3_wood,0.0
253,kg_cotton,0.0
253,m² land,0.0
253,kWh energy,171500.0
254,m3_wood,0.0
254,kg_cotton,0.0
254,m² land,0.0
254,kWh energy,170000.0
255,m3_wood,0.0
255,kg_cotton,0.0
255,m² land,0.0
255,kWh energy,165500.0
256,m3_wood,0.0
256,kg_cotton,0.0
256,m² land,0.0
256,kWh energy,171500.0
257,m3_wood,0.0
257,kg_cotton,0.0
257,m² land,0.0
257,kWh energy,176500.0
258,m3_wood,0.0
258,kg_cotton,0.0
258,m² land,0.0
258,kWh energy,178500.0
259,m3_wood,0.0
259,kg_cotton,0.0
259,m² land,0.0
259,kWh energy,197500.0
260,m3_wood,0.0
260,kg_cotton,0.0
260,m² land,0.0
260,kWh energy,196000.0
261,m3_wood,0.0
261,kg_cotton,0.0
261,m² land,0.0
261,kWh energy,203500.0
262,m3_wood,0.0
262,kg_cotton,0.0
262,m² land,0.0
262,kWh energy,203500.0
263,m3_wood,0.0
263,kg_cotton,0.0
263,m² land,0.0
263,kWh energy,206000.0
264,m3_wood,0.0
264,kg_cotton,0.0
264,m² land,0.0
264,kWh energy,227000.0
265,m3_wood,0.0
265,kg_cotton,0.0
265,m² land,0.0
265,kWh energy,232000.0
266,m3_wood,0.0
266,kg_cotton,0.0
266,m² land,0.0
266,kWh energy,240000.0
267,m3_wood,0.0
267,kg_cotton,0.0
267,m² land,0.0
267,kWh energy,241500.0
268,m3_wood,0.0
268,kg_cotton,0.0
268,m² land,0.0
268,kWh energy,246000.0
269,m3_wood,0.0
269,kg_cotton,0.0
269,m² land,0.0
269,kWh energy,264000.0
270,m3_wood,0.0
270,kg_cotton,0.0
270,m² land,0.0
270,kWh energy,255500.0
271,m3_wood,0.0
271,kg_cotton,0.0
271,m² land,0.0
271,kWh energy,258500.0
272,m3_wood,0.0
272,kg_cotton,0.0
272,m² land,0.0
272,kWh energy,244500.0
273,m3_wood,0.0
273,kg_cotton,0.0
273,m² land,0.0
273,kWh energy,240000.0
274,m3_wood,0.0
274,kg_cotton,0.0
274,m² land,0.0
274,kWh energy,231000.0
275,m3_wood,0.0
275,kg_cotton,0.0
275,m² land,0.0
275,kWh energy,228500.0
276,m3_wood,0.0
276,kg_cotton,0.0
276,m² land,0.0
276,kWh energy,212500.0
277,m3_wood,0.0
277,kg_cotton,0.0
277,m² land,0.0
277,kWh energy,208500.0
278,m3_wood,0.0
278,kg_cotton,0.0
278,m² land,0.0
278,kWh energy,185500.0
279,m3_wood,0.0
279,kg_cotton,0.0
279,m² land,0.0
279,kWh energy,190500.0
280,m3_wood,0.0
280,kg_cotton,0.0
280,m² land,0.0
280,kWh energy,178000.0
281,m3_wood,0.0
281,kg_cotton,0.0
281,m² land,0.0
281,kWh energy,170500.0
282,m3_wood,0.0
282,kg_cotton,0.0
282,m² land,0.0
282,kWh energy,162000.0
283,m3_wood,0.0
283,kg_cotton,0.0
283,m² land,0.0
283,kWh energy,167500.0
284,m3_wood,0.0
284,kg_cotton,0.0
284,m² land,0.0
284,kWh energy,172500.0
285,m3_wood,0.0
285,kg_cotton,0.0
285,m² land,0.0
285,kWh energy,177000.0
286,m3_wood,0.0
286,kg_cotton,0.0
286,m² land,0.0
286,kWh energy,169000.0
287,m3_wood,0.0
287,kg_cotton,0.0
287,m² land,0.0
287,kWh energy,179000.0
288,m3_wood,0.0
288,kg_cotton,0.0
288,m² land,0.0
288,kWh energy,202000.0
289,m3_wood,0.0
289,kg_cotton,0.0
289,m² land,0.0
289,kWh energy,212500.0
290,m3_wood,0.0
290,kg_cotton,0.0
290,m² land,0.0
290,kWh energy,195500.0
291,m3_wood,0.0
291,kg_cotton,0.0
291,m² land,0.0
291,kWh energy,194500.0
292,m3_wood,0.0
292,kg_cotton,0.0
292,m² land,0.0
292,kWh energy,221000.0
293,m3_wood,0.0
293,kg_cotton,0.0
293,m² land,0.0
293,kWh energy,229000.0
294,m3_wood,0.0
294,kg_cotton,0.0
294,m² land,0.0
294,kWh energy,242000.0
295,m3_wood,0.0
295,kg_cotton,0.0
295,m² land,0.0
295,kWh energy,248000.0
296,m3_wood,0.0
296,kg_cotton,0.0
296,m² land,0.0
296,kWh energy,236500.0
297,m3_wood,0.0
297,kg_cotton,0.0
297,m² land,0.0
297,kWh energy,248000.0
298,m3_wood,0.0
298,kg_cotton,0.0
298,m² land,0.0
298,kWh energy,256000.0
299,m3_wood,0.0
299,kg_cotton,0.0
299,m² land,0.0
299,kWh energy,240500.0
300,m3_wood,0.0
300,kg_cotton,0.0
300,m² land,0.0
300,kWh energy,244500.0
301,m3_wood,0.0
301,kg_cotton,0.0
301,m² land,0.0
301,kWh energy,235000.0
302,m3_wood,0.0
302,kg_cotton,0.0
302,m² land,0.0
302,kWh energy,243500.0
303,m3_wood,0.0
303,kg_cotton,0.0
303,m² land,0.0
303,kWh energy,220500.0
304,m3_wood,0.0
304,kg_cotton,0.0
304,m² land,0.0
304,kWh energy,225000.0
305,m3_wood,0.0
305,kg_cotton,0.0
305,m² land,0.0
305,kWh energy,205000.0
306,m3_wood,0.0
306,kg_cotton,0.0
306,m² land,0.0
306,kWh energy,202000.0
307,m3_wood,0.0
307,kg_cotton,0.0
307,m² land,0.0
307,kWh energy,202000.0
308,m3_wood,0.0
308,kg_cotton,0.0
308,m² land,0.0
308,kWh energy,195000.0
309,m3_wood,0.0
309,kg_cotton,0.0
309,m² land,0.0
309,kWh energy,181000.0
310,m3_wood,0.0
310,kg_cotton,0.0
310,m² land,0.0
310,kWh energy,179000.0
311,m3_wood,0.0
311,kg_cotton,0.0
311,m² land,0.0
311,kWh energy,184500.0
312,m3_wood,0.0
312,kg_cotton,0.0
312,m² land,0.0
312,kWh energy,180500.0
313,m3_wood,0.0
313,kg_cotton,0.0
313,m² land,0.0
313,kWh energy,170500.0
314,m3_wood,0.0
314,kg_cotton,0.0
314,m² land,0.0
314,kWh energy,179000.0
315,m3_wood,0.0
315,kg_cotton,0.0
315,m² land,0.0
315,kWh energy,175500.0
316,m3_wood,0.0
316,kg_cotton,0.0
316,m² land,0.0
316,kWh energy,179000.0
317,m3_wood,0.0
317,kg_cotton,0.0
317,m² land,0.0
317,kWh energy,183500.0
318,m3_wood,0.0
318,kg_cotton,0.0
318,m² land,0.0
318,kWh energy,194000.0
319,m3_wood,0.0
319,kg_cotton,0.0
319,m² land,0.0
319,kWh energy,209000.0
320,m3_wood,0.0
320,kg_cotton,0.0
320,m² land,0.0
320,kWh energy,213000.0
321,m3_wood,0.0
321,kg_cotton,0.0
321,m² land,0.0
321,kWh energy,225000.0
322,m3_wood,0.0
322,kg_cotton,0.0
322,m² land,0.0
322,kWh energy,234500.0
323,m3_wood,0.0
323,kg_cotton,0.0
323,m² land,0.0
323,kWh energy,227000.0
324,m3_wood,0.0
324,kg_cotton,0.0
324,m² land,0.0
324,kWh energy,239500.0
325,m3_wood,0.0
325,kg_cotton,0.0
325,m² land,0.0
325,kWh energy,239000.0
326,m3_wood,0.0
326,kg_cotton,0.0
326,m² land,0.0
326,kWh energy,249500.0
327,m3_wood,0.0
327,kg_cotton,0.0
327,m² land,0.0
327,kWh energy,241500.0
328,m3_wood,0.0
328,kg_cotton,0.0
328,m² land,0.0
328,kWh energy,235500.0
329,m3_wood,0.0
329,kg_cotton,0.0
329,m² land,0.0
329,kWh energy,229000.0
330,m3_wood,0.0
330,kg_cotton,0.0
330,m² land,0.0
330,kWh energy,219000.0
331,m3_wood,0.0
331,kg_cotton,0.0
331,m² land,0.0
331,kWh energy,209500.0
332,m3_wood,0.0
332,kg_cotton,0.0
332,m² land,0.0
332,kWh energy,217500.0
333,m3_wood,0.0
333,kg_cotton,0.0
333,m² land,0.0
333,kWh energy,228000.0
334,m3_wood,0.0
334,kg_cotton,0.0
334,m² land,0.0
334,kWh energy,215000.0
335,m3_wood,0.0
335,kg_cotton,0.0
335,m² land,0.0
335,kWh energy,200500.0
336,m3_wood,0.0
336,kg_cotton,0.0
336,m² land,0.0
336,kWh energy,197000.0
337,m3_wood,0.0
337,kg_cotton,0.0
337,m² land,0.0
337,kWh energy,190500.0
338,m3_wood,0.0
338,kg_cotton,0.0
338,m² land,0.0
338,kWh energy,188500.0
339,m3_wood,0.0
339,kg_cotton,0.0
339,m² land,0.0
339,kWh energy,191000.0
340,m3_wood,0.0
340,kg_cotton,0.0
340,m² land,0.0
340,kWh energy,191000.0
341,m3_wood,0.0
341,kg_cotton,0.0
341,m² land,0.0
341,kWh energy,197500.0
342,m3_wood,0.0
342,kg_cotton,0.0
342,m² land,0.0
342,kWh energy,189000.0
343,m3_wood,0.0
343,kg_cotton,0.0
343,m² land,0.0
343,kWh energy,184000.0
344,m3_wood,0.0
344,kg_cotton,0.0
344,m² land,0.0
344,kWh energy,187000.0
345,m3_wood,0.0
345,kg_cotton,0.0
345,m² land,0.0
345,kWh energy,177500.0
346,m3_wood,0.0
346,kg_cotton,0.0
346,m² land,0.0
346,kWh energy,197000.0
347,m3_wood,0.0
347,kg_cotton,0.0
347,m² land,0.0
347,kWh energy,189000.0
348,m3_wood,0.0
348,kg_cotton,0.0
348,m² land,0.0
348,kWh energy,210500.0
349,m3_wood,0.0
349,kg_cotton,0.0
349,m² land,0.0
349,kWh energy,214500.0
350,m3_wood,0.0
350,kg_cotton,0.0
350,m² land,0.0
350,kWh energy,231500.0
351,m3_wood,0.0
351,kg_cotton,0.0
351,m² land,0.0
351,kWh energy,232000.0
352,m3_wood,0.0
352,kg_cotton,0.0
352,m² land,0.0
352,kWh energy,228000.0
353,m3_wood,0.0
353,kg_cotton,0.0
353,m² land,0.0
353,kWh energy,226500.0
354,m3_wood,0.0
354,kg_cotton,0.0
354,m² land,0.0
354,kWh energy,242000.0
355,m3_wood,0.0
355,kg_cotton,0.0
355,m² land,0.0
355,kWh energy,239000.0
356,m3_wood,0.0
356,kg_cotton,0.0
356,m² land,0.0
356,kWh energy,231500.0
357,m3_wood,0.0
357,kg_cotton,0.0
357,m² land,0.0
357,kWh energy,223000.0
358,m3_wood,0.0
358,kg_cotton,0.0
358,m² land,0.0
358,kWh energy,219000.0
359,m3_wood,0.0
359,kg_cotton,0.0
359,m² land,0.0
359,kWh energy,227000.0
360,m3_wood,0.0
360,kg_cotton,0.0
360,m² land,0.0
360,kWh energy,229500.0
361,m3_wood,0.0
361,kg_cotton,0.0
361,m² land,0.0
361,kWh energy,218500.0
362,m3_wood,0.0
362,kg_cotton,0.0
362,m² land,0.0
362,kWh energy,225500.0
363,m3_wood,0.0
363,kg_cotton,0.0
363,m² land,0.0
363,kWh energy,206500.0
364,m3_wood,0.0
364,kg_cotton,0.0
364,m² land,0.0
364,kWh energy,207000.0
365,m3_wood,0.0
365,kg_cotton,0.0
365,m² land,0.0
365,kWh energy,208000.0
366,m3_wood,0.0
366,kg_cotton,0.0
366,m² land,0.0
366,kWh energy,210500.0
367,m3_wood,0.0
367,kg_cotton,0.0
367,m² land,0.0
367,kWh energy,208000.0
368,m3_wood,0.0
368,kg_cotton,0.0
368,m² land,0.0
368,kWh energy,200000.0
369,m3_wood,0.0
369,kg_cotton,0.0
369,m² land,0.0
369,kWh energy,188000.0
370,m3_wood,0.0
370,kg_cotton,0.0
370,m² land,0.0
370,kWh energy,184000.0
371,m3_wood,0.0
371,kg_cotton,0.0
371,m² land,0.0
371,kWh energy,183500.0
372,m3_wood,0.0
372,kg_cotton,0.0
372,m² land,0.0
372,kWh energy,188500.0
373,m3_wood,0.0
373,kg_cotton,0.0
373,m² land,0.0
373,kWh energy,199000.0
374,m3_wood,0.0
374,kg_cotton,0.0
374,m² land,0.0
374,kWh energy,184000.0
375,m3_wood,0.0
375,kg_cotton,0.0
375,m² land,0.0
375,kWh energy,191500.0
376,m3_wood,0.0
376,kg_cotton,0.0
376,m² land,0.0
376,kWh energy,187500.0
377,m3_wood,0.0
377,kg_cotton,0.0
377,m² land,0.0
377,kWh energy,194500.0
378,m3_wood,0.0
378,kg_cotton,0.0
378,m² land,0.0
378,kWh energy,205000.0
379,m3_wood,0.0
379,kg_cotton,0.0
379,m² land,0.0
379,kWh energy,220000.0
380,m3_wood,0.0
380,kg_cotton,0.0
380,m² land,0.0
380,kWh energy,230500.0
381,m3_wood,0.0
381,kg_cotton,0.0
381,m² land,0.0
381,kWh energy,226000.0
382,m3_wood,0.0
382,kg_cotton,0.0
382,m² land,0.0
382,kWh energy,235000.0
383,m3_wood,0.0
383,kg_cotton,0.0
383,m² land,0.0
383,kWh energy,239000.0
384,m3_wood,0.0
384,kg_cotton,0.0
384,m² land,0.0
384,kWh energy,238500.0
385,m3_wood,0.0
385,kg_cotton,0.0
385,m² land,0.0
385,kWh energy,236500.0
386,m3_wood,0.0
386,kg_cotton,0.0
386,m² land,0.0
386,kWh energy,234500.0
387,m3_wood,0.0
387,kg_cotton,0.0
387,m² land,0.0
387,kWh energy,236500.0
388,m3_wood,0.0
388,kg_cotton,0.0
388,m² land,0.0
388,kWh energy,244500.0
389,m3_wood,0.0
389,kg_cotton,0.0
389,m² land,0.0
389,kWh energy,220000.0
390,m3_wood,0.0
390,kg_cotton,0.0
390,m² land,0.0
390,kWh energy,215500.0
391,m3_wood,0.0
391,kg_cotton,0.0
391,m² land,0.0
391,kWh energy,212000.0
392,m3_wood,0.0
392,kg_cotton,0.0
392,m² land,0.0
392,kWh energy,212000.0
393,m3_wood,0.0
393,kg_cotton,0.0
393,m² land,0.0
393,kWh energy,208000.0
394,m3_wood,0.0
394,kg_cotton,0.0
394,m² land,0.0
394,kWh energy,196000.0
395,m3_wood,0.0
395,kg_cotton,0.0
395,m² land,0.0
395,kWh energy,186500.0
396,m3_wood,0.0
396,kg_cotton,0.0
396,m² land,0.0
396,kWh energy,201000.0
397,m3_wood,0.0
397,kg_cotton,0.0
397,m² land,0.0
397,kWh energy,195000.0
398,m3_wood,0.0
398,kg_cotton,0.0
398,m² land,0.0
398,kWh energy,185000.0
399,m3_wood,0.0
399,kg_cotton,0.0
399,m² land,0.0
399,kWh energy,192000.0
400,m3_wood,0.0
400,kg_cotton,0.0
400,m² land,0.0
400,kWh energy,192500.0
401,m3_wood,0.0
401,kg_cotton,0.0
401,m² land,0.0
401,kWh energy,181500.0
402,m3_wood,0.0
402,kg_cotton,0.0
402,m² land,0.0
402,kWh energy,194000.0
403,m3_wood,0.0
403,kg_cotton,0.0
403,m² land,0.0
403,kWh energy,194500.0
404,m3_wood,0.0
404,kg_cotton,0.0
404,m² land,0.0
404,kWh energy,190500.0
405,m3_wood,0.0
405,kg_cotton,0.0
405,m² land,0.0
405,kWh energy,204000.0
406,m3_wood,0.0
406,kg_cotton,0.0
406,m² land,0.0
406,kWh energy,199500.0
407,m3_wood,0.0
407,kg_cotton,0.0
407,m² land,0.0
407,kWh energy,219500.0
408,m3_wood,0.0
408,kg_cotton,0.0
408,m² land,0.0
408,kWh energy,214500.0
409,m3_wood,0.0
409,kg_cotton,0.0
409,m² land,0.0
409,kWh energy,231000.0
410,m3_wood,0.0
410,kg_cotton,0.0
410,m² land,0.0
410,kWh energy,224000.0
411,m3_wood,0.0
411,kg_cotton,0.0
411,m² land,0.0
411,kWh energy,230000.0
412,m3_wood,0.0
412,kg_cotton,0.0
412,m² land,0.0
412,kWh energy,232500.0
413,m3_wood,0.0
413,kg_cotton,0.0
413,m² land,0.0
413,kWh energy,232500.0
414,m3_wood,0.0
414,kg_cotton,0.0
414,m² land,0.0
414,kWh energy,234000.0
415,m3_wood,0.0
415,kg_cotton,0.0
415,m² land,0.0
415,kWh energy,241500.0
416,m3_wood,0.0
416,kg_cotton,0.0
416,m² land,0.0
416,kWh energy,226000.0
417,m3_wood,0.0
417,kg_cotton,0.0
417,m² land,0.0
417,kWh energy,223000.0
418,m3_wood,0.0
418,kg_cotton,0.0
418,m² land,0.0
418,kWh energy,224500.0
419,m3_wood,0.0
419,kg_cotton,0.0
419,m² land,0.0
419,kWh energy,222500.0
420,m3_wood,0.0
420,kg_cotton,0.0
420,m² land,0.0
420,kWh energy,217000.0
421,m3_wood,0.0
421,kg_cotton,0.0
421,m² land,0.0
421,kWh energy,203500.0
422,m3_wood,0.0
422,kg_cotton,0.0
422,m² land,0.0
422,kWh energy,188500.0
423,m3_wood,0.0
423,kg_cotton,0.0
423,m² land,0.0
423,kWh energy,197500.0
424,m3_wood,0.0
424,kg_cotton,0.0
424,m² land,0.0
424,kWh energy,204500.0
425,m3_wood,0.0
425,kg_cotton,0.0
425,m² land,0.0
425,kWh energy,207500.0
426,m3_wood,0.0
426,kg_cotton,0.0
426,m² land,0.0
426,kWh energy,201000.0
427,m3_wood,0.0
427,kg_cotton,0.0
427,m² land,0.0
427,kWh energy,176000.0
428,m3_wood,0.0
428,kg_cotton,0.0
428,m² land,0.0
428,kWh energy,177500.0
429,m3_wood,0.0
429,kg_cotton,0.0
429,m² land,0.0
429,kWh energy,195000.0
430,m3_wood,0.0
430,kg_cotton,0.0
430,m² land,0.0
430,kWh energy,182000.0
431,m3_wood,0.0
431,kg_cotton,0.0
431,m² land,0.0
431,kWh energy,197500.0
432,m3_wood,0.0
432,kg_cotton,0.0
432,m² land,0.0
432,kWh energy,196500.0
433,m3_wood,0.0
433,kg_cotton,0.0
433,m² land,0.0
433,kWh energy,194500.0
434,m3_wood,0.0
434,kg_cotton,0.0
434,m² land,0.0
434,kWh energy,194000.0
435,m3_wood,0.0
435,kg_cotton,0.0
435,m² land,0.0
435,kWh energy,208500.0
436,m3_wood,0.0
436,kg_cotton,0.0
436,m² land,0.0
436,kWh energy,210000.0
437,m3_wood,0.0
437,kg_cotton,0.0
437,m² land,0.0
437,kWh energy,223000.0
438,m3_wood,0.0
438,kg_cotton,0.0
438,m² land,0.0
438,kWh energy,236000.0
439,m3_wood,0.0
439,kg_cotton,0.0
439,m² land,0.0
439,kWh energy,222500.0
440,m3_wood,0.0
440,kg_cotton,0.0
440,m² land,0.0
440,kWh energy,233500.0
441,m3_wood,0.0
441,kg_cotton,0.0
441,m² land,0.0
441,kWh energy,237000.0
442,m3_wood,0.0
442,kg_cotton,0.0
442,m² land,0.0
442,kWh energy,231000.0
443,m3_wood,0.0
443,kg_cotton,0.0
443,m² land,0.0
443,kWh energy,247000.0
444,m3_wood,0.0
444,kg_cotton,0.0
444,m² land,0.0
444,kWh energy,221500.0
445,m3_wood,0.0
445,kg_cotton,0.0
445,m² land,0.0
445,kWh energy,230000.0
446,m3_wood,0.0
446,kg_cotton,0.0
446,m² land,0.0
446,kWh energy,230000.0
447,m3_wood,0.0
447,kg_cotton,0.0
447,m² land,0.0
447,kWh energy,219000.0
448,m3_wood,0.0
448,kg_cotton,0.0
448,m² land,0.0
448,kWh energy,220000.0
449,m3_wood,0.0
449,kg_cotton,0.0
449,m² land,0.0
449,kWh energy,200000.0
450,m3_wood,0.0
450,kg_cotton,0.0
450,m² land,0.0
450,kWh energy,226500.0
451,m3_wood,0.0
451,kg_cotton,0.0
451,m² land,0.0
451,kWh energy,204500.0
452,m3_wood,0.0
452,kg_cotton,0.0
452,m² land,0.0
452,kWh energy,190500.0
453,m3_wood,0.0
453,kg_cotton,0.0
453,m² land,0.0
453,kWh energy,195000.0
454,m3_wood,0.0
454,kg_cotton,0.0
454,m² land,0.0
454,kWh energy,191000.0
455,m3_wood,0.0
455,kg_cotton,0.0
455,m² land,0.0
455,kWh energy,183000.0
456,m3_wood,0.0
456,kg_cotton,0.0
456,m² land,0.0
456,kWh energy,206000.0
457,m3_wood,0.0
457,kg_cotton,0.0
457,m² land,0.0
457,kWh energy,185000.0
458,m3_wood,0.0
458,kg_cotton,0.0
458,m² land,0.0
458,kWh energy,192500.0
459,m3_wood,0.0
459,kg_cotton,0.0
459,m² land,0.0
459,kWh energy,191500.0
460,m3_wood,0.0
460,kg_cotton,0.0
460,m² land,0.0
460,kWh energy,199500.0
461,m3_wood,0.0
461,kg_cotton,0.0
461,m² land,0.0
461,kWh energy,193500.0
462,m3_wood,0.0
462,kg_cotton,0.0
462,m² land,0.0
462,kWh energy,199000.0
463,m3_wood,0.0
463,kg_cotton,0.0
463,m² land,0.0
463,kWh energy,230500.0
464,m3_wood,0.0
464,kg_cotton,0.0
464,m² land,0.0
464,kWh energy,219500.0
465,m3_wood,0.0
465,kg_cotton,0.0
465,m² land,0.0
465,kWh energy,218000.0
466,m3_wood,0.0
466,kg_cotton,0.0
466,m² land,0.0
466,kWh energy,224000.0
467,m3_wood,0.0
467,kg_cotton,0.0
467,m² land,0.0
467,kWh energy,221000.0
468,m3_wood,0.0
468,kg_cotton,0.0
468,m² land,0.0
468,kWh energy,234500.0
469,m3_wood,0.0
469,kg_cotton,0.0
469,m² land,0.0
469,kWh energy,231000.0
470,m3_wood,0.0
470,kg_cotton,0.0
470,m² land,0.0
470,kWh energy,216500.0
471,m3_wood,0.0
471,kg_cotton,0.0
471,m² land,0.0
471,kWh energy,241000.0
472,m3_wood,0.0
472,kg_cotton,0.0
472,m² land,0.0
472,kWh energy,220000.0
473,m3_wood,0.0
473,kg_cotton,0.0
473,m² land,0.0
473,kWh energy,208500.0
474,m3_wood,0.0
474,kg_cotton,0.0
474,m² land,0.0
474,kWh energy,213000.0
475,m3_wood,0.0
475,kg_cotton,0.0
475,m² land,0.0
475,kWh energy,213500.0
476,m3_wood,0.0
476,kg_cotton,0.0
476,m² land,0.0
476,kWh energy,208000.0
477,m3_wood,0.0
477,kg_cotton,0.0
477,m² land,0.0
477,kWh energy,204500.0
478,m3_wood,0.0
478,kg_cotton,0.0
478,m² land,0.0
478,kWh energy,211500.0
479,m3_wood,0.0
479,kg_cotton,0.0
479,m² land,0.0
479,kWh energy,209500.0
480,m3_wood,0.0
480,kg_cotton,0.0
480,m² land,0.0
480,kWh energy,211000.0
481,m3_wood,0.0
481,kg_cotton,0.0
481,m² land,0.0
481,kWh energy,204000.0
482,m3_wood,0.0
482,kg_cotton,0.0
482,m² land,0.0
482,kWh energy,195000.0
483,m3_wood,0.0
483,kg_cotton,0.0
483,m² land,0.0
483,kWh energy,206000.0
484,m3_wood,0.0
484,kg_cotton,0.0
484,m² land,0.0
484,kWh energy,200000.0
485,m3_wood,0.0
485,kg_cotton,0.0
485,m² land,0.0
485,kWh energy,218500.0
486,m3_wood,0.0
486,kg_cotton,0.0
486,m² land,0.0
486,kWh energy,188000.0
487,m3_wood,0.0
487,kg_cotton,0.0
487,m² land,0.0
487,kWh energy,195500.0
488,m3_wood,0.0
488,kg_cotton,0.0
488,m² land,0.0
488,kWh energy,197000.0
489,m3_wood,0.0
489,kg_cotton,0.0
489,m² land,0.0
489,kWh energy,189000.0
490,m3_wood,0.0
490,kg_cotton,0.0
490,m² land,0.0
490,kWh energy,209000.0
491,m3_wood,0.0
491,kg_cotton,0.0
491,m² land,0.0
491,kWh energy,195500.0
492,m3_wood,0.0
492,kg_cotton,0.0
492,m² land,0.0
492,kWh energy,209500.0
493,m3_wood,0.0
493,kg_cotton,0.0
493,m² land,0.0
493,kWh energy,206000.0
494,m3_wood,0.0
494,kg_cotton,0.0
494,m² land,0.0
494,kWh energy,205000.0
495,m3_wood,0.0
495,kg_cotton,0.0
495,m² land,0.0
495,kWh energy,211500.0
496,m3_wood,0.0
496,kg_cotton,0.0
496,m² land,0.0
496,kWh energy,221500.0
497,m3_wood,0.0
497,kg_cotton,0.0
497,m² land,0.0
497,kWh energy,224500.0
498,m3_wood,0.0
498,kg_cotton,0.0
498,m² land,0.0
498,kWh energy,222000.0
499,m3_wood,0.0
499,kg_cotton,0.0
499,m² land,0.0
499,kWh energy,226000.0
500,m3_wood,0.0
500,kg_cotton,0.0
500,m² land,0.0
500,kWh energy,226500.0
501,m3_wood,0.0
501,kg_cotton,0.0
501,m² land,0.0
501,kWh energy,209000.0
502,m3_wood,0.0
502,kg_cotton,0.0
502,m² land,0.0
502,kWh energy,232000.0
503,m3_wood,0.0
503,kg_cotton,0.0
503,m² land,0.0
503,kWh energy,210500.0
504,m3_wood,0.0
504,kg_cotton,0.0
504,m² land,0.0
504,kWh energy,220500.0
505,m3_wood,0.0
505,kg_cotton,0.0
505,m² land,0.0
505,kWh energy,208000.0
506,m3_wood,0.0
506,kg_cotton,0.0
506,m² land,0.0
506,kWh energy,206500.0
507,m3_wood,0.0
507,kg_cotton,0.0
507,m² land,0.0
507,kWh energy,212500.0
508,m3_wood,0.0
508,kg_cotton,0.0
508,m² land,0.0
508,kWh energy,202000.0
509,m3_wood,0.0
509,kg_cotton,0.0
509,m² land,0.0
509,kWh energy,208000.0
510,m3_wood,0.0
510,kg_cotton,0.0
510,m² land,0.0
510,kWh energy,199000.0
511,m3_wood,0.0
511,kg_cotton,0.0
511,m² land,0.0
511,kWh energy,204500.0
512,m3_wood,0.0
512,kg_cotton,0.0
512,m² land,0.0
512,kWh energy,216000.0
513,m3_wood,0.0
513,kg_cotton,0.0
513,m² land,0.0
513,kWh energy,211500.0
514,m3_wood,0.0
514,kg_cotton,0.0
514,m² land,0.0
514,kWh energy,216500.0
515,m3_wood,0.0
515,kg_cotton,0.0
515,m² land,0.0
515,kWh energy,210500.0
516,m3_wood,0.0
516,kg_cotton,0.0
516,m² land,0.0
516,kWh energy,202000.0
517,m3_wood,0.0
517,kg_cotton,0.0
517,m² land,0.0
517,kWh energy,203000.0
518,m3_wood,0.0
518,kg_cotton,0.0
518,m² land,0.0
518,kWh energy,199500.0
519,m3_wood,0.0
519,kg_cotton,0.0
519,m² land,0.0
519,kWh energy,204500.0
520,m3_wood,0.0
520,kg_cotton,0.0
520,m² land,0.0
520,kWh energy,203500.0
521,m3_wood,0.0
521,kg_cotton,0.0
521,m² land,0.0
521,kWh energy,201500.0
522,m3_wood,0.0
522,kg_cotton,0.0
522,m² land,0.0
522,kWh energy,197500.0
523,m3_wood,0.0
523,kg_cotton,0.0
523,m² land,0.0
523,kWh energy,210500.0
524,m3_wood,0.0
524,kg_cotton,0.0
524,m² land,0.0
524,kWh energy,203500.0
525,m3_wood,0.0
525,kg_cotton,0.0
525,m² land,0.0
525,kWh energy,203000.0
526,m3_wood,0.0
526,kg_cotton,0.0
526,m² land,0.0
526,kWh energy,211500.0
527,m3_wood,0.0
527,kg_cotton,0.0
527,m² land,0.0
527,kWh energy,216500.0
528,m3_wood,0.0
528,kg_cotton,0.0
528,m² land,0.0
528,kWh energy,234500.0
529,m3_wood,0.0
529,kg_cotton,0.0
529,m² land,0.0
529,kWh energy,221000.0
530,m3_wood,0.0
530,kg_cotton,0.0
530,m² land,0.0
530,kWh energy,218000.0
531,m3_wood,0.0
531,kg_cotton,0.0
531,m² land,0.0
531,kWh energy,218500.0
532,m3_wood,0.0
532,kg_cotton,0.0
532,m² land,0.0
532,kWh energy,212500.0
533,m3_wood,0.0
533,kg_cotton,0.0
533,m² land,0.0
533,kWh energy,222000.0
534,m3_wood,0.0
534,kg_cotton,0.0
534,m² land,0.0
534,kWh energy,207500.0
535,m3_wood,0.0
535,kg_cotton,0.0
535,m² land,0.0
535,kWh energy,204500.0
536,m3_wood,0.0
536,kg_cotton,0.0
536,m² land,0.0
536,kWh energy,214000.0
537,m3_wood,0.0
537,kg_cotton,0.0
537,m² land,0.0
537,kWh energy,199500.0
538,m3_wood,0.0
538,kg_cotton,0.0
538,m² land,0.0
538,kWh energy,187500.0
0,m3_wood,nil
0,kg_cotton,nil
0,m² land,nil
0,kWh energy,nil
1,m3_wood,nil
1,kg_cotton,nil
1,m² land,nil
1,kWh energy,nil
2,m3_wood,0.0
2,kg_cotton,0.0
2,m² land,0.0
2,kWh energy,455052.8661115151
3,m3_wood,45115.99614075617
3,kg_cotton,0.0
3,m² land,18204.939724896456
3,kWh energy,429834.8426308762
4,m3_wood,78329.45024363692
4,kg_cotton,0.0
4,m² land,32325.027611307407
4,kWh energy,427481.137907185
5,m3_wood,87390.46836703533
5,kg_cotton,0.0
5,m² land,36747.32072839359
5,kWh energy,403701.32618850225
6,m3_wood,101969.95222858054
6,kg_cotton,0.0
6,m² land,42123.04533240067
6,kWh energy,399630.87976673094
7,m3_wood,128489.10402476644
7,kg_cotton,0.0
7,m² land,51734.3672552738
7,kWh energy,405846.11443122645
8,m3_wood,161649.09623104133
8,kg_cotton,0.0
8,m² land,66749.07399778807
8,kWh energy,432070.3832035985
9,m3_wood,186499.67690339944
9,kg_cotton,0.0
9,m² land,80870.33687904857
9,kWh energy,448315.29048333503
10,m3_wood,204154.29197702164
10,kg_cotton,0.0
10,m² land,90418.0909497207
10,kWh energy,447872.9857358455
11,m3_wood,222972.14034901373
11,kg_cotton,0.0
11,m² land,100207.8568116418
11,kWh energy,451227.584299251
12,m3_wood,218432.31560161276
12,kg_cotton,0.0
12,m² land,98212.03174356875
12,kWh energy,437007.3954087392
13,m3_wood,164859.66495169312
13,kg_cotton,0.0
13,m² land,74478.72736114275
13,kWh energy,358227.6701585744
14,m3_wood,113754.53758115697
14,kg_cotton,0.0
14,m² land,51297.58746805949
14,kWh energy,255572.19751184995
15,m3_wood,90337.98021694968
15,kg_cotton,0.0
15,m² land,40688.70466597645
15,kWh energy,232927.25635204095
16,m3_wood,64442.263057034506
16,kg_cotton,0.0
16,m² land,29254.77698262012
16,kWh energy,173356.35381122457
17,m3_wood,42108.67891711035
17,kg_cotton,0.0
17,m² land,19018.45307168368
17,kWh energy,143999.53972321432
18,m3_wood,30037.131528517246
18,kg_cotton,0.0
18,m² land,13684.08845280614
18,kWh energy,138141.80508163272
19,m3_wood,21000.452611406898
19,kg_cotton,0.0
19,m² land,9505.635381122456
19,kWh energy,125070.90254081636
20,m3_wood,12996.226305703449
20,kg_cotton,0.0
20,m² land,5872.817690561228
20,kWh energy,119928.17690561226
21,m3_wood,8004.226305703449
21,kg_cotton,0.0
21,m² land,3632.817690561228
21,kWh energy,104285.45127040819
22,m3_wood,3744.0
22,kg_cotton,0.0
22,m² land,1680.0
22,kWh energy,82356.81408801023
23,m3_wood,1248.0
23,kg_cotton,0.0
23,m² land,560.0
23,kWh energy,75571.36281760204
24,m3_wood,0.0
24,kg_cotton,0.0
24,m² land,0.0
24,kWh energy,77856.81408801021
25,m3_wood,0.0
25,kg_cotton,0.0
25,m² land,0.0
25,kWh energy,85285.45127040819
26,m3_wood,0.0
26,kg_cotton,0.0
26,m² land,0.0
26,kWh energy,99500.0
27,m3_wood,0.0
27,kg_cotton,0.0
27,m² land,0.0
27,kWh energy,96285.45127040817
28,m3_wood,0.0
28,kg_cotton,0.0
28,m² land,0.0
28,kWh energy,124071.36281760204
29,m3_wood,0.0
29,kg_cotton,0.0
29,m² land,0.0
29,kWh energy,142214.0884528061
30,m3_wood,0.0
30,kg_cotton,0.0
30,m² land,0.0
30,kWh energy,188571.36281760206
31,m3_wood,0.0
31,kg_cotton,0.0
31,m² land,0.0
31,kWh energy,196071.36281760206
32,m3_wood,0.0
32,kg_cotton,0.0
32,m² land,0.0
32,kWh energy,246142.7256352041
33,m3_wood,0.0
33,kg_cotton,0.0
33,m² land,0.0
33,kWh energy,269071.36281760206
34,m3_wood,0.0
34,kg_cotton,0.0
34,m² land,0.0
34,kWh energy,309571.36281760206
35,m3_wood,408.45261140689763
35,kg_cotton,0.0
35,m² land,265.6353811224558
35,kWh energy,332500.0
36,m3_wood,2172.6789171103464
36,kg_cotton,0.0
36,m² land,1098.453071683684
36,kWh energy,352571.36281760206
37,m3_wood,1503.2121721081112
37,kg_cotton,0.0
37,m² land,737.8708392527585
37,kWh energy,367500.0
38,m3_wood,2172.6789171103464
38,kg_cotton,0.0
38,m² land,1098.4530716836844
38,kWh energy,368000.0
39,m3_wood,2172.6789171103464
39,kg_cotton,0.0
39,m² land,1098.4530716836844
39,kWh energy,356142.7256352041
40,m3_wood,1032.4526114068976
40,kg_cotton,0.0
40,m² land,545.635381122456
40,kWh energy,346500.0
41,m3_wood,986.9858664046624
41,kg_cotton,0.0
41,m² land,465.0531486915306
41,kWh energy,333071.36281760206
42,m3_wood,4646.036751331039
42,kg_cotton,0.0
42,m² land,2455.359215051053
42,kWh energy,304642.7256352041
43,m3_wood,1548.6789171103464
43,kg_cotton,0.0
43,m² land,818.4530716836839
43,kWh energy,258071.36281760206
44,m3_wood,3051.8910892184576
44,kg_cotton,0.0
44,m² land,1482.923987944289
44,kWh energy,230071.36281760206
45,m3_wood,4345.357834220693
45,kg_cotton,0.0
45,m² land,2196.906143367368
45,kWh energy,191642.7256352041
46,m3_wood,2581.131528517244
46,kg_cotton,0.0
46,m² land,1364.0884528061404
46,kWh energy,188000.0
47,m3_wood,3398.0367513310393
47,kg_cotton,0.0
47,m² land,1895.3592150510524
47,kWh energy,143000.0
48,m3_wood,2796.6789171103464
48,kg_cotton,0.0
48,m² land,1378.453071683684
48,kWh energy,116071.36281760204
49,m3_wood,1032.4526114068976
49,kg_cotton,0.0
49,m² land,545.6353811224562
49,kWh energy,109000.0
50,m3_wood,516.2263057034488
50,kg_cotton,0.0
50,m² land,272.8176905612281
50,kWh energy,98000.0
51,m3_wood,0.0
51,kg_cotton,0.0
51,m² land,0.0
51,kWh energy,102500.0
52,m3_wood,0.0
52,kg_cotton,0.0
52,m² land,0.0
52,kWh energy,89500.0
53,m3_wood,0.0
53,kg_cotton,0.0
53,m² land,0.0
53,kWh energy,86071.36281760204
54,m3_wood,0.0
54,kg_cotton,0.0
54,m² land,0.0
54,kWh energy,95000.0
55,m3_wood,0.0
55,kg_cotton,0.0
55,m² land,0.0
55,kWh energy,100500.0
56,m3_wood,0.0
56,kg_cotton,0.0
56,m² land,0.0
56,kWh energy,118571.36281760204
57,m3_wood,0.0
57,kg_cotton,0.0
57,m² land,0.0
57,kWh energy,147500.0
58,m3_wood,0.0
58,kg_cotton,0.0
58,m² land,0.0
58,kWh energy,158500.0
59,m3_wood,0.0
59,kg_cotton,0.0
59,m² land,0.0
59,kWh energy,193000.0
60,m3_wood,0.0
60,kg_cotton,0.0
60,m² land,0.0
60,kWh energy,204000.0
61,m3_wood,0.0
61,kg_cotton,0.0
61,m² land,0.0
61,kWh energy,250071.36281760206
62,m3_wood,0.0
62,kg_cotton,0.0
62,m² land,0.0
62,kWh energy,296000.0
63,m3_wood,0.0
63,kg_cotton,0.0
63,m² land,0.0
63,kWh energy,301500.0
64,m3_wood,0.0
64,kg_cotton,0.0
64,m² land,0.0
64,kWh energy,308000.0
65,m3_wood,0.0
65,kg_cotton,0.0
65,m² land,0.0
65,kWh energy,327000.0
66,m3_wood,0.0
66,kg_cotton,0.0
66,m² land,0.0
66,kWh energy,332500.0
67,m3_wood,0.0
67,kg_cotton,0.0
67,m² land,0.0
67,kWh energy,349000.0
68,m3_wood,0.0
68,kg_cotton,0.0
68,m² land,0.0
68,kWh energy,331500.0
69,m3_wood,516.2263057034488
69,kg_cotton,0.0
69,m² land,272.8176905612281
69,kWh energy,322500.0
70,m3_wood,0.0
70,kg_cotton,0.0
70,m² land,0.0
70,kWh energy,295000.0
71,m3_wood,1032.4526114068976
71,kg_cotton,0.0
71,m² land,545.6353811224562
71,kWh energy,281500.0
72,m3_wood,516.2263057034488
72,kg_cotton,0.0
72,m² land,272.8176905612281
72,kWh energy,248500.0
73,m3_wood,516.2263057034488
73,kg_cotton,0.0
73,m² land,272.8176905612281
73,kWh energy,220500.0
74,m3_wood,0.0
74,kg_cotton,0.0
74,m² land,0.0
74,kWh energy,185500.0
75,m3_wood,0.0
75,kg_cotton,0.0
75,m² land,0.0
75,kWh energy,180000.0
76,m3_wood,0.0
76,kg_cotton,0.0
76,m² land,0.0
76,kWh energy,162000.0
77,m3_wood,0.0
77,kg_cotton,0.0
77,m² land,0.0
77,kWh energy,142500.0
78,m3_wood,0.0
78,kg_cotton,0.0
78,m² land,0.0
78,kWh energy,120571.36281760204
79,m3_wood,0.0
79,kg_cotton,0.0
79,m² land,0.0
79,kWh energy,112000.0
80,m3_wood,0.0
80,kg_cotton,0.0
80,m² land,0.0
80,kWh energy,104000.0
81,m3_wood,0.0
81,kg_cotton,0.0
81,m² land,0.0
81,kWh energy,114000.0
82,m3_wood,0.0
82,kg_cotton,0.0
82,m² land,0.0
82,kWh energy,89000.0
83,m3_wood,0.0
83,kg_cotton,0.0
83,m² land,0.0
83,kWh energy,117000.0
84,m3_wood,0.0
84,kg_cotton,0.0
84,m² land,0.0
84,kWh energy,126500.0
85,m3_wood,0.0
85,kg_cotton,0.0
85,m² land,0.0
85,kWh energy,132500.0
86,m3_wood,0.0
86,kg_cotton,0.0
86,m² land,0.0
86,kWh energy,156000.0
87,m3_wood,0.0
87,kg_cotton,0.0
87,m² land,0.0
87,kWh energy,173000.0
88,m3_wood,0.0
88,kg_cotton,0.0
88,m² land,0.0
88,kWh energy,211500.0
89,m3_wood,0.0
89,kg_cotton,0.0
89,m² land,0.0
89,kWh energy,240000.0
90,m3_wood,0.0
90,kg_cotton,0.0
90,m² land,0.0
90,kWh energy,244500.0
91,m3_wood,0.0
91,kg_cotton,0.0
91,m² land,0.0
91,kWh energy,284500.0
92,m3_wood,0.0
92,kg_cotton,0.0
92,m² land,0.0
92,kWh energy,314500.0
93,m3_wood,0.0
93,kg_cotton,0.0
93,m² land,0.0
93,kWh energy,311500.0
94,m3_wood,0.0
94,kg_cotton,0.0
94,m² land,0.0
94,kWh energy,326000.0
95,m3_wood,0.0
95,kg_cotton,0.0
95,m² land,0.0
95,kWh energy,322000.0
96,m3_wood,0.0
96,kg_cotton,0.0
96,m² land,0.0
96,kWh energy,330500.0
97,m3_wood,0.0
97,kg_cotton,0.0
97,m² land,0.0
97,kWh energy,312500.0
98,m3_wood,0.0
98,kg_cotton,0.0
98,m² land,0.0
98,kWh energy,282500.0
99,m3_wood,0.0
99,kg_cotton,0.0
99,m² land,0.0
99,kWh energy,275000.0
100,m3_wood,0.0
100,kg_cotton,0.0
100,m² land,0.0
100,kWh energy,252500.0
101,m3_wood,516.2263057034488
101,kg_cotton,0.0
101,m² land,272.8176905612281
101,kWh energy,239500.0
102,m3_wood,0.0
102,kg_cotton,0.0
102,m² land,0.0
102,kWh energy,212500.0
103,m3_wood,0.0
103,kg_cotton,0.0
103,m² land,0.0
103,kWh energy,179000.0
104,m3_wood,0.0
104,kg_cotton,0.0
104,m² land,0.0
104,kWh energy,159000.0
0,m3_wood,nil
0,kg_cotton,nil
0,m² land,nil
0,kWh energy,nil
1,m3_wood,nil
1,kg_cotton,nil
1,m² land,nil
1,kWh energy,nil
2,m3_wood,0.0
2,kg_cotton,0.0
2,m² land,0.0
2,kWh energy,457502.7438022244
3,m3_wood,46052.27898084097
3,kg_cotton,0.0
3,m² land,18628.310269758163
3,kWh energy,433239.47960365145
4,m3_wood,75306.75137529816
4,kg_cotton,0.0
4,m² land,31083.15964874484
4,kWh energy,444466.42135453137
5,m3_wood,90769.60304667822
5,kg_cotton,0.0
5,m² land,37650.80747550031
5,kWh energy,391640.78292343544
6,m3_wood,104795.73904961695
6,kg_cotton,0.0
6,m² land,42751.61246423228
6,kWh energy,396464.7029659299
7,m3_wood,128418.2365601392
7,kg_cotton,0.0
7,m² land,52366.72941229453
7,kWh energy,385220.2156894027
8,m3_wood,164012.73541387293
8,kg_cotton,0.0
8,m² land,69068.1623154588
8,kWh energy,431994.12906000094
9,m3_wood,185235.4678824169
9,kg_cotton,0.0
9,m² land,80523.10662879121
9,kWh energy,445461.9868909632
10,m3_wood,209239.3528375621
10,kg_cotton,0.0
10,m² land,92126.08052372353
10,kWh energy,443801.162641458
11,m3_wood,208116.31709308657
11,kg_cotton,0.0
11,m² land,92724.98019344578
11,kWh energy,454205.16729395447
12,m3_wood,214046.72730370745
12,kg_cotton,0.0
12,m² land,96093.36607711892
12,kWh energy,441868.1802691735
13,m3_wood,158247.58579957596
13,kg_cotton,0.0
13,m² land,71001.70771527043
13,kWh energy,343938.24811574206
14,m3_wood,117481.13169669527
14,kg_cotton,0.0
14,m² land,52990.86442509713
14,kWh energy,265573.4924828835
15,m3_wood,88511.44696195194
15,kg_cotton,0.0
15,m² land,40112.23812238504
15,kWh energy,209143.10005266638
16,m3_wood,65752.57000632881
16,kg_cotton,0.0
16,m² land,29725.721647593997
16,kWh energy,189288.50148926096
17,m3_wood,47764.34370062536
17,kg_cotton,0.0
17,m² land,21701.959292058895
17,kWh energy,158786.28596465604
18,m3_wood,32016.905222813795
18,kg_cotton,0.0
18,m² land,14531.27076224491
18,kWh energy,129642.2653584184
19,m3_wood,19752.452611406898
19,kg_cotton,0.0
19,m² land,8945.635381122454
19,kWh energy,117499.53972321432
20,m3_wood,11124.226305703449
20,kg_cotton,0.0
20,m² land,5032.817690561227
20,kWh energy,103714.08845280613
21,m3_wood,9660.678917110346
21,kg_cotton,0.0
21,m² land,4458.453071683683
21,kWh energy,100285.45127040819
22,m3_wood,4368.0
22,kg_cotton,0.0
22,m² land,1960.0
22,kWh energy,92356.81408801021
23,m3_wood,1872.0
23,kg_cotton,0.0
23,m² land,840.0
23,kWh energy,85285.45127040819
24,m3_wood,0.0
24,kg_cotton,0.0
24,m² land,0.0
24,kWh energy,78071.36281760204
25,m3_wood,0.0
25,kg_cotton,0.0
25,m² land,0.0
25,kWh energy,87214.08845280613
26,m3_wood,0.0
26,kg_cotton,0.0
26,m² land,0.0
26,kWh energy,94714.08845280613
27,m3_wood,0.0
27,kg_cotton,0.0
27,m² land,0.0
27,kWh energy,107285.45127040817
28,m3_wood,0.0
28,kg_cotton,0.0
28,m² land,0.0
28,kWh energy,123071.36281760204
29,m3_wood,0.0
29,kg_cotton,0.0
29,m² land,0.0
29,kWh energy,139642.7256352041
30,m3_wood,0.0
30,kg_cotton,0.0
30,m² land,0.0
30,kWh energy,163571.36281760206
31,m3_wood,0.0
31,kg_cotton,0.0
31,m² land,0.0
31,kWh energy,189071.36281760206
32,m3_wood,0.0
32,kg_cotton,0.0
32,m² land,0.0
32,kWh energy,239571.36281760206
33,m3_wood,0.0
33,kg_cotton,0.0
33,m² land,0.0
33,kWh energy,285142.7256352041
34,m3_wood,516.2263057034488
34,kg_cotton,0.0
34,m² land,272.8176905612281
34,kWh energy,311571.36281760206
35,m3_wood,516.2263057034488
35,kg_cotton,0.0
35,m² land,272.8176905612281
35,kWh energy,330500.0
36,m3_wood,1032.4526114068976
36,kg_cotton,0.0
36,m² land,545.6353811224562
36,kWh energy,367642.7256352041
37,m3_wood,1140.2263057034488
37,kg_cotton,0.0
37,m² land,552.8176905612281
37,kWh energy,375000.0
38,m3_wood,1032.4526114068976
38,kg_cotton,0.0
38,m² land,545.635381122456
38,kWh energy,382500.0
39,m3_wood,1957.131528517244
39,kg_cotton,0.0
39,m² land,1084.0884528061401
39,kWh energy,359071.36281760206
40,m3_wood,3613.5841399241417
40,kg_cotton,0.0
40,m² land,1909.7238339285957
40,kWh energy,338500.0
41,m3_wood,1656.4526114068976
41,kg_cotton,0.0
41,m² land,825.635381122456
41,kWh energy,320000.0
42,m3_wood,4705.234789843814
42,kg_cotton,0.0
42,m² land,2455.359215051053
42,kWh energy,289500.0
43,m3_wood,2796.6789171103464
43,kg_cotton,0.0
43,m² land,1346.4052548254945
43,kWh energy,268500.0
44,m3_wood,4430.489362737937
44,kg_cotton,0.0
44,m² land,2294.194750189202
44,kWh energy,225571.36281760206
45,m3_wood,3312.9052228137953
45,kg_cotton,0.0
45,m² land,1651.2707622449122
45,kWh energy,195071.36281760206
46,m3_wood,1548.6789171103464
46,kg_cotton,0.0
46,m² land,818.4530716836839
46,kWh energy,159500.0
47,m3_wood,2581.131528517244
47,kg_cotton,0.0
47,m² land,1364.0884528061401
47,kWh energy,135500.0
48,m3_wood,516.2263057034488
48,kg_cotton,0.0
48,m² land,272.8176905612281
48,kWh energy,122000.0
49,m3_wood,2064.9052228137953
49,kg_cotton,0.0
49,m² land,1091.2707622449125
49,kWh energy,101500.0
50,m3_wood,0.0
50,kg_cotton,0.0
50,m² land,0.0
50,kWh energy,103500.0
51,m3_wood,516.2263057034488
51,kg_cotton,0.0
51,m² land,272.8176905612281
51,kWh energy,100500.0
52,m3_wood,0.0
52,kg_cotton,0.0
52,m² land,0.0
52,kWh energy,97500.0
53,m3_wood,0.0
53,kg_cotton,0.0
53,m² land,0.0
53,kWh energy,95500.0
54,m3_wood,0.0
54,kg_cotton,0.0
54,m² land,0.0
54,kWh energy,95000.0
55,m3_wood,0.0
55,kg_cotton,0.0
55,m² land,0.0
55,kWh energy,105000.0
56,m3_wood,0.0
56,kg_cotton,0.0
56,m² land,0.0
56,kWh energy,133500.0
57,m3_wood,0.0
57,kg_cotton,0.0
57,m² land,0.0
57,kWh energy,134571.36281760206
58,m3_wood,0.0
58,kg_cotton,0.0
58,m² land,0.0
58,kWh energy,154000.0
59,m3_wood,0.0
59,kg_cotton,0.0
59,m² land,0.0
59,kWh energy,176000.0
60,m3_wood,0.0
60,kg_cotton,0.0
60,m² land,0.0
60,kWh energy,212071.36281760206
61,m3_wood,0.0
61,kg_cotton,0.0
61,m² land,0.0
61,kWh energy,252571.36281760206
62,m3_wood,0.0
62,kg_cotton,0.0
62,m² land,0.0
62,kWh energy,283000.0
63,m3_wood,0.0
63,kg_cotton,0.0
63,m² land,0.0
63,kWh energy,295000.0
64,m3_wood,0.0
64,kg_cotton,0.0
64,m² land,0.0
64,kWh energy,322000.0
65,m3_wood,516.2263057034488
65,kg_cotton,0.0
65,m² land,272.8176905612281
65,kWh energy,329000.0
66,m3_wood,0.0
66,kg_cotton,0.0
66,m² land,0.0
66,kWh energy,341500.0
67,m3_wood,0.0
67,kg_cotton,0.0
67,m² land,0.0
67,kWh energy,340000.0
68,m3_wood,0.0
68,kg_cotton,0.0
68,m² land,0.0
68,kWh energy,325000.0
69,m3_wood,0.0
69,kg_cotton,0.0
69,m² land,0.0
69,kWh energy,318500.0
70,m3_wood,0.0
70,kg_cotton,0.0
70,m² land,0.0
70,kWh energy,307500.0
71,m3_wood,0.0
71,kg_cotton,0.0
71,m² land,0.0
71,kWh energy,286000.0
72,m3_wood,0.0
72,kg_cotton,0.0
72,m² land,0.0
72,kWh energy,242500.0
73,m3_wood,0.0
73,kg_cotton,0.0
73,m² land,0.0
73,kWh energy,232000.0
74,m3_wood,516.2263057034488
74,kg_cotton,0.0
74,m² land,272.81769056122766
74,kWh energy,188500.0
75,m3_wood,0.0
75,kg_cotton,0.0
75,m² land,0.0
75,kWh energy,168000.0
76,m3_wood,516.2263057034488
76,kg_cotton,0.0
76,m² land,272.81769056122766
76,kWh energy,157500.0
77,m3_wood,0.0
77,kg_cotton,0.0
77,m² land,0.0
77,kWh energy,138500.0
78,m3_wood,0.0
78,kg_cotton,0.0
78,m² land,0.0
78,kWh energy,121000.0
79,m3_wood,0.0
79,kg_cotton,0.0
79,m² land,0.0
79,kWh energy,102000.0
80,m3_wood,0.0
80,kg_cotton,0.0
80,m² land,0.0
80,kWh energy,104000.0
81,m3_wood,0.0
81,kg_cotton,0.0
81,m² land,0.0
81,kWh energy,114000.0
82,m3_wood,0.0
82,kg_cotton,0.0
82,m² land,0.0
82,kWh energy,110000.0
83,m3_wood,0.0
83,kg_cotton,0.0
83,m² land,0.0
83,kWh energy,112000.0
84,m3_wood,0.0
84,kg_cotton,0.0
84,m² land,0.0
84,kWh energy,117500.0
85,m3_wood,516.2263057034488
85,kg_cotton,0.0
85,m² land,272.8176905612281
85,kWh energy,137500.0
86,m3_wood,0.0
86,kg_cotton,0.0
86,m² land,0.0
86,kWh energy,159500.0
87,m3_wood,0.0
87,kg_cotton,0.0
87,m² land,0.0
87,kWh energy,183000.0
88,m3_wood,0.0
88,kg_cotton,0.0
88,m² land,0.0
88,kWh energy,198000.0
89,m3_wood,0.0
89,kg_cotton,0.0
89,m² land,0.0
89,kWh energy,226500.0
90,m3_wood,0.0
90,kg_cotton,0.0
90,m² land,0.0
90,kWh energy,232500.0
91,m3_wood,0.0
91,kg_cotton,0.0
91,m² land,0.0
91,kWh energy,269000.0
92,m3_wood,0.0
92,kg_cotton,0.0
92,m² land,0.0
92,kWh energy,287500.0
93,m3_wood,0.0
93,kg_cotton,0.0
93,m² land,0.0
93,kWh energy,303000.0
94,m3_wood,0.0
94,kg_cotton,0.0
94,m² land,0.0
94,kWh energy,316000.0
95,m3_wood,0.0
95,kg_cotton,0.0
95,m² land,0.0
95,kWh energy,314500.0
96,m3_wood,0.0
96,kg_cotton,0.0
96,m² land,0.0
96,kWh energy,331500.0
97,m3_wood,0.0
97,kg_cotton,0.0
97,m² land,0.0
97,kWh energy,304000.0
98,m3_wood,0.0
98,kg_cotton,0.0
98,m² land,0.0
98,kWh energy,295000.0
99,m3_wood,0.0
99,kg_cotton,0.0
99,m² land,0.0
99,kWh energy,287500.0
100,m3_wood,0.0
100,kg_cotton,0.0
100,m² land,0.0
100,kWh energy,264000.0
101,m3_wood,0.0
101,kg_cotton,0.0
101,m² land,0.0
101,kWh energy,243500.0
102,m3_wood,0.0
102,kg_cotton,0.0
102,m² land,0.0
102,kWh energy,223500.0
103,m3_wood,0.0
103,kg_cotton,0.0
103,m² land,0.0
103,kWh energy,191500.0
104,m3_wood,0.0
104,kg_cotton,0.0
104,m² land,0.0
104,kWh energy,164500.0
105,m3_wood,0.0
105,kg_cotton,0.0
105,m² land,0.0
105,kWh energy,158000.0
106,m3_wood,0.0
106,kg_cotton,0.0
106,m² land,0.0
106,kWh energy,154000.0
107,m3_wood,0.0
107,kg_cotton,0.0
107,m² land,0.0
107,kWh energy,133000.0
108,m3_wood,0.0
108,kg_cotton,0.0
108,m² land,0.0
108,kWh energy,125500.0
109,m3_wood,0.0
109,kg_cotton,0.0
109,m² land,0.0
109,kWh energy,118500.0
110,m3_wood,0.0
110,kg_cotton,0.0
110,m² land,0.0
110,kWh energy,118000.0
111,m3_wood,0.0
111,kg_cotton,0.0
111,m² land,0.0
111,kWh energy,125000.0
112,m3_wood,0.0
112,kg_cotton,0.0
112,m² land,0.0
112,kWh energy,135000.0
113,m3_wood,0.0
113,kg_cotton,0.0
113,m² land,0.0
113,kWh energy,141000.0
114,m3_wood,0.0
114,kg_cotton,0.0
114,m² land,0.0
114,kWh energy,161000.0
115,m3_wood,0.0
115,kg_cotton,0.0
115,m² land,0.0
115,kWh energy,163500.0
116,m3_wood,0.0
116,kg_cotton,0.0
116,m² land,0.0
116,kWh energy,200000.0
117,m3_wood,0.0
117,kg_cotton,0.0
117,m² land,0.0
117,kWh energy,208500.0
118,m3_wood,0.0
118,kg_cotton,0.0
118,m² land,0.0
118,kWh energy,230000.0
119,m3_wood,0.0
119,kg_cotton,0.0
119,m² land,0.0
119,kWh energy,252000.0
120,m3_wood,0.0
120,kg_cotton,0.0
120,m² land,0.0
120,kWh energy,262000.0
121,m3_wood,0.0
121,kg_cotton,0.0
121,m² land,0.0
121,kWh energy,277500.0
122,m3_wood,0.0
122,kg_cotton,0.0
122,m² land,0.0
122,kWh energy,305000.0
123,m3_wood,0.0
123,kg_cotton,0.0
123,m² land,0.0
123,kWh energy,305000.0
124,m3_wood,0.0
124,kg_cotton,0.0
124,m² land,0.0
124,kWh energy,316000.0
125,m3_wood,0.0
125,kg_cotton,0.0
125,m² land,0.0
125,kWh energy,303500.0
126,m3_wood,0.0
126,kg_cotton,0.0
126,m² land,0.0
126,kWh energy,304500.0
127,m3_wood,0.0
127,kg_cotton,0.0
127,m² land,0.0
127,kWh energy,269500.0
128,m3_wood,0.0
128,kg_cotton,0.0
128,m² land,0.0
128,kWh energy,269500.0
129,m3_wood,0.0
129,kg_cotton,0.0
129,m² land,0.0
129,kWh energy,237500.0
130,m3_wood,0.0
130,kg_cotton,0.0
130,m² land,0.0
130,kWh energy,218000.0
131,m3_wood,0.0
131,kg_cotton,0.0
131,m² land,0.0
131,kWh energy,209500.0
132,m3_wood,0.0
132,kg_cotton,0.0
132,m² land,0.0
132,kWh energy,200000.0
133,m3_wood,0.0
133,kg_cotton,0.0
133,m² land,0.0
133,kWh energy,170000.0
134,m3_wood,0.0
134,kg_cotton,0.0
134,m² land,0.0
134,kWh energy,148000.0
135,m3_wood,0.0
135,kg_cotton,0.0
135,m² land,0.0
135,kWh energy,153500.0
136,m3_wood,0.0
136,kg_cotton,0.0
136,m² land,0.0
136,kWh energy,126000.0
137,m3_wood,0.0
137,kg_cotton,0.0
137,m² land,0.0
137,kWh energy,127000.0
138,m3_wood,0.0
138,kg_cotton,0.0
138,m² land,0.0
138,kWh energy,144500.0
139,m3_wood,0.0
139,kg_cotton,0.0
139,m² land,0.0
139,kWh energy,135000.0
140,m3_wood,0.0
140,kg_cotton,0.0
140,m² land,0.0
140,kWh energy,147500.0
141,m3_wood,0.0
141,kg_cotton,0.0
141,m² land,0.0
141,kWh energy,145500.0
142,m3_wood,0.0
142,kg_cotton,0.0
142,m² land,0.0
142,kWh energy,144500.0
143,m3_wood,0.0
143,kg_cotton,0.0
143,m² land,0.0
143,kWh energy,163500.0
144,m3_wood,0.0
144,kg_cotton,0.0
144,m² land,0.0
144,kWh energy,198000.0
145,m3_wood,0.0
145,kg_cotton,0.0
145,m² land,0.0
145,kWh energy,190500.0
146,m3_wood,0.0
146,kg_cotton,0.0
146,m² land,0.0
146,kWh energy,216500.0
147,m3_wood,0.0
147,kg_cotton,0.0
147,m² land,0.0
147,kWh energy,243500.0
148,m3_wood,0.0
148,kg_cotton,0.0
148,m² land,0.0
148,kWh energy,257000.0
149,m3_wood,0.0
149,kg_cotton,0.0
149,m² land,0.0
149,kWh energy,261000.0
150,m3_wood,0.0
150,kg_cotton,0.0
150,m² land,0.0
150,kWh energy,270500.0
151,m3_wood,0.0
151,kg_cotton,0.0
151,m² land,0.0
151,kWh energy,280000.0
152,m3_wood,0.0
152,kg_cotton,0.0
152,m² land,0.0
152,kWh energy,304500.0
153,m3_wood,0.0
153,kg_cotton,0.0
153,m² land,0.0
153,kWh energy,285000.0
154,m3_wood,0.0
154,kg_cotton,0.0
154,m² land,0.0
154,kWh energy,286500.0
155,m3_wood,0.0
155,kg_cotton,0.0
155,m² land,0.0
155,kWh energy,285500.0
156,m3_wood,0.0
156,kg_cotton,0.0
156,m² land,0.0
156,kWh energy,269500.0
157,m3_wood,0.0
157,kg_cotton,0.0
157,m² land,0.0
157,kWh energy,264500.0
158,m3_wood,0.0
158,kg_cotton,0.0
158,m² land,0.0
158,kWh energy,232000.0
159,m3_wood,0.0
159,kg_cotton,0.0
159,m² land,0.0
159,kWh energy,220500.0
160,m3_wood,0.0
160,kg_cotton,0.0
160,m² land,0.0
160,kWh energy,212500.0
161,m3_wood,0.0
161,kg_cotton,0.0
161,m² land,0.0
161,kWh energy,195000.0
162,m3_wood,0.0
162,kg_cotton,0.0
162,m² land,0.0
162,kWh energy,192000.0
163,m3_wood,0.0
163,kg_cotton,0.0
163,m² land,0.0
163,kWh energy,160500.0
164,m3_wood,0.0
164,kg_cotton,0.0
164,m² land,0.0
164,kWh energy,151500.0
165,m3_wood,0.0
165,kg_cotton,0.0
165,m² land,0.0
165,kWh energy,133500.0
166,m3_wood,0.0
166,kg_cotton,0.0
166,m² land,0.0
166,kWh energy,135500.0
167,m3_wood,0.0
167,kg_cotton,0.0
167,m² land,0.0
167,kWh energy,143000.0
168,m3_wood,0.0
168,kg_cotton,0.0
168,m² land,0.0
168,kWh energy,137500.0
169,m3_wood,0.0
169,kg_cotton,0.0
169,m² land,0.0
169,kWh energy,145000.0
170,m3_wood,0.0
170,kg_cotton,0.0
170,m² land,0.0
170,kWh energy,143000.0
171,m3_wood,0.0
171,kg_cotton,0.0
171,m² land,0.0
171,kWh energy,182000.0
172,m3_wood,0.0
172,kg_cotton,0.0
172,m² land,0.0
172,kWh energy,175000.0
173,m3_wood,0.0
173,kg_cotton,0.0
173,m² land,0.0
173,kWh energy,204000.0
174,m3_wood,0.0
174,kg_cotton,0.0
174,m² land,0.0
174,kWh energy,201500.0
175,m3_wood,0.0
175,kg_cotton,0.0
175,m² land,0.0
175,kWh energy,224500.0
176,m3_wood,0.0
176,kg_cotton,0.0
176,m² land,0.0
176,kWh energy,210500.0
177,m3_wood,0.0
177,kg_cotton,0.0
177,m² land,0.0
177,kWh energy,236500.0
178,m3_wood,0.0
178,kg_cotton,0.0
178,m² land,0.0
178,kWh energy,250500.0
179,m3_wood,0.0
179,kg_cotton,0.0
179,m² land,0.0
179,kWh energy,258000.0
180,m3_wood,0.0
180,kg_cotton,0.0
180,m² land,0.0
180,kWh energy,285000.0
181,m3_wood,0.0
181,kg_cotton,0.0
181,m² land,0.0
181,kWh energy,281000.0
182,m3_wood,0.0
182,kg_cotton,0.0
182,m² land,0.0
182,kWh energy,285500.0
183,m3_wood,0.0
183,kg_cotton,0.0
183,m² land,0.0
183,kWh energy,272000.0
184,m3_wood,0.0
184,kg_cotton,0.0
184,m² land,0.0
184,kWh energy,266500.0
185,m3_wood,0.0
185,kg_cotton,0.0
185,m² land,0.0
185,kWh energy,270000.0
186,m3_wood,0.0
186,kg_cotton,0.0
186,m² land,0.0
186,kWh energy,244500.0
187,m3_wood,0.0
187,kg_cotton,0.0
187,m² land,0.0
187,kWh energy,245000.0
188,m3_wood,0.0
188,kg_cotton,0.0
188,m² land,0.0
188,kWh energy,230000.0
189,m3_wood,0.0
189,kg_cotton,0.0
189,m² land,0.0
189,kWh energy,218000.0
190,m3_wood,0.0
190,kg_cotton,0.0
190,m² land,0.0
190,kWh energy,184000.0
191,m3_wood,0.0
191,kg_cotton,0.0
191,m² land,0.0
191,kWh energy,185000.0
192,m3_wood,0.0
192,kg_cotton,0.0
192,m² land,0.0
192,kWh energy,173500.0
193,m3_wood,0.0
193,kg_cotton,0.0
193,m² land,0.0
193,kWh energy,155500.0
194,m3_wood,0.0
194,kg_cotton,0.0
194,m² land,0.0
194,kWh energy,157000.0
195,m3_wood,0.0
195,kg_cotton,0.0
195,m² land,0.0
195,kWh energy,136500.0
196,m3_wood,0.0
196,kg_cotton,0.0
196,m² land,0.0
196,kWh energy,140500.0
197,m3_wood,0.0
197,kg_cotton,0.0
197,m² land,0.0
197,kWh energy,138000.0
198,m3_wood,0.0
198,kg_cotton,0.0
198,m² land,0.0
198,kWh energy,165000.0
199,m3_wood,0.0
199,kg_cotton,0.0
199,m² land,0.0
199,kWh energy,159000.0
200,m3_wood,0.0
200,kg_cotton,0.0
200,m² land,0.0
200,kWh energy,179500.0
201,m3_wood,0.0
201,kg_cotton,0.0
201,m² land,0.0
201,kWh energy,194000.0
202,m3_wood,0.0
202,kg_cotton,0.0
202,m² land,0.0
202,kWh energy,190000.0
203,m3_wood,0.0
203,kg_cotton,0.0
203,m² land,0.0
203,kWh energy,204500.0
204,m3_wood,0.0
204,kg_cotton,0.0
204,m² land,0.0
204,kWh energy,220000.0
205,m3_wood,0.0
205,kg_cotton,0.0
205,m² land,0.0
205,kWh energy,230000.0
206,m3_wood,0.0
206,kg_cotton,0.0
206,m² land,0.0
206,kWh energy,250000.0
207,m3_wood,0.0
207,kg_cotton,0.0
207,m² land,0.0
207,kWh energy,256500.0
208,m3_wood,0.0
208,kg_cotton,0.0
208,m² land,0.0
208,kWh energy,257500.0
209,m3_wood,0.0
209,kg_cotton,0.0
209,m² land,0.0
209,kWh energy,252000.0
210,m3_wood,0.0
210,kg_cotton,0.0
210,m² land,0.0
210,kWh energy,269000.0
211,m3_wood,0.0
211,kg_cotton,0.0
211,m² land,0.0
211,kWh energy,269500.0
212,m3_wood,0.0
212,kg_cotton,0.0
212,m² land,0.0
212,kWh energy,282000.0
213,m3_wood,0.0
213,kg_cotton,0.0
213,m² land,0.0
213,kWh energy,259000.0
214,m3_wood,0.0
214,kg_cotton,0.0
214,m² land,0.0
214,kWh energy,243000.0
215,m3_wood,0.0
215,kg_cotton,0.0
215,m² land,0.0
215,kWh energy,235500.0
216,m3_wood,0.0
216,kg_cotton,0.0
216,m² land,0.0
216,kWh energy,228000.0
217,m3_wood,0.0
217,kg_cotton,0.0
217,m² land,0.0
217,kWh energy,211500.0
218,m3_wood,0.0
218,kg_cotton,0.0
218,m² land,0.0
218,kWh energy,210000.0
219,m3_wood,0.0
219,kg_cotton,0.0
219,m² land,0.0
219,kWh energy,201500.0
220,m3_wood,0.0
220,kg_cotton,0.0
220,m² land,0.0
220,kWh energy,186000.0
221,m3_wood,0.0
221,kg_cotton,0.0
221,m² land,0.0
221,kWh energy,179000.0
222,m3_wood,0.0
222,kg_cotton,0.0
222,m² land,0.0
222,kWh energy,161500.0
223,m3_wood,0.0
223,kg_cotton,0.0
223,m² land,0.0
223,kWh energy,162000.0
224,m3_wood,0.0
224,kg_cotton,0.0
224,m² land,0.0
224,kWh energy,153500.0
225,m3_wood,0.0
225,kg_cotton,0.0
225,m² land,0.0
225,kWh energy,153000.0
226,m3_wood,0.0
226,kg_cotton,0.0
226,m² land,0.0
226,kWh energy,161500.0
227,m3_wood,0.0
227,kg_cotton,0.0
227,m² land,0.0
227,kWh energy,166500.0
228,m3_wood,0.0
228,kg_cotton,0.0
228,m² land,0.0
228,kWh energy,183000.0
229,m3_wood,0.0
229,kg_cotton,0.0
229,m² land,0.0
229,kWh energy,179000.0
230,m3_wood,0.0
230,kg_cotton,0.0
230,m² land,0.0
230,kWh energy,193500.0
231,m3_wood,0.0
231,kg_cotton,0.0
231,m² land,0.0
231,kWh energy,199500.0
232,m3_wood,0.0
232,kg_cotton,0.0
232,m² land,0.0
232,kWh energy,202000.0
233,m3_wood,0.0
233,kg_cotton,0.0
233,m² land,0.0
233,kWh energy,230500.0
234,m3_wood,0.0
234,kg_cotton,0.0
234,m² land,0.0
234,kWh energy,238500.0
235,m3_wood,0.0
235,kg_cotton,0.0
235,m² land,0.0
235,kWh energy,245500.0
236,m3_wood,0.0
236,kg_cotton,0.0
236,m² land,0.0
236,kWh energy,245000.0
237,m3_wood,0.0
237,kg_cotton,0.0
237,m² land,0.0
237,kWh energy,253500.0
238,m3_wood,0.0
238,kg_cotton,0.0
238,m² land,0.0
238,kWh energy,270000.0
239,m3_wood,0.0
239,kg_cotton,0.0
239,m² land,0.0
239,kWh energy,269500.0
240,m3_wood,0.0
240,kg_cotton,0.0
240,m² land,0.0
240,kWh energy,249500.0
241,m3_wood,0.0
241,kg_cotton,0.0
241,m² land,0.0
241,kWh energy,245500.0
242,m3_wood,0.0
242,kg_cotton,0.0
242,m² land,0.0
242,kWh energy,243000.0
243,m3_wood,0.0
243,kg_cotton,0.0
243,m² land,0.0
243,kWh energy,231500.0
244,m3_wood,0.0
244,kg_cotton,0.0
244,m² land,0.0
244,kWh energy,236500.0
245,m3_wood,0.0
245,kg_cotton,0.0
245,m² land,0.0
245,kWh energy,224000.0
246,m3_wood,0.0
246,kg_cotton,0.0
246,m² land,0.0
246,kWh energy,207500.0
247,m3_wood,0.0
247,kg_cotton,0.0
247,m² land,0.0
247,kWh energy,205000.0
248,m3_wood,0.0
248,kg_cotton,0.0
248,m² land,0.0
248,kWh energy,187500.0
249,m3_wood,0.0
249,kg_cotton,0.0
249,m² land,0.0
249,kWh energy,187000.0
250,m3_wood,0.0
250,kg_cotton,0.0
250,m² land,0.0
250,kWh energy,174000.0
251,m3_wood,0.0
251,kg_cotton,0.0
251,m² land,0.0
251,kWh energy,164000.0
252,m3_wood,0.0
252,kg_cotton,0.0
252,m² land,0.0
252,kWh energy,159500.0
253,m3_wood,0.0
253,kg_cotton,0.0
253,m² land,0.0
253,kWh energy,168500.0
254,m3_wood,0.0
254,kg_cotton,0.0
254,m² land,0.0
254,kWh energy,168500.0
255,m3_wood,0.0
255,kg_cotton,0.0
255,m² land,0.0
255,kWh energy,181500.0
256,m3_wood,0.0
256,kg_cotton,0.0
256,m² land,0.0
256,kWh energy,169500.0
257,m3_wood,0.0
257,kg_cotton,0.0
257,m² land,0.0
257,kWh energy,178500.0
258,m3_wood,0.0
258,kg_cotton,0.0
258,m² land,0.0
258,kWh energy,176500.0
259,m3_wood,0.0
259,kg_cotton,0.0
259,m² land,0.0
259,kWh energy,192000.0
260,m3_wood,0.0
260,kg_cotton,0.0
260,m² land,0.0
260,kWh energy,217500.0
261,m3_wood,0.0
261,kg_cotton,0.0
261,m² land,0.0
261,kWh energy,214500.0
262,m3_wood,0.0
262,kg_cotton,0.0
262,m² land,0.0
262,kWh energy,209000.0
263,m3_wood,0.0
263,kg_cotton,0.0
263,m² land,0.0
263,kWh energy,226000.0
264,m3_wood,0.0
264,kg_cotton,0.0
264,m² land,0.0
264,kWh energy,228500.0
265,m3_wood,0.0
265,kg_cotton,0.0
265,m² land,0.0
265,kWh energy,245000.0
266,m3_wood,0.0
266,kg_cotton,0.0
266,m² land,0.0
266,kWh energy,251500.0
267,m3_wood,0.0
267,kg_cotton,0.0
267,m² land,0.0
267,kWh energy,249000.0
268,m3_wood,0.0
268,kg_cotton,0.0
268,m² land,0.0
268,kWh energy,255000.0
269,m3_wood,0.0
269,kg_cotton,0.0
269,m² land,0.0
269,kWh energy,258000.0
270,m3_wood,0.0
270,kg_cotton,0.0
270,m² land,0.0
270,kWh energy,247000.0
271,m3_wood,0.0
271,kg_cotton,0.0
271,m² land,0.0
271,kWh energy,249500.0
272,m3_wood,0.0
272,kg_cotton,0.0
272,m² land,0.0
272,kWh energy,233000.0
273,m3_wood,0.0
273,kg_cotton,0.0
273,m² land,0.0
273,kWh energy,238000.0
274,m3_wood,0.0
274,kg_cotton,0.0
274,m² land,0.0
274,kWh energy,235000.0
275,m3_wood,0.0
275,kg_cotton,0.0
275,m² land,0.0
275,kWh energy,221500.0
276,m3_wood,0.0
276,kg_cotton,0.0
276,m² land,0.0
276,kWh energy,206000.0
277,m3_wood,0.0
277,kg_cotton,0.0
277,m² land,0.0
277,kWh energy,198000.0
278,m3_wood,0.0
278,kg_cotton,0.0
278,m² land,0.0
278,kWh energy,185500.0
279,m3_wood,0.0
279,kg_cotton,0.0
279,m² land,0.0
279,kWh energy,178000.0
280,m3_wood,0.0
280,kg_cotton,0.0
280,m² land,0.0
280,kWh energy,172000.0
281,m3_wood,0.0
281,kg_cotton,0.0
281,m² land,0.0
281,kWh energy,162500.0
282,m3_wood,0.0
282,kg_cotton,0.0
282,m² land,0.0
282,kWh energy,165000.0
283,m3_wood,0.0
283,kg_cotton,0.0
283,m² land,0.0
283,kWh energy,174500.0
284,m3_wood,0.0
284,kg_cotton,0.0
284,m² land,0.0
284,kWh energy,182500.0
285,m3_wood,0.0
285,kg_cotton,0.0
285,m² land,0.0
285,kWh energy,176500.0
286,m3_wood,0.0
286,kg_cotton,0.0
286,m² land,0.0
286,kWh energy,176000.0
287,m3_wood,0.0
287,kg_cotton,0.0
287,m² land,0.0
287,kWh energy,187500.0
288,m3_wood,0.0
288,kg_cotton,0.0
288,m² land,0.0
288,kWh energy,197500.0
289,m3_wood,0.0
289,kg_cotton,0.0
289,m² land,0.0
289,kWh energy,204500.0
290,m3_wood,0.0
290,kg_cotton,0.0
290,m² land,0.0
290,kWh energy,223000.0
291,m3_wood,0.0
291,kg_cotton,0.0
291,m² land,0.0
291,kWh energy,218500.0
292,m3_wood,0.0
292,kg_cotton,0.0
292,m² land,0.0
292,kWh energy,230500.0
293,m3_wood,0.0
293,kg_cotton,0.0
293,m² land,0.0
293,kWh energy,235500.0
294,m3_wood,0.0
294,kg_cotton,0.0
294,m² land,0.0
294,kWh energy,263000.0
295,m3_wood,0.0
295,kg_cotton,0.0
295,m² land,0.0
295,kWh energy,249500.0
296,m3_wood,0.0
296,kg_cotton,0.0
296,m² land,0.0
296,kWh energy,248000.0
297,m3_wood,0.0
297,kg_cotton,0.0
297,m² land,0.0
297,kWh energy,236000.0
298,m3_wood,0.0
298,kg_cotton,0.0
298,m² land,0.0
298,kWh energy,246500.0
299,m3_wood,0.0
299,kg_cotton,0.0
299,m² land,0.0
299,kWh energy,235000.0
300,m3_wood,0.0
300,kg_cotton,0.0
300,m² land,0.0
300,kWh energy,243000.0
301,m3_wood,0.0
301,kg_cotton,0.0
301,m² land,0.0
301,kWh energy,224000.0
302,m3_wood,0.0
302,kg_cotton,0.0
302,m² land,0.0
302,kWh energy,231000.0
303,m3_wood,0.0
303,kg_cotton,0.0
303,m² land,0.0
303,kWh energy,217500.0
304,m3_wood,0.0
304,kg_cotton,0.0
304,m² land,0.0
304,kWh energy,199000.0
305,m3_wood,0.0
305,kg_cotton,0.0
305,m² land,0.0
305,kWh energy,196000.0
306,m3_wood,0.0
306,kg_cotton,0.0
306,m² land,0.0
306,kWh energy,182000.0
307,m3_wood,0.0
307,kg_cotton,0.0
307,m² land,0.0
307,kWh energy,189500.0
308,m3_wood,0.0
308,kg_cotton,0.0
308,m² land,0.0
308,kWh energy,184500.0
309,m3_wood,0.0
309,kg_cotton,0.0
309,m² land,0.0
309,kWh energy,185500.0
310,m3_wood,0.0
310,kg_cotton,0.0
310,m² land,0.0
310,kWh energy,180000.0
311,m3_wood,0.0
311,kg_cotton,0.0
311,m² land,0.0
311,kWh energy,177500.0
312,m3_wood,0.0
312,kg_cotton,0.0
312,m² land,0.0
312,kWh energy,158500.0
313,m3_wood,0.0
313,kg_cotton,0.0
313,m² land,0.0
313,kWh energy,172000.0
314,m3_wood,0.0
314,kg_cotton,0.0
314,m² land,0.0
314,kWh energy,192500.0
315,m3_wood,0.0
315,kg_cotton,0.0
315,m² land,0.0
315,kWh energy,198000.0
316,m3_wood,0.0
316,kg_cotton,0.0
316,m² land,0.0
316,kWh energy,200500.0
317,m3_wood,0.0
317,kg_cotton,0.0
317,m² land,0.0
317,kWh energy,197500.0
318,m3_wood,0.0
318,kg_cotton,0.0
318,m² land,0.0
318,kWh energy,202500.0
319,m3_wood,0.0
319,kg_cotton,0.0
319,m² land,0.0
319,kWh energy,211000.0
320,m3_wood,0.0
320,kg_cotton,0.0
320,m² land,0.0
320,kWh energy,234500.0
321,m3_wood,0.0
321,kg_cotton,0.0
321,m² land,0.0
321,kWh energy,232500.0
322,m3_wood,0.0
322,kg_cotton,0.0
322,m² land,0.0
322,kWh energy,242500.0
323,m3_wood,0.0
323,kg_cotton,0.0
323,m² land,0.0
323,kWh energy,246000.0
324,m3_wood,0.0
324,kg_cotton,0.0
324,m² land,0.0
324,kWh energy,243000.0
325,m3_wood,0.0
325,kg_cotton,0.0
325,m² land,0.0
325,kWh energy,244500.0
326,m3_wood,0.0
326,kg_cotton,0.0
326,m² land,0.0
326,kWh energy,233500.0
327,m3_wood,0.0
327,kg_cotton,0.0
327,m² land,0.0
327,kWh energy,229500.0
328,m3_wood,0.0
328,kg_cotton,0.0
328,m² land,0.0
328,kWh energy,240000.0
329,m3_wood,0.0
329,kg_cotton,0.0
329,m² land,0.0
329,kWh energy,224500.0
330,m3_wood,0.0
330,kg_cotton,0.0
330,m² land,0.0
330,kWh energy,223000.0
331,m3_wood,0.0
331,kg_cotton,0.0
331,m² land,0.0
331,kWh energy,216500.0
332,m3_wood,0.0
332,kg_cotton,0.0
332,m² land,0.0
332,kWh energy,218000.0
333,m3_wood,0.0
333,kg_cotton,0.0
333,m² land,0.0
333,kWh energy,203000.0
334,m3_wood,0.0
334,kg_cotton,0.0
334,m² land,0.0
334,kWh energy,203500.0
335,m3_wood,0.0
335,kg_cotton,0.0
335,m² land,0.0
335,kWh energy,191000.0
336,m3_wood,0.0
336,kg_cotton,0.0
336,m² land,0.0
336,kWh energy,192000.0
337,m3_wood,0.0
337,kg_cotton,0.0
337,m² land,0.0
337,kWh energy,185000.0
338,m3_wood,0.0
338,kg_cotton,0.0
338,m² land,0.0
338,kWh energy,195000.0
339,m3_wood,0.0
339,kg_cotton,0.0
339,m² land,0.0
339,kWh energy,184500.0
340,m3_wood,0.0
340,kg_cotton,0.0
340,m² land,0.0
340,kWh energy,181500.0
341,m3_wood,0.0
341,kg_cotton,0.0
341,m² land,0.0
341,kWh energy,188500.0
342,m3_wood,0.0
342,kg_cotton,0.0
342,m² land,0.0
342,kWh energy,191500.0
343,m3_wood,0.0
343,kg_cotton,0.0
343,m² land,0.0
343,kWh energy,177000.0
344,m3_wood,0.0
344,kg_cotton,0.0
344,m² land,0.0
344,kWh energy,192500.0
345,m3_wood,0.0
345,kg_cotton,0.0
345,m² land,0.0
345,kWh energy,200000.0
346,m3_wood,0.0
346,kg_cotton,0.0
346,m² land,0.0
346,kWh energy,207000.0
347,m3_wood,0.0
347,kg_cotton,0.0
347,m² land,0.0
347,kWh energy,220000.0
348,m3_wood,0.0
348,kg_cotton,0.0
348,m² land,0.0
348,kWh energy,229500.0
349,m3_wood,0.0
349,kg_cotton,0.0
349,m² land,0.0
349,kWh energy,218000.0
350,m3_wood,0.0
350,kg_cotton,0.0
350,m² land,0.0
350,kWh energy,225000.0
351,m3_wood,0.0
351,kg_cotton,0.0
351,m² land,0.0
351,kWh energy,229500.0
352,m3_wood,0.0
352,kg_cotton,0.0
352,m² land,0.0
352,kWh energy,244000.0
353,m3_wood,0.0
353,kg_cotton,0.0
353,m² land,0.0
353,kWh energy,240000.0
354,m3_wood,0.0
354,kg_cotton,0.0
354,m² land,0.0
354,kWh energy,241000.0
355,m3_wood,0.0
355,kg_cotton,0.0
355,m² land,0.0
355,kWh energy,236500.0
356,m3_wood,0.0
356,kg_cotton,0.0
356,m² land,0.0
356,kWh energy,216000.0
357,m3_wood,0.0
357,kg_cotton,0.0
357,m² land,0.0
357,kWh energy,216000.0
358,m3_wood,0.0
358,kg_cotton,0.0
358,m² land,0.0
358,kWh energy,231000.0
359,m3_wood,0.0
359,kg_cotton,0.0
359,m² land,0.0
359,kWh energy,219500.0
360,m3_wood,0.0
360,kg_cotton,0.0
360,m² land,0.0
360,kWh energy,222000.0
361,m3_wood,0.0
361,kg_cotton,0.0
361,m² land,0.0
361,kWh energy,215500.0
362,m3_wood,0.0
362,kg_cotton,0.0
362,m² land,0.0
362,kWh energy,215500.0
363,m3_wood,0.0
363,kg_cotton,0.0
363,m² land,0.0
363,kWh energy,204500.0
364,m3_wood,0.0
364,kg_cotton,0.0
364,m² land,0.0
364,kWh energy,204500.0
365,m3_wood,0.0
365,kg_cotton,0.0
365,m² land,0.0
365,kWh energy,193500.0
366,m3_wood,0.0
366,kg_cotton,0.0
366,m² land,0.0
366,kWh energy,207500.0
367,m3_wood,0.0
367,kg_cotton,0.0
367,m² land,0.0
367,kWh energy,181500.0
368,m3_wood,0.0
368,kg_cotton,0.0
368,m² land,0.0
368,kWh energy,184500.0
369,m3_wood,0.0
369,kg_cotton,0.0
369,m² land,0.0
369,kWh energy,185500.0
370,m3_wood,0.0
370,kg_cotton,0.0
370,m² land,0.0
370,kWh energy,179000.0
371,m3_wood,0.0
371,kg_cotton,0.0
371,m² land,0.0
371,kWh energy,186500.0
372,m3_wood,0.0
372,kg_cotton,0.0
372,m² land,0.0
372,kWh energy,173500.0
373,m3_wood,0.0
373,kg_cotton,0.0
373,m² land,0.0
373,kWh energy,196500.0
374,m3_wood,0.0
374,kg_cotton,0.0
374,m² land,0.0
374,kWh energy,196000.0
375,m3_wood,0.0
375,kg_cotton,0.0
375,m² land,0.0
375,kWh energy,185000.0
376,m3_wood,0.0
376,kg_cotton,0.0
376,m² land,0.0
376,kWh energy,208500.0
377,m3_wood,0.0
377,kg_cotton,0.0
377,m² land,0.0
377,kWh energy,231000.0
378,m3_wood,0.0
378,kg_cotton,0.0
378,m² land,0.0
378,kWh energy,231500.0
379,m3_wood,0.0
379,kg_cotton,0.0
379,m² land,0.0
379,kWh energy,238500.0
380,m3_wood,0.0
380,kg_cotton,0.0
380,m² land,0.0
380,kWh energy,233000.0
381,m3_wood,0.0
381,kg_cotton,0.0
381,m² land,0.0
381,kWh energy,247500.0
382,m3_wood,0.0
382,kg_cotton,0.0
382,m² land,0.0
382,kWh energy,238500.0
383,m3_wood,0.0
383,kg_cotton,0.0
383,m² land,0.0
383,kWh energy,233000.0
384,m3_wood,0.0
384,kg_cotton,0.0
384,m² land,0.0
384,kWh energy,223500.0
385,m3_wood,0.0
385,kg_cotton,0.0
385,m² land,0.0
385,kWh energy,214500.0
386,m3_wood,0.0
386,kg_cotton,0.0
386,m² land,0.0
386,kWh energy,232000.0
387,m3_wood,0.0
387,kg_cotton,0.0
387,m² land,0.0
387,kWh energy,220000.0
388,m3_wood,0.0
388,kg_cotton,0.0
388,m² land,0.0
388,kWh energy,211000.0
389,m3_wood,0.0
389,kg_cotton,0.0
389,m² land,0.0
389,kWh energy,205000.0
390,m3_wood,0.0
390,kg_cotton,0.0
390,m² land,0.0
390,kWh energy,197500.0
391,m3_wood,0.0
391,kg_cotton,0.0
391,m² land,0.0
391,kWh energy,216000.0
392,m3_wood,0.0
392,kg_cotton,0.0
392,m² land,0.0
392,kWh energy,208000.0
393,m3_wood,0.0
393,kg_cotton,0.0
393,m² land,0.0
393,kWh energy,201500.0
394,m3_wood,0.0
394,kg_cotton,0.0
394,m² land,0.0
394,kWh energy,202000.0
395,m3_wood,0.0
395,kg_cotton,0.0
395,m² land,0.0
395,kWh energy,205500.0
396,m3_wood,0.0
396,kg_cotton,0.0
396,m² land,0.0
396,kWh energy,197000.0
397,m3_wood,0.0
397,kg_cotton,0.0
397,m² land,0.0
397,kWh energy,185000.0
398,m3_wood,0.0
398,kg_cotton,0.0
398,m² land,0.0
398,kWh energy,191000.0
399,m3_wood,0.0
399,kg_cotton,0.0
399,m² land,0.0
399,kWh energy,189000.0
400,m3_wood,0.0
400,kg_cotton,0.0
400,m² land,0.0
400,kWh energy,190500.0
401,m3_wood,0.0
401,kg_cotton,0.0
401,m² land,0.0
401,kWh energy,193000.0
402,m3_wood,0.0
402,kg_cotton,0.0
402,m² land,0.0
402,kWh energy,183000.0
403,m3_wood,0.0
403,kg_cotton,0.0
403,m² land,0.0
403,kWh energy,195000.0
404,m3_wood,0.0
404,kg_cotton,0.0
404,m² land,0.0
404,kWh energy,202500.0
405,m3_wood,0.0
405,kg_cotton,0.0
405,m² land,0.0
405,kWh energy,202000.0
406,m3_wood,0.0
406,kg_cotton,0.0
406,m² land,0.0
406,kWh energy,223500.0
407,m3_wood,0.0
407,kg_cotton,0.0
407,m² land,0.0
407,kWh energy,215500.0
408,m3_wood,0.0
408,kg_cotton,0.0
408,m² land,0.0
408,kWh energy,244500.0
409,m3_wood,0.0
409,kg_cotton,0.0
409,m² land,0.0
409,kWh energy,214500.0
410,m3_wood,0.0
410,kg_cotton,0.0
410,m² land,0.0
410,kWh energy,234000.0
411,m3_wood,0.0
411,kg_cotton,0.0
411,m² land,0.0
411,kWh energy,233000.0
412,m3_wood,0.0
412,kg_cotton,0.0
412,m² land,0.0
412,kWh energy,224500.0
413,m3_wood,0.0
413,kg_cotton,0.0
413,m² land,0.0
413,kWh energy,245000.0
414,m3_wood,0.0
414,kg_cotton,0.0
414,m² land,0.0
414,kWh energy,234000.0
415,m3_wood,0.0
415,kg_cotton,0.0
415,m² land,0.0
415,kWh energy,231000.0
416,m3_wood,0.0
416,kg_cotton,0.0
416,m² land,0.0
416,kWh energy,215000.0
417,m3_wood,0.0
417,kg_cotton,0.0
417,m² land,0.0
417,kWh energy,209000.0
418,m3_wood,0.0
418,kg_cotton,0.0
418,m² land,0.0
418,kWh energy,209000.0
419,m3_wood,0.0
419,kg_cotton,0.0
419,m² land,0.0
419,kWh energy,214000.0
420,m3_wood,0.0
420,kg_cotton,0.0
420,m² land,0.0
420,kWh energy,212500.0
421,m3_wood,0.0
421,kg_cotton,0.0
421,m² land,0.0
421,kWh energy,205000.0
422,m3_wood,0.0
422,kg_cotton,0.0
422,m² land,0.0
422,kWh energy,210000.0
423,m3_wood,0.0
423,kg_cotton,0.0
423,m² land,0.0
423,kWh energy,205000.0
424,m3_wood,0.0
424,kg_cotton,0.0
424,m² land,0.0
424,kWh energy,199000.0
425,m3_wood,0.0
425,kg_cotton,0.0
425,m² land,0.0
425,kWh energy,202500.0
426,m3_wood,0.0
426,kg_cotton,0.0
426,m² land,0.0
426,kWh energy,188000.0
427,m3_wood,0.0
427,kg_cotton,0.0
427,m² land,0.0
427,kWh energy,198500.0
428,m3_wood,0.0
428,kg_cotton,0.0
428,m² land,0.0
428,kWh energy,177500.0
429,m3_wood,0.0
429,kg_cotton,0.0
429,m² land,0.0
429,kWh energy,193000.0
430,m3_wood,0.0
430,kg_cotton,0.0
430,m² land,0.0
430,kWh energy,182500.0
431,m3_wood,0.0
431,kg_cotton,0.0
431,m² land,0.0
431,kWh energy,196000.0
432,m3_wood,0.0
432,kg_cotton,0.0
432,m² land,0.0
432,kWh energy,207500.0
433,m3_wood,0.0
433,kg_cotton,0.0
433,m² land,0.0
433,kWh energy,205000.0
434,m3_wood,0.0
434,kg_cotton,0.0
434,m² land,0.0
434,kWh energy,213500.0
435,m3_wood,0.0
435,kg_cotton,0.0
435,m² land,0.0
435,kWh energy,210500.0
436,m3_wood,0.0
436,kg_cotton,0.0
436,m² land,0.0
436,kWh energy,220500.0
437,m3_wood,0.0
437,kg_cotton,0.0
437,m² land,0.0
437,kWh energy,238000.0
438,m3_wood,0.0
438,kg_cotton,0.0
438,m² land,0.0
438,kWh energy,228000.0
439,m3_wood,0.0
439,kg_cotton,0.0
439,m² land,0.0
439,kWh energy,222000.0
440,m3_wood,0.0
440,kg_cotton,0.0
440,m² land,0.0
440,kWh energy,234000.0
441,m3_wood,0.0
441,kg_cotton,0.0
441,m² land,0.0
441,kWh energy,230500.0
442,m3_wood,0.0
442,kg_cotton,0.0
442,m² land,0.0
442,kWh energy,233000.0
443,m3_wood,0.0
443,kg_cotton,0.0
443,m² land,0.0
443,kWh energy,216000.0
444,m3_wood,0.0
444,kg_cotton,0.0
444,m² land,0.0
444,kWh energy,208000.0
445,m3_wood,0.0
445,kg_cotton,0.0
445,m² land,0.0
445,kWh energy,210000.0
446,m3_wood,0.0
446,kg_cotton,0.0
446,m² land,0.0
446,kWh energy,216000.0
447,m3_wood,0.0
447,kg_cotton,0.0
447,m² land,0.0
447,kWh energy,214000.0
448,m3_wood,0.0
448,kg_cotton,0.0
448,m² land,0.0
448,kWh energy,207500.0
449,m3_wood,0.0
449,kg_cotton,0.0
449,m² land,0.0
449,kWh energy,202500.0
450,m3_wood,0.0
450,kg_cotton,0.0
450,m² land,0.0
450,kWh energy,199500.0
451,m3_wood,0.0
451,kg_cotton,0.0
451,m² land,0.0
451,kWh energy,209500.0
452,m3_wood,0.0
452,kg_cotton,0.0
452,m² land,0.0
452,kWh energy,201500.0
453,m3_wood,0.0
453,kg_cotton,0.0
453,m² land,0.0
453,kWh energy,202500.0
454,m3_wood,0.0
454,kg_cotton,0.0
454,m² land,0.0
454,kWh energy,210500.0
455,m3_wood,0.0
455,kg_cotton,0.0
455,m² land,0.0
455,kWh energy,203500.0
456,m3_wood,0.0
456,kg_cotton,0.0
456,m² land,0.0
456,kWh energy,204500.0
457,m3_wood,0.0
457,kg_cotton,0.0
457,m² land,0.0
457,kWh energy,194000.0
458,m3_wood,0.0
458,kg_cotton,0.0
458,m² land,0.0
458,kWh energy,190500.0
459,m3_wood,0.0
459,kg_cotton,0.0
459,m² land,0.0
459,kWh energy,207500.0
460,m3_wood,0.0
460,kg_cotton,0.0
460,m² land,0.0
460,kWh energy,192000.0
461,m3_wood,0.0
461,kg_cotton,0.0
461,m² land,0.0
461,kWh energy,189000.0
462,m3_wood,0.0
462,kg_cotton,0.0
462,m² land,0.0
462,kWh energy,224000.0
463,m3_wood,0.0
463,kg_cotton,0.0
463,m² land,0.0
463,kWh energy,223000.0
464,m3_wood,0.0
464,kg_cotton,0.0
464,m² land,0.0
464,kWh energy,218000.0
465,m3_wood,0.0
465,kg_cotton,0.0
465,m² land,0.0
465,kWh energy,216500.0
466,m3_wood,0.0
466,kg_cotton,0.0
466,m² land,0.0
466,kWh energy,203000.0
467,m3_wood,0.0
467,kg_cotton,0.0
467,m² land,0.0
467,kWh energy,232500.0
468,m3_wood,0.0
468,kg_cotton,0.0
468,m² land,0.0
468,kWh energy,240000.0
469,m3_wood,0.0
469,kg_cotton,0.0
469,m² land,0.0
469,kWh energy,231500.0
470,m3_wood,0.0
470,kg_cotton,0.0
470,m² land,0.0
470,kWh energy,217500.0
471,m3_wood,0.0
471,kg_cotton,0.0
471,m² land,0.0
471,kWh energy,227000.0
472,m3_wood,0.0
472,kg_cotton,0.0
472,m² land,0.0
472,kWh energy,227000.0
473,m3_wood,0.0
473,kg_cotton,0.0
473,m² land,0.0
473,kWh energy,206000.0
474,m3_wood,0.0
474,kg_cotton,0.0
474,m² land,0.0
474,kWh energy,215000.0
475,m3_wood,0.0
475,kg_cotton,0.0
475,m² land,0.0
475,kWh energy,205000.0
476,m3_wood,0.0
476,kg_cotton,0.0
476,m² land,0.0
476,kWh energy,210500.0
477,m3_wood,0.0
477,kg_cotton,0.0
477,m² land,0.0
477,kWh energy,210500.0
478,m3_wood,0.0
478,kg_cotton,0.0
478,m² land,0.0
478,kWh energy,199000.0
479,m3_wood,0.0
479,kg_cotton,0.0
479,m² land,0.0
479,kWh energy,211000.0
480,m3_wood,0.0
480,kg_cotton,0.0
480,m² land,0.0
480,kWh energy,205500.0
481,m3_wood,0.0
481,kg_cotton,0.0
481,m² land,0.0
481,kWh energy,210000.0
482,m3_wood,0.0
482,kg_cotton,0.0
482,m² land,0.0
482,kWh energy,194000.0
0,m3_wood,nil
0,kg_cotton,nil
0,m² land,nil
0,kWh energy,nil
1,m3_wood,nil
1,kg_cotton,nil
1,m² land,nil
1,kWh energy,nil
2,m3_wood,0.0
2,kg_cotton,0.0
2,m² land,0.0
2,kWh energy,457502.7438022244
3,m3_wood,46471.76983505273
3,kg_cotton,0.0
3,m² land,18774.667037395782
3,kWh energy,448446.83721269557
4,m3_wood,78492.41515195771
4,kg_cotton,0.0
4,m² land,32332.20992074618
4,kWh energy,442180.4273291198
5,m3_wood,96449.78944992497
5,kg_cotton,0.0
5,m² land,40103.945394684386
5,kWh energy,381949.90046798345
6,m3_wood,107705.92811937099
6,kg_cotton,0.0
6,m² land,44494.797650361244
6,kWh energy,395380.78203609155
7,m3_wood,126487.70229828596
7,kg_cotton,0.0
7,m² land,51992.20648136265
7,kWh energy,395256.38611911424
8,m3_wood,159676.67171864692
8,kg_cotton,0.0
8,m² land,66203.21974394498
8,kWh energy,423312.70054126787
9,m3_wood,181720.3814211931
9,kg_cotton,0.0
9,m² land,78544.22522196146
9,kWh energy,464826.74252382165
10,m3_wood,199062.34882784326
10,kg_cotton,0.0
10,m² land,87435.25058058022
10,kWh energy,443082.7289987654
11,m3_wood,215868.27219397138
11,kg_cotton,0.0
11,m² land,96136.17808607915
11,kWh energy,442726.74960500305
0,m3_wood,nil
0,kg_cotton,nil
0,m² land,nil
0,kWh energy,nil
1,m3_wood,nil
1,kg_cotton,nil
1,m² land,nil
1,kWh energy,nil
2,m3_wood,0.0
2,kg_cotton,0.0
2,m² land,0.0
2,kWh energy,463299.09806909313
3,m3_wood,45138.07262636589
3,kg_cotton,0.0
3,m² land,18227.7774463692
3,kWh energy,456888.4202489979
4,m3_wood,77630.79127775489
4,kg_cotton,0.0
4,m² land,31948.58671929532
4,kWh energy,422449.6801528014
5,m3_wood,92857.71611544094
5,kg_cotton,0.0
5,m² land,38574.53483223717
5,kWh energy,394819.5364040735
6,m3_wood,109729.22360157731
6,kg_cotton,0.0
6,m² land,45549.42775161761
6,kWh energy,382127.53586877824
7,m3_wood,127375.82534266279
7,kg_cotton,0.0
7,m² land,52065.997960663015
7,kWh energy,396790.2835359712
8,m3_wood,159148.04236316722
8,kg_cotton,0.0
8,m² land,67008.91640744855
8,kWh energy,425107.8486043434
9,m3_wood,184014.56532611058
9,kg_cotton,0.0
9,m² land,79762.24890416257
9,kWh energy,435052.7448660828
10,m3_wood,195845.31442657928
10,kg_cotton,0.0
10,m² land,86787.86971602318
10,kWh energy,434941.75861138053
11,m3_wood,202115.3202442123
11,kg_cotton,0.0
11,m² land,90408.4492289019
11,kWh energy,440009.6109333441
12,m3_wood,211433.71050360476
12,kg_cotton,0.0
12,m² land,93995.66991929106
12,kWh energy,429227.67015857436
13,m3_wood,157694.2379409695
13,kg_cotton,0.0
13,m² land,70621.63427458856
13,kWh energy,349357.6487822583
14,m3_wood,113702.7031944979
14,kg_cotton,0.0
14,m² land,51239.492288051646
14,kWh energy,253357.64878225818
15,m3_wood,91671.11174546691
15,kg_cotton,0.0
15,m² land,41401.238985344426
15,kWh energy,229569.9819872451
16,m3_wood,64583.71715991521
16,kg_cotton,0.0
16,m² land,29084.088452806136
16,kWh energy,178427.7166288266
17,m3_wood,48757.131528517246
17,kg_cotton,0.0
17,m² land,22004.55718273215
17,kWh energy,154644.02060623764
18,m3_wood,38342.03675133105
18,kg_cotton,0.0
18,m² land,17575.359215051045
18,kWh energy,146070.44226403066
19,m3_wood,25992.4526114069
19,kg_cotton,0.0
19,m² land,11745.635381122456
19,kWh energy,136356.81408801023
20,m3_wood,19644.678917110345
20,kg_cotton,0.0
20,m² land,8938.453071683685
20,kWh energy,127928.17690561227
21,m3_wood,11748.226305703449
21,kg_cotton,0.0
21,m² land,5312.817690561227
21,kWh energy,105214.08845280613
22,m3_wood,6864.0
22,kg_cotton,0.0
22,m² land,3080.0
22,kWh energy,83285.45127040819
23,m3_wood,4260.226305703449
23,kg_cotton,0.0
23,m² land,1952.817690561228
23,kWh energy,79856.81408801023
24,m3_wood,0.0
24,kg_cotton,0.0
24,m² land,0.0
24,kWh energy,82714.08845280613
25,m3_wood,516.2263057034489
25,kg_cotton,0.0
25,m² land,272.81769056122783
25,kWh energy,88928.17690561227
26,m3_wood,0.0
26,kg_cotton,0.0
26,m² land,0.0
26,kWh energy,93071.36281760204
27,m3_wood,0.0
27,kg_cotton,0.0
27,m² land,0.0
27,kWh energy,90142.72563520409
28,m3_wood,0.0
28,kg_cotton,0.0
28,m² land,0.0
28,kWh energy,115142.72563520409
29,m3_wood,0.0
29,kg_cotton,0.0
29,m² land,0.0
29,kWh energy,144071.36281760206
30,m3_wood,0.0
30,kg_cotton,0.0
30,m² land,0.0
30,kWh energy,193000.0
31,m3_wood,0.0
31,kg_cotton,0.0
31,m² land,0.0
31,kWh energy,205071.36281760206
32,m3_wood,0.0
32,kg_cotton,0.0
32,m² land,0.0
32,kWh energy,237571.36281760206
33,m3_wood,0.0
33,kg_cotton,0.0
33,m² land,0.0
33,kWh energy,279071.36281760206
34,m3_wood,0.0
34,kg_cotton,0.0
34,m² land,0.0
34,kWh energy,313571.36281760206
0,m3_wood,nil
0,kg_cotton,nil
0,m² land,nil
0,kWh energy,nil
1,m3_wood,nil
1,kg_cotton,nil
1,m² land,nil
1,kWh energy,nil
2,m3_wood,0.0
2,kg_cotton,0.0
2,m² land,0.0
2,kWh energy,457226.61294761894
3,m3_wood,42181.037534686715
3,kg_cotton,0.0
3,m² land,17020.206530650485
3,kWh energy,460021.101219321
4,m3_wood,78707.96254055083
4,kg_cotton,0.0
4,m² land,31942.225162810202
4,kWh energy,450356.36738823005
5,m3_wood,95149.2069696527
5,kg_cotton,0.0
5,m² land,38919.275789248015
5,kWh energy,405379.30288510124
6,m3_wood,109553.82235971515
6,kg_cotton,0.0
6,m² land,45219.96271710364
6,kWh energy,391811.9428453941
7,m3_wood,131279.76565715577
7,kg_cotton,0.0
7,m² land,54120.63438598576
7,kWh energy,403814.0813716247
8,m3_wood,161752.59706086724
8,kg_cotton,0.0
8,m² land,67267.86310832633
8,kWh energy,450070.3832035985
9,m3_wood,193404.5385503937
9,kg_cotton,0.0
9,m² land,83037.20900839384
9,kWh energy,430796.8174515716
10,m3_wood,212818.2931520551
10,kg_cotton,0.0
10,m² land,94994.43587403346
10,kWh energy,443764.1575174984
11,m3_wood,214369.48270642755
11,kg_cotton,0.0
11,m² land,95843.44539283376
11,kWh energy,444089.74999004224
12,m3_wood,216874.3935786963
12,kg_cotton,0.0
12,m² land,97495.05197016451
12,kWh energy,435725.4546339695
13,m3_wood,160514.3071174724
13,kg_cotton,0.0
13,m² land,72074.93510531951
13,kWh energy,346791.55170811387
14,m3_wood,112637.13585467642
14,kg_cotton,0.0
14,m² land,50608.90513303822
14,kWh energy,257075.24773070274
15,m3_wood,83842.76804484158
15,kg_cotton,0.0
15,m² land,37972.02552761892
15,kWh energy,209358.10905904384
16,m3_wood,63494.94197414485
16,kg_cotton,0.0
16,m² land,29026.629977295957
16,kWh energy,179213.1678992348
17,m3_wood,42925.58413992415
17,kg_cotton,0.0
17,m² land,19549.723833928594
17,kWh energy,153070.90254081634
18,m3_wood,25776.905222813795
18,kg_cotton,0.0
18,m² land,11731.270762244912
18,kWh energy,116070.90254081634
19,m3_wood,14976.0
19,kg_cotton,0.0
19,m² land,6720.0
19,kWh energy,104785.45127040817
20,m3_wood,10500.226305703449
20,kg_cotton,0.0
20,m² land,4752.817690561228
20,kWh energy,108856.81408801023
21,m3_wood,5616.0
21,kg_cotton,0.0
21,m² land,2520.0
21,kWh energy,95785.45127040817
22,m3_wood,3012.226305703449
22,kg_cotton,0.0
22,m² land,1392.817690561228
22,kWh energy,93856.81408801023
23,m3_wood,1872.0
23,kg_cotton,0.0
23,m² land,840.0
23,kWh energy,80714.08845280614
24,m3_wood,0.0
24,kg_cotton,0.0
24,m² land,0.0
24,kWh energy,76142.72563520409
25,m3_wood,0.0
25,kg_cotton,0.0
25,m² land,0.0
25,kWh energy,86714.08845280613
26,m3_wood,0.0
26,kg_cotton,0.0
26,m² land,0.0
26,kWh energy,93071.36281760204
27,m3_wood,0.0
27,kg_cotton,0.0
27,m² land,0.0
27,kWh energy,98285.45127040817
28,m3_wood,0.0
28,kg_cotton,0.0
28,m² land,0.0
28,kWh energy,113571.36281760204
29,m3_wood,0.0
29,kg_cotton,0.0
29,m² land,0.0
29,kWh energy,136571.36281760206
30,m3_wood,0.0
30,kg_cotton,0.0
30,m² land,0.0
30,kWh energy,162356.81408801023
31,m3_wood,0.0
31,kg_cotton,0.0
31,m² land,0.0
31,kWh energy,190571.36281760206
32,m3_wood,0.0
32,kg_cotton,0.0
32,m² land,0.0
32,kWh energy,228714.08845280617
33,m3_wood,0.0
33,kg_cotton,0.0
33,m² land,0.0
33,kWh energy,280642.7256352041
34,m3_wood,0.0
34,kg_cotton,0.0
34,m² land,0.0
34,kWh energy,307571.36281760206
35,m3_wood,0.0
35,kg_cotton,0.0
35,m² land,0.0
35,kWh energy,334642.7256352041
36,m3_wood,1032.4526114068976
36,kg_cotton,0.0
36,m² land,545.635381122456
36,kWh energy,370500.0
37,m3_wood,516.2263057034488
37,kg_cotton,0.0
37,m² land,272.81769056122766
37,kWh energy,383500.0
38,m3_wood,1032.4526114068976
38,kg_cotton,0.0
38,m² land,545.6353811224558
38,kWh energy,389500.0
39,m3_wood,2427.8910892184576
39,kg_cotton,0.0
39,m² land,1276.3239109364429
39,kWh energy,373000.0
40,m3_wood,1957.131528517244
40,kg_cotton,0.0
40,m² land,1084.0884528061392
40,kWh energy,343500.0
41,m3_wood,4538.263057034488
41,kg_cotton,0.0
41,m² land,2448.1769056122803
41,kWh energy,332071.36281760206
42,m3_wood,2796.6789171103464
42,kg_cotton,0.0
42,m² land,1378.4530716836841
42,kWh energy,292000.0
43,m3_wood,3505.8104456275905
43,kg_cotton,0.0
43,m² land,1902.5415244898234
43,kWh energy,277214.0884528061
44,m3_wood,4753.8104456275905
44,kg_cotton,0.0
44,m² land,2462.541524489824
44,kWh energy,230000.0
45,m3_wood,1849.357834220693
45,kg_cotton,0.0
45,m² land,1003.5062203752145
45,kWh energy,194000.0
46,m3_wood,3312.9052228137953
46,kg_cotton,0.0
46,m² land,1651.2707622449125
46,kWh energy,166000.0
47,m3_wood,1032.4526114068976
47,kg_cotton,0.0
47,m² land,545.6353811224562
47,kWh energy,123500.0
48,m3_wood,516.2263057034488
48,kg_cotton,0.0
48,m² land,272.8176905612281
48,kWh energy,111000.0
49,m3_wood,0.0
49,kg_cotton,0.0
49,m² land,0.0
49,kWh energy,103500.0
50,m3_wood,1032.4526114068976
50,kg_cotton,0.0
50,m² land,545.6353811224558
50,kWh energy,102000.0
51,m3_wood,0.0
51,kg_cotton,0.0
51,m² land,0.0
51,kWh energy,101000.0
52,m3_wood,0.0
52,kg_cotton,0.0
52,m² land,0.0
52,kWh energy,90500.0
53,m3_wood,0.0
53,kg_cotton,0.0
53,m² land,0.0
53,kWh energy,89000.0
54,m3_wood,0.0
54,kg_cotton,0.0
54,m² land,0.0
54,kWh energy,91000.0
55,m3_wood,0.0
55,kg_cotton,0.0
55,m² land,0.0
55,kWh energy,103500.0
56,m3_wood,516.2263057034488
56,kg_cotton,0.0
56,m² land,272.8176905612281
56,kWh energy,121071.36281760204
57,m3_wood,0.0
57,kg_cotton,0.0
57,m² land,0.0
57,kWh energy,140000.0
58,m3_wood,0.0
58,kg_cotton,0.0
58,m² land,0.0
58,kWh energy,152500.0
59,m3_wood,0.0
59,kg_cotton,0.0
59,m² land,0.0
59,kWh energy,178000.0
60,m3_wood,0.0
60,kg_cotton,0.0
60,m² land,0.0
60,kWh energy,218000.0
61,m3_wood,0.0
61,kg_cotton,0.0
61,m² land,0.0
61,kWh energy,256000.0
62,m3_wood,0.0
62,kg_cotton,0.0
62,m² land,0.0
62,kWh energy,280000.0
63,m3_wood,0.0
63,kg_cotton,0.0
63,m² land,0.0
63,kWh energy,299500.0
64,m3_wood,0.0
64,kg_cotton,0.0
64,m² land,0.0
64,kWh energy,315000.0
65,m3_wood,0.0
65,kg_cotton,0.0
65,m² land,0.0
65,kWh energy,323500.0
66,m3_wood,0.0
66,kg_cotton,0.0
66,m² land,0.0
66,kWh energy,352000.0
67,m3_wood,0.0
67,kg_cotton,0.0
67,m² land,0.0
67,kWh energy,345500.0
68,m3_wood,0.0
68,kg_cotton,0.0
68,m² land,0.0
68,kWh energy,349500.0
69,m3_wood,0.0
69,kg_cotton,0.0
69,m² land,0.0
69,kWh energy,324500.0
70,m3_wood,0.0
70,kg_cotton,0.0
70,m² land,0.0
70,kWh energy,304000.0
71,m3_wood,0.0
71,kg_cotton,0.0
71,m² land,0.0
71,kWh energy,279500.0
72,m3_wood,0.0
72,kg_cotton,0.0
72,m² land,0.0
72,kWh energy,249000.0
73,m3_wood,0.0
73,kg_cotton,0.0
73,m² land,0.0
73,kWh energy,226000.0
74,m3_wood,0.0
74,kg_cotton,0.0
74,m² land,0.0
74,kWh energy,190500.0
75,m3_wood,516.2263057034488
75,kg_cotton,0.0
75,m² land,272.8176905612281
75,kWh energy,168000.0
76,m3_wood,0.0
76,kg_cotton,0.0
76,m² land,0.0
76,kWh energy,161500.0
77,m3_wood,0.0
77,kg_cotton,0.0
77,m² land,0.0
77,kWh energy,126500.0
78,m3_wood,0.0
78,kg_cotton,0.0
78,m² land,0.0
78,kWh energy,114000.0
79,m3_wood,0.0
79,kg_cotton,0.0
79,m² land,0.0
79,kWh energy,102000.0
80,m3_wood,0.0
80,kg_cotton,0.0
80,m² land,0.0
80,kWh energy,119000.0
81,m3_wood,0.0
81,kg_cotton,0.0
81,m² land,0.0
81,kWh energy,119000.0
82,m3_wood,0.0
82,kg_cotton,0.0
82,m² land,0.0
82,kWh energy,108500.0
83,m3_wood,0.0
83,kg_cotton,0.0
83,m² land,0.0
83,kWh energy,124000.0
84,m3_wood,0.0
84,kg_cotton,0.0
84,m² land,0.0
84,kWh energy,118000.0
85,m3_wood,0.0
85,kg_cotton,0.0
85,m² land,0.0
85,kWh energy,137500.0
86,m3_wood,0.0
86,kg_cotton,0.0
86,m² land,0.0
86,kWh energy,158000.0
87,m3_wood,0.0
87,kg_cotton,0.0
87,m² land,0.0
87,kWh energy,186500.0
88,m3_wood,0.0
88,kg_cotton,0.0
88,m² land,0.0
88,kWh energy,206000.0
89,m3_wood,0.0
89,kg_cotton,0.0
89,m² land,0.0
89,kWh energy,231000.0
90,m3_wood,0.0
90,kg_cotton,0.0
90,m² land,0.0
90,kWh energy,229500.0
91,m3_wood,0.0
91,kg_cotton,0.0
91,m² land,0.0
91,kWh energy,257500.0
92,m3_wood,0.0
92,kg_cotton,0.0
92,m² land,0.0
92,kWh energy,293500.0
93,m3_wood,0.0
93,kg_cotton,0.0
93,m² land,0.0
93,kWh energy,312500.0
94,m3_wood,0.0
94,kg_cotton,0.0
94,m² land,0.0
94,kWh energy,316000.0
95,m3_wood,0.0
95,kg_cotton,0.0
95,m² land,0.0
95,kWh energy,320000.0
96,m3_wood,0.0
96,kg_cotton,0.0
96,m² land,0.0
96,kWh energy,326000.0
97,m3_wood,0.0
97,kg_cotton,0.0
97,m² land,0.0
97,kWh energy,319000.0
98,m3_wood,0.0
98,kg_cotton,0.0
98,m² land,0.0
98,kWh energy,290500.0
99,m3_wood,0.0
99,kg_cotton,0.0
99,m² land,0.0
99,kWh energy,286000.0
100,m3_wood,0.0
100,kg_cotton,0.0
100,m² land,0.0
100,kWh energy,266000.0
101,m3_wood,0.0
101,kg_cotton,0.0
101,m² land,0.0
101,kWh energy,246000.0
0,m3_wood,nil
0,kg_cotton,nil
0,m² land,nil
0,kWh energy,nil
1,m3_wood,nil
1,kg_cotton,nil
1,m² land,nil
1,kWh energy,nil
2,m3_wood,0.0
2,kg_cotton,0.0
2,m² land,0.0
2,kWh energy,457502.7438022244
3,m3_wood,43481.62001495899
3,kg_cotton,0.0
3,m² land,17567.09612167707
3,kWh energy,462334.4347045362
4,m3_wood,77192.39835185504
4,kg_cotton,0.0
4,m² land,31399.568241698777
4,kWh energy,429222.66461610404
5,m3_wood,96419.28345526241
5,kg_cotton,0.0
5,m² land,39499.53192440791
5,kWh energy,405786.6411052307
6,m3_wood,114278.19266787932
6,kg_cotton,0.0
6,m² land,47102.773202543016
6,kWh energy,398588.3727084635
7,m3_wood,133570.35859766058
7,kg_cotton,0.0
7,m² land,55307.38574478218
7,kWh energy,412900.40672535193
8,m3_wood,163319.21463281856
8,kg_cotton,0.0
8,m² land,68238.1581698886
8,kWh energy,449394.22042832297
9,m3_wood,194431.6705635293
9,kg_cotton,0.0
9,m² land,83858.86385934592
9,kWh energy,459601.20203052904
10,m3_wood,210719.34269376996
10,kg_cotton,0.0
10,m² land,92851.76029396956
10,kWh energy,444588.4550190086
11,m3_wood,217319.9677430063
11,kg_cotton,0.0
11,m² land,97574.50045233767
11,kWh energy,447511.36618116335
12,m3_wood,220293.6932188838
12,kg_cotton,0.0
12,m² land,98764.70558761676
12,kWh energy,442866.4250213544
13,m3_wood,160667.54755677117
13,kg_cotton,0.0
13,m² land,72456.2531345093
13,kWh energy,338932.98237228434
14,m3_wood,115258.49784687828
14,kg_cotton,0.0
14,m² land,52449.23053222395
14,kWh energy,257784.07044005126
15,m3_wood,87808.29980836555
15,kg_cotton,0.0
15,m² land,39977.7009705644
15,kWh energy,214427.25635204092
16,m3_wood,58803.43847781157
16,kg_cotton,0.0
16,m² land,26564.088452806136
16,kWh energy,174642.2653584184
17,m3_wood,41677.58413992415
17,kg_cotton,0.0
17,m² land,18989.72383392859
17,kWh energy,146427.71662882657
18,m3_wood,24313.357834220697
18,kg_cotton,0.0
18,m² land,11156.906143367367
18,kWh energy,113713.62817602044
19,m3_wood,10908.678917110346
19,kg_cotton,0.0
19,m² land,5018.453071683683
19,kWh energy,105284.99099362247
20,m3_wood,6132.226305703449
20,kg_cotton,0.0
20,m² land,2792.817690561228
20,kWh energy,99499.5397232143
21,m3_wood,2496.0
21,kg_cotton,0.0
21,m² land,1120.0
21,kWh energy,93499.53972321432
22,m3_wood,2496.0
22,kg_cotton,0.0
22,m² land,1120.0
22,kWh energy,90999.53972321432
23,m3_wood,624.0
23,kg_cotton,0.0
23,m² land,280.0
23,kWh energy,85714.08845280613
24,m3_wood,0.0
24,kg_cotton,0.0
24,m² land,0.0
24,kWh energy,74571.36281760204
25,m3_wood,0.0
25,kg_cotton,0.0
25,m² land,0.0
25,kWh energy,81142.72563520409
26,m3_wood,0.0
26,kg_cotton,0.0
26,m² land,0.0
26,kWh energy,86285.45127040819
27,m3_wood,0.0
27,kg_cotton,0.0
27,m² land,0.0
27,kWh energy,106142.72563520409
28,m3_wood,0.0
28,kg_cotton,0.0
28,m² land,0.0
28,kWh energy,123000.0
29,m3_wood,0.0
29,kg_cotton,0.0
29,m² land,0.0
29,kWh energy,136500.0
30,m3_wood,0.0
30,kg_cotton,0.0
30,m² land,0.0
30,kWh energy,167500.0
31,m3_wood,0.0
31,kg_cotton,0.0
31,m² land,0.0
31,kWh energy,188500.0
32,m3_wood,0.0
32,kg_cotton,0.0
32,m² land,0.0
32,kWh energy,232785.4512704082
33,m3_wood,0.0
33,kg_cotton,0.0
33,m² land,0.0
33,kWh energy,263642.7256352041
34,m3_wood,408.45261140689763
34,kg_cotton,0.0
34,m² land,265.6353811224558
34,kWh energy,316071.36281760206
35,m3_wood,624.0
35,kg_cotton,0.0
35,m² land,280.0
35,kWh energy,337142.7256352041
36,m3_wood,408.45261140689763
36,kg_cotton,0.0
36,m² land,265.635381122456
36,kWh energy,372500.0
37,m3_wood,1140.2263057034488
37,kg_cotton,0.0
37,m² land,552.8176905612281
37,kWh energy,385571.36281760206
38,m3_wood,2473.357834220693
38,kg_cotton,0.0
38,m² land,1356.9061433673678
38,kWh energy,380571.36281760206
39,m3_wood,4022.0367513310393
39,kg_cotton,0.0
39,m² land,2101.959292058898
39,kWh energy,371642.7256352041
40,m3_wood,2796.6789171103464
40,kg_cotton,0.0
40,m² land,1378.4530716836844
40,kWh energy,353071.36281760206
41,m3_wood,2064.9052228137953
41,kg_cotton,0.0
41,m² land,1091.2707622449125
41,kWh energy,346071.36281760206
42,m3_wood,6086.941974144835
42,kg_cotton,0.0
42,m² land,3266.6299772959646
42,kWh energy,296000.0
43,m3_wood,4753.8104456275905
43,kg_cotton,0.0
43,m² land,2462.541524489824
43,kWh energy,267500.0
44,m3_wood,4753.8104456275905
44,kg_cotton,0.0
44,m² land,2462.5415244898236
44,kWh energy,239500.0
45,m3_wood,3159.664783515009
45,kg_cotton,0.0
45,m² land,1563.5062203752145
45,kWh energy,191500.0
46,m3_wood,2064.9052228137953
46,kg_cotton,0.0
46,m² land,1091.2707622449122
46,kWh energy,166071.36281760206
47,m3_wood,1548.6789171103464
47,kg_cotton,0.0
47,m² land,818.4530716836841
47,kWh energy,128000.0
48,m3_wood,0.0
48,kg_cotton,0.0
48,m² land,0.0
48,kWh energy,109571.36281760204
49,m3_wood,0.0
49,kg_cotton,0.0
49,m² land,0.0
49,kWh energy,102500.0
50,m3_wood,516.2263057034488
50,kg_cotton,0.0
50,m² land,272.81769056122766
50,kWh energy,95000.0
51,m3_wood,0.0
51,kg_cotton,0.0
51,m² land,0.0
51,kWh energy,95571.36281760204
52,m3_wood,0.0
52,kg_cotton,0.0
52,m² land,0.0
52,kWh energy,94000.0
53,m3_wood,0.0
53,kg_cotton,0.0
53,m² land,0.0
53,kWh energy,89071.36281760204
54,m3_wood,0.0
54,kg_cotton,0.0
54,m² land,0.0
54,kWh energy,98000.0
55,m3_wood,0.0
55,kg_cotton,0.0
55,m² land,0.0
55,kWh energy,112500.0
56,m3_wood,0.0
56,kg_cotton,0.0
56,m² land,0.0
56,kWh energy,137000.0
57,m3_wood,0.0
57,kg_cotton,0.0
57,m² land,0.0
57,kWh energy,159071.36281760206
58,m3_wood,0.0
58,kg_cotton,0.0
58,m² land,0.0
58,kWh energy,165571.36281760206
59,m3_wood,0.0
59,kg_cotton,0.0
59,m² land,0.0
59,kWh energy,195500.0
60,m3_wood,0.0
60,kg_cotton,0.0
60,m² land,0.0
60,kWh energy,223500.0
61,m3_wood,0.0
61,kg_cotton,0.0
61,m² land,0.0
61,kWh energy,253500.0
62,m3_wood,0.0
62,kg_cotton,0.0
62,m² land,0.0
62,kWh energy,286000.0
63,m3_wood,0.0
63,kg_cotton,0.0
63,m² land,0.0
63,kWh energy,304500.0
64,m3_wood,0.0
64,kg_cotton,0.0
64,m² land,0.0
64,kWh energy,321000.0
65,m3_wood,0.0
65,kg_cotton,0.0
65,m² land,0.0
65,kWh energy,320000.0
0,m3_wood,nil
0,kg_cotton,nil
0,m² land,nil
0,kWh energy,nil
1,m3_wood,nil
1,kg_cotton,nil
1,m² land,nil
1,kWh energy,nil
2,m3_wood,0.0
2,kg_cotton,0.0
2,m² land,0.0
2,kWh energy,457502.7438022244
3,m3_wood,47289.24073803612
3,kg_cotton,0.0
3,m² land,19119.79710533993
3,kWh energy,438889.6939121277
4,m3_wood,76984.71479214518
4,kg_cotton,0.0
4,m² land,31863.560806637153
4,kWh energy,426327.159159848
5,m3_wood,93149.30174683889
5,kg_cotton,0.0
5,m² land,38706.923854695415
5,kWh energy,398850.46354240476
6,m3_wood,105434.56879367652
6,kg_cotton,0.0
6,m² land,43360.862143306826
6,kWh energy,402461.86939376657
7,m3_wood,125699.42361618232
7,kg_cotton,0.0
7,m² land,51522.04847258615
7,kWh energy,408015.3637524783
8,m3_wood,155880.90283512798
8,kg_cotton,0.0
8,m² land,64340.89990707502
8,kWh energy,438177.4561741263
9,m3_wood,191310.6235201437
9,kg_cotton,0.0
9,m² land,82425.8121888065
9,kWh energy,442516.17164783535
10,m3_wood,210435.12071422572
10,kg_cotton,0.0
10,m² land,92984.90278935191
10,kWh energy,444228.50485282234
11,m3_wood,214634.35384441767
11,kg_cotton,0.0
11,m² land,96229.94409504106
11,kWh energy,453947.0243548382
12,m3_wood,221606.12753871424
12,kg_cotton,0.0
12,m² land,99976.78558730247
12,kWh energy,437792.8466791474
13,m3_wood,160554.12172108114
13,kg_cotton,0.0
13,m² land,72114.4904801577
13,kWh energy,347291.55170811387
14,m3_wood,114168.79215405109
14,kg_cotton,0.0
14,m² land,51454.96234135286
14,kWh energy,257857.64878225813
15,m3_wood,87938.7156684414
15,kg_cotton,0.0
15,m² land,39747.97713663581
15,kWh energy,222499.0794464287
16,m3_wood,66314.26305703449
16,kg_cotton,0.0
16,m² land,30168.176905612276
16,kWh energy,184641.80508163277
17,m3_wood,45937.8104456276
17,kg_cotton,0.0
17,m² land,20942.541524489818
17,kWh energy,146213.16789923474
18,m3_wood,32941.58413992415
18,kg_cotton,0.0
18,m² land,15069.723833928594
18,kWh energy,134856.35381122454
19,m3_wood,17256.452611406898
19,kg_cotton,0.0
19,m² land,7825.635381122456
19,kWh energy,111285.45127040817
20,m3_wood,12780.678917110346
20,kg_cotton,0.0
20,m² land,5858.453071683684
20,kWh energy,106356.81408801021
21,m3_wood,7164.678917110346
21,kg_cotton,0.0
21,m² land,3338.453071683684
21,kWh energy,109999.53972321432
0,m3_wood,nil
0,kg_cotton,nil
0,m² land,nil
0,kWh energy,nil
0,m3_wood,nil
0,kg_cotton,nil
0,m² land,nil
0,kWh energy,nil
0,m3_wood,nil
0,kg_cotton,nil
0,m² land,nil
0,kWh energy,nil
0,m3_wood,nil
0,kg_cotton,nil
0,m² land,nil
0,kWh energy,nil
0,m3_wood,nil
0,kg_cotton,nil
0,m² land,nil
0,kWh energy,nil
1,m3_wood,nil
1,kg_cotton,nil
1,m² land,nil
1,kWh energy,nil
2,m3_wood,0.0
2,kg_cotton,0.0
2,m² land,0.0
2,kWh energy,241008.01581700207
3,m3_wood,16946.778505074108
3,kg_cotton,0.0
3,m² land,6890.964987566984
3,kWh energy,222840.8228172192
4,m3_wood,33302.671738562785
4,kg_cotton,0.0
4,m² land,13547.990811750107
4,kWh energy,218889.89522417818
5,m3_wood,46664.32904479288
5,kg_cotton,0.0
5,m² land,19185.99466226163
5,kWh energy,224386.14310878425
6,m3_wood,56607.650127682544
6,kg_cotton,0.0
6,m² land,23774.652043788883
6,kWh energy,225342.54644733842
7,m3_wood,70113.22045045166
7,kg_cotton,0.0
7,m² land,28867.130406279743
7,kWh energy,231665.62971617735
8,m3_wood,83088.65145097832
8,kg_cotton,0.0
8,m² land,34096.57937297167
8,kWh energy,250455.05175900966
9,m3_wood,106682.77002093373
9,kg_cotton,0.0
9,m² land,45260.537042832475
9,kWh energy,250299.03297617633
10,m3_wood,118179.67375227371
10,kg_cotton,0.0
10,m² land,51773.97788341999
10,kWh energy,248013.5817057681
11,m3_wood,123831.5984416975
11,kg_cotton,0.0
11,m² land,55450.73625798331
11,kWh energy,266870.39579377836
12,m3_wood,125122.18972255042
12,kg_cotton,0.0
12,m² land,56346.1067753032
12,kWh energy,244934.7376201035
13,m3_wood,106147.72564405555
13,kg_cotton,0.0
13,m² land,47820.85385763521
13,kWh energy,221218.89391947817
14,m3_wood,77471.60409115252
14,kg_cotton,0.0
14,m² land,35036.040539743175
14,kWh energy,172284.99099362252
15,m3_wood,63279.21217210812
15,kg_cotton,0.0
15,m² land,28343.47898434184
15,kWh energy,144356.81408801023
16,m3_wood,44281.3578342207
16,kg_cotton,0.0
16,m² land,20043.506220375213
16,kWh energy,119428.17690561226
17,m3_wood,23904.905222813795
17,kg_cotton,0.0
17,m² land,10891.270762244912
17,kWh energy,84856.81408801023
18,m3_wood,17449.357834220697
18,kg_cotton,0.0
18,m² land,8076.906143367368
18,kWh energy,70070.90254081636
19,m3_wood,11532.678917110346
19,kg_cotton,0.0
19,m² land,5298.453071683683
19,kWh energy,77214.08845280613
20,m3_wood,6864.0
20,kg_cotton,0.0
20,m² land,3080.0
20,kWh energy,65142.725635204086
21,m3_wood,3120.0
21,kg_cotton,0.0
21,m² land,1400.0
21,kWh energy,47714.08845280614
22,m3_wood,2496.0
22,kg_cotton,0.0
22,m² land,1120.0
22,kWh energy,59785.451270408186
23,m3_wood,1872.0
23,kg_cotton,0.0
23,m² land,840.0
23,kWh energy,51285.451270408186
24,m3_wood,0.0
24,kg_cotton,0.0
24,m² land,0.0
24,kWh energy,46714.08845280614
25,m3_wood,0.0
25,kg_cotton,0.0
25,m² land,0.0
25,kWh energy,47571.36281760204
26,m3_wood,0.0
26,kg_cotton,0.0
26,m² land,0.0
26,kWh energy,43500.0
27,m3_wood,0.0
27,kg_cotton,0.0
27,m² land,0.0
27,kWh energy,52571.36281760204
28,m3_wood,0.0
28,kg_cotton,0.0
28,m² land,0.0
28,kWh energy,58500.0
29,m3_wood,0.0
29,kg_cotton,0.0
29,m² land,0.0
29,kWh energy,69571.36281760204
30,m3_wood,0.0
30,kg_cotton,0.0
30,m² land,0.0
30,kWh energy,83000.0
31,m3_wood,0.0
31,kg_cotton,0.0
31,m² land,0.0
31,kWh energy,103071.36281760204
32,m3_wood,0.0
32,kg_cotton,0.0
32,m² land,0.0
32,kWh energy,135071.36281760206
33,m3_wood,0.0
33,kg_cotton,0.0
33,m² land,0.0
33,kWh energy,154071.36281760206
34,m3_wood,0.0
34,kg_cotton,0.0
34,m² land,0.0
34,kWh energy,162500.0
35,m3_wood,0.0
35,kg_cotton,0.0
35,m² land,0.0
35,kWh energy,180571.36281760206
36,m3_wood,516.2263057034489
36,kg_cotton,0.0
36,m² land,272.81769056122783
36,kWh energy,201142.7256352041
37,m3_wood,0.0
37,kg_cotton,0.0
37,m² land,0.0
37,kWh energy,212500.0
38,m3_wood,924.6789171103464
38,kg_cotton,0.0
38,m² land,538.4530716836839
38,kWh energy,209142.72563520411
39,m3_wood,624.0
39,kg_cotton,0.0
39,m² land,280.0
39,kWh energy,221571.36281760206
40,m3_wood,516.2263057034488
40,kg_cotton,0.0
40,m² land,272.81769056122766
40,kWh energy,209500.0
41,m3_wood,2581.131528517244
41,kg_cotton,0.0
41,m² land,1364.0884528061401
41,kWh energy,205500.0
42,m3_wood,1957.131528517244
42,kg_cotton,0.0
42,m² land,1084.08845280614
42,kWh energy,179500.0
43,m3_wood,2172.6789171103464
43,kg_cotton,0.0
43,m² land,1098.453071683684
43,kWh energy,149500.0
44,m3_wood,1032.4526114068976
44,kg_cotton,0.0
44,m² land,545.635381122456
44,kWh energy,134142.7256352041
45,m3_wood,2688.9052228137953
45,kg_cotton,0.0
45,m² land,1371.2707622449118
45,kWh energy,117500.0
46,m3_wood,1911.6647835150088
46,kg_cotton,0.0
46,m² land,1003.5062203752148
46,kWh energy,98071.36281760204
47,m3_wood,1656.4526114068976
47,kg_cotton,0.0
47,m² land,825.6353811224562
47,kWh energy,83571.36281760204
48,m3_wood,0.0
48,kg_cotton,0.0
48,m² land,0.0
48,kWh energy,87000.0
49,m3_wood,516.2263057034488
49,kg_cotton,0.0
49,m² land,272.8176905612279
49,kWh energy,72000.0
50,m3_wood,0.0
50,kg_cotton,0.0
50,m² land,0.0
50,kWh energy,62000.0
51,m3_wood,516.2263057034488
51,kg_cotton,0.0
51,m² land,272.8176905612281
51,kWh energy,49500.0
52,m3_wood,0.0
52,kg_cotton,0.0
52,m² land,0.0
52,kWh energy,43500.0
53,m3_wood,0.0
53,kg_cotton,0.0
53,m² land,0.0
53,kWh energy,55500.0
54,m3_wood,0.0
54,kg_cotton,0.0
54,m² land,0.0
54,kWh energy,53000.0
55,m3_wood,0.0
55,kg_cotton,0.0
55,m² land,0.0
55,kWh energy,61000.0
56,m3_wood,0.0
56,kg_cotton,0.0
56,m² land,0.0
56,kWh energy,63500.0
57,m3_wood,0.0
57,kg_cotton,0.0
57,m² land,0.0
57,kWh energy,73000.0
58,m3_wood,0.0
58,kg_cotton,0.0
58,m² land,0.0
58,kWh energy,83000.0
59,m3_wood,0.0
59,kg_cotton,0.0
59,m² land,0.0
59,kWh energy,85000.0
60,m3_wood,0.0
60,kg_cotton,0.0
60,m² land,0.0
60,kWh energy,106500.0
61,m3_wood,0.0
61,kg_cotton,0.0
61,m² land,0.0
61,kWh energy,128500.0
62,m3_wood,0.0
62,kg_cotton,0.0
62,m² land,0.0
62,kWh energy,141500.0
63,m3_wood,0.0
63,kg_cotton,0.0
63,m² land,0.0
63,kWh energy,163500.0
64,m3_wood,0.0
64,kg_cotton,0.0
64,m² land,0.0
64,kWh energy,172000.0
65,m3_wood,0.0
65,kg_cotton,0.0
65,m² land,0.0
65,kWh energy,193500.0
66,m3_wood,0.0
66,kg_cotton,0.0
66,m² land,0.0
66,kWh energy,196000.0
67,m3_wood,0.0
67,kg_cotton,0.0
67,m² land,0.0
67,kWh energy,195000.0
0,m3_wood,nil
0,kg_cotton,nil
0,m² land,nil
0,kWh energy,nil
1,m3_wood,nil
1,kg_cotton,nil
1,m² land,nil
1,kWh energy,nil
2,m3_wood,0.0
2,kg_cotton,0.0
2,m² land,0.0
2,kWh energy,242130.80078224782
3,m3_wood,14613.177733225344
3,kg_cotton,0.0
3,m² land,5819.62665328839
3,kWh energy,238582.34061325598
4,m3_wood,37508.27251041154
4,kg_cotton,0.0
4,m² land,15294.375089598383
4,kWh energy,217214.63070087603
5,m3_wood,46838.897876088166
5,kg_cotton,0.0
5,m² land,19126.351474136773
5,kWh energy,220644.1724411714
6,m3_wood,59220.93296776732
6,kg_cotton,0.0
6,m² land,24523.669211108663
6,kWh energy,213588.3742806463
7,m3_wood,69272.17756504728
7,kg_cotton,0.0
7,m² land,29120.657506296287
7,kWh energy,216021.1488331541
8,m3_wood,86163.51693951344
8,kg_cotton,0.0
8,m² land,35635.65428671624
8,kWh energy,238305.67954999098
9,m3_wood,102516.6187093662
9,kg_cotton,0.0
9,m² land,44353.18989713374
9,kWh energy,254301.24850078116
10,m3_wood,112669.32007603414
10,kg_cotton,0.0
10,m² land,49463.90008311189
10,kWh energy,248010.0712101297
11,m3_wood,115222.57315745449
11,kg_cotton,0.0
11,m² land,51208.706560093146
11,kWh energy,260365.13005032073
12,m3_wood,119714.6213758735
12,kg_cotton,0.0
12,m² land,53553.89696875222
12,kWh energy,257047.9393994108
13,m3_wood,100701.05819403322
13,kg_cotton,0.0
13,m² land,44562.1064830853
13,kWh energy,218431.6874012507
14,m3_wood,75736.57000632881
14,kg_cotton,0.0
14,m² land,33946.871702212135
14,kWh energy,168642.2653584184
15,m3_wood,60397.584139924154
15,kg_cotton,0.0
15,m² land,27389.72383392859
15,kWh energy,140070.90254081634
16,m3_wood,44065.81044562759
16,kg_cotton,0.0
16,m² land,20029.14160149767
16,kWh energy,118284.99099362249
17,m3_wood,30252.678917110345
17,kg_cotton,0.0
17,m² land,13698.453071683685
17,kWh energy,89429.93215343148
18,m3_wood,22140.67891711035
18,kg_cotton,0.0
18,m² land,10058.453071683685
18,kWh energy,87501.29497103352
19,m3_wood,15168.905222813795
19,kg_cotton,0.0
19,m² land,6971.270762244912
19,kWh energy,82213.62817602044
20,m3_wood,11124.226305703449
20,kg_cotton,0.0
20,m² land,5032.817690561227
20,kWh energy,70856.81408801023
21,m3_wood,6864.0
21,kg_cotton,0.0
21,m² land,3080.0
21,kWh energy,55642.725635204086
22,m3_wood,1872.0
22,kg_cotton,0.0
22,m² land,840.0
22,kWh energy,47571.36281760204
23,m3_wood,0.0
23,kg_cotton,0.0
23,m² land,0.0
23,kWh energy,49071.36281760204
24,m3_wood,0.0
24,kg_cotton,0.0
24,m² land,0.0
24,kWh energy,50642.725635204086
25,m3_wood,0.0
25,kg_cotton,0.0
25,m² land,0.0
25,kWh energy,53214.08845280613
26,m3_wood,0.0
26,kg_cotton,0.0
26,m² land,0.0
26,kWh energy,42000.0
27,m3_wood,0.0
27,kg_cotton,0.0
27,m² land,0.0
27,kWh energy,54642.725635204086
28,m3_wood,0.0
28,kg_cotton,0.0
28,m² land,0.0
28,kWh energy,64142.725635204086
29,m3_wood,0.0
29,kg_cotton,0.0
29,m² land,0.0
29,kWh energy,72571.36281760204
30,m3_wood,0.0
30,kg_cotton,0.0
30,m² land,0.0
30,kWh energy,84000.0
31,m3_wood,0.0
31,kg_cotton,0.0
31,m² land,0.0
31,kWh energy,102000.0
32,m3_wood,0.0
32,kg_cotton,0.0
32,m² land,0.0
32,kWh energy,127571.36281760204
33,m3_wood,0.0
33,kg_cotton,0.0
33,m² land,0.0
33,kWh energy,153500.0
34,m3_wood,516.2263057034488
34,kg_cotton,0.0
34,m² land,272.8176905612281
34,kWh energy,172000.0
35,m3_wood,0.0
35,kg_cotton,0.0
35,m² land,0.0
35,kWh energy,194000.0
36,m3_wood,516.2263057034488
36,kg_cotton,0.0
36,m² land,272.8176905612281
36,kWh energy,213071.36281760206
37,m3_wood,0.0
37,kg_cotton,0.0
37,m² land,0.0
37,kWh energy,212500.0
38,m3_wood,1032.4526114068976
38,kg_cotton,0.0
38,m² land,545.6353811224562
38,kWh energy,208571.36281760206
39,m3_wood,2019.43847781156
39,kg_cotton,0.0
39,m² land,1010.6885298139864
39,kWh energy,221000.0
40,m3_wood,2127.212172108111
40,kg_cotton,0.0
40,m² land,1017.8708392527587
40,kWh energy,212500.0
41,m3_wood,4081.234789843814
41,kg_cotton,0.0
41,m² land,2175.359215051053
41,kWh energy,203571.36281760206
42,m3_wood,2796.6789171103464
42,kg_cotton,0.0
42,m² land,1346.405254825494
42,kWh energy,175071.36281760206
43,m3_wood,1548.6789171103464
43,kg_cotton,0.0
43,m² land,818.4530716836844
43,kWh energy,157071.36281760206
44,m3_wood,2581.131528517244
44,kg_cotton,0.0
44,m² land,1364.0884528061401
44,kWh energy,135000.0
45,m3_wood,1656.4526114068976
45,kg_cotton,0.0
45,m² land,825.6353811224556
45,kWh energy,120142.72563520409
46,m3_wood,1032.4526114068976
46,kg_cotton,0.0
46,m² land,545.6353811224562
46,kWh energy,99000.0
47,m3_wood,1032.4526114068976
47,kg_cotton,0.0
47,m² land,545.635381122456
47,kWh energy,75071.36281760204
48,m3_wood,0.0
48,kg_cotton,0.0
48,m² land,0.0
48,kWh energy,65500.0
49,m3_wood,516.2263057034488
49,kg_cotton,0.0
49,m² land,272.8176905612281
49,kWh energy,70571.36281760204
50,m3_wood,0.0
50,kg_cotton,0.0
50,m² land,0.0
50,kWh energy,52500.0
51,m3_wood,516.2263057034488
51,kg_cotton,0.0
51,m² land,272.8176905612279
51,kWh energy,54500.0
52,m3_wood,516.2263057034488
52,kg_cotton,0.0
52,m² land,272.8176905612279
52,kWh energy,49500.0
53,m3_wood,0.0
53,kg_cotton,0.0
53,m² land,0.0
53,kWh energy,62000.0
54,m3_wood,0.0
54,kg_cotton,0.0
54,m² land,0.0
54,kWh energy,51500.0
55,m3_wood,0.0
55,kg_cotton,0.0
55,m² land,0.0
55,kWh energy,57000.0
56,m3_wood,0.0
56,kg_cotton,0.0
56,m² land,0.0
56,kWh energy,53000.0
57,m3_wood,0.0
57,kg_cotton,0.0
57,m² land,0.0
57,kWh energy,71000.0
58,m3_wood,0.0
58,kg_cotton,0.0
58,m² land,0.0
58,kWh energy,81000.0
59,m3_wood,0.0
59,kg_cotton,0.0
59,m² land,0.0
59,kWh energy,88000.0
60,m3_wood,0.0
60,kg_cotton,0.0
60,m² land,0.0
60,kWh energy,102500.0
61,m3_wood,0.0
61,kg_cotton,0.0
61,m² land,0.0
61,kWh energy,118571.36281760204
62,m3_wood,0.0
62,kg_cotton,0.0
62,m² land,0.0
62,kWh energy,143500.0
63,m3_wood,0.0
63,kg_cotton,0.0
63,m² land,0.0
63,kWh energy,156000.0
64,m3_wood,0.0
64,kg_cotton,0.0
64,m² land,0.0
64,kWh energy,180500.0
65,m3_wood,0.0
65,kg_cotton,0.0
65,m² land,0.0
65,kWh energy,204500.0
66,m3_wood,0.0
66,kg_cotton,0.0
66,m² land,0.0
66,kWh energy,202500.0
67,m3_wood,0.0
67,kg_cotton,0.0
67,m² land,0.0
67,kWh energy,207000.0
68,m3_wood,0.0
68,kg_cotton,0.0
68,m² land,0.0
68,kWh energy,201000.0
69,m3_wood,0.0
69,kg_cotton,0.0
69,m² land,0.0
69,kWh energy,193000.0
70,m3_wood,516.2263057034488
70,kg_cotton,0.0
70,m² land,272.8176905612281
70,kWh energy,182000.0
71,m3_wood,0.0
71,kg_cotton,0.0
71,m² land,0.0
71,kWh energy,186000.0
72,m3_wood,0.0
72,kg_cotton,0.0
72,m² land,0.0
72,kWh energy,169000.0
73,m3_wood,0.0
73,kg_cotton,0.0
73,m² land,0.0
73,kWh energy,141000.0
74,m3_wood,516.2263057034488
74,kg_cotton,0.0
74,m² land,272.8176905612281
74,kWh energy,117500.0
75,m3_wood,0.0
75,kg_cotton,0.0
75,m² land,0.0
75,kWh energy,99500.0
76,m3_wood,0.0
76,kg_cotton,0.0
76,m² land,0.0
76,kWh energy,88000.0
77,m3_wood,470.75956070121356
77,kg_cotton,0.0
77,m² land,192.2354581303025
77,kWh energy,84000.0
78,m3_wood,0.0
78,kg_cotton,0.0
78,m² land,0.0
78,kWh energy,71500.0
79,m3_wood,0.0
79,kg_cotton,0.0
79,m² land,0.0
79,kWh energy,71000.0
80,m3_wood,0.0
80,kg_cotton,0.0
80,m² land,0.0
80,kWh energy,45000.0
81,m3_wood,0.0
81,kg_cotton,0.0
81,m² land,0.0
81,kWh energy,56500.0
82,m3_wood,0.0
82,kg_cotton,0.0
82,m² land,0.0
82,kWh energy,62000.0
83,m3_wood,0.0
83,kg_cotton,0.0
83,m² land,0.0
83,kWh energy,54000.0
84,m3_wood,0.0
84,kg_cotton,0.0
84,m² land,0.0
84,kWh energy,64500.0
85,m3_wood,0.0
85,kg_cotton,0.0
85,m² land,0.0
85,kWh energy,72000.0
86,m3_wood,0.0
86,kg_cotton,0.0
86,m² land,0.0
86,kWh energy,75000.0
87,m3_wood,0.0
87,kg_cotton,0.0
87,m² land,0.0
87,kWh energy,97500.0
88,m3_wood,0.0
88,kg_cotton,0.0
88,m² land,0.0
88,kWh energy,111000.0
89,m3_wood,0.0
89,kg_cotton,0.0
89,m² land,0.0
89,kWh energy,122000.0
90,m3_wood,0.0
90,kg_cotton,0.0
90,m² land,0.0
90,kWh energy,137500.0
91,m3_wood,0.0
91,kg_cotton,0.0
91,m² land,0.0
91,kWh energy,142500.0
92,m3_wood,0.0
92,kg_cotton,0.0
92,m² land,0.0
92,kWh energy,145500.0
93,m3_wood,0.0
93,kg_cotton,0.0
93,m² land,0.0
93,kWh energy,167000.0
94,m3_wood,0.0
94,kg_cotton,0.0
94,m² land,0.0
94,kWh energy,185500.0
95,m3_wood,0.0
95,kg_cotton,0.0
95,m² land,0.0
95,kWh energy,190500.0
96,m3_wood,0.0
96,kg_cotton,0.0
96,m² land,0.0
96,kWh energy,196000.0
97,m3_wood,0.0
97,kg_cotton,0.0
97,m² land,0.0
97,kWh energy,183500.0
98,m3_wood,0.0
98,kg_cotton,0.0
98,m² land,0.0
98,kWh energy,180000.0
99,m3_wood,0.0
99,kg_cotton,0.0
99,m² land,0.0
99,kWh energy,165000.0
100,m3_wood,0.0
100,kg_cotton,0.0
100,m² land,0.0
100,kWh energy,165500.0
101,m3_wood,0.0
101,kg_cotton,0.0
101,m² land,0.0
101,kWh energy,150500.0
102,m3_wood,0.0
102,kg_cotton,0.0
102,m² land,0.0
102,kWh energy,146500.0
103,m3_wood,0.0
103,kg_cotton,0.0
103,m² land,0.0
103,kWh energy,122500.0
104,m3_wood,0.0
104,kg_cotton,0.0
104,m² land,0.0
104,kWh energy,111500.0
105,m3_wood,0.0
105,kg_cotton,0.0
105,m² land,0.0
105,kWh energy,83000.0
106,m3_wood,0.0
106,kg_cotton,0.0
106,m² land,0.0
106,kWh energy,78500.0
0,m3_wood,nil
0,kg_cotton,nil
0,m² land,nil
0,kWh energy,nil
1,m3_wood,nil
1,kg_cotton,nil
1,m² land,nil
1,kWh energy,nil
2,m3_wood,nil
2,kg_cotton,nil
2,m² land,nil
2,kWh energy,nil
3,m3_wood,nil
3,kg_cotton,nil
3,m² land,nil
3,kWh energy,nil
4,m3_wood,nil
4,kg_cotton,nil
4,m² land,nil
4,kWh energy,nil
5,m3_wood,nil
5,kg_cotton,nil
5,m² land,nil
5,kWh energy,nil
6,m3_wood,nil
6,kg_cotton,nil
6,m² land,nil
6,kWh energy,nil
7,m3_wood,nil
7,kg_cotton,nil
7,m² land,nil
7,kWh energy,nil
8,m3_wood,nil
8,kg_cotton,nil
8,m² land,nil
8,kWh energy,nil
9,m3_wood,nil
9,kg_cotton,nil
9,m² land,nil
9,kWh energy,nil
10,m3_wood,nil
10,kg_cotton,nil
10,m² land,nil
10,kWh energy,nil
11,m3_wood,nil
11,kg_cotton,nil
11,m² land,nil
11,kWh energy,nil
12,m3_wood,nil
12,kg_cotton,nil
12,m² land,nil
12,kWh energy,nil
13,m3_wood,nil
13,kg_cotton,nil
13,m² land,nil
13,kWh energy,nil
14,m3_wood,nil
14,kg_cotton,nil
14,m² land,nil
14,kWh energy,nil
15,m3_wood,nil
15,kg_cotton,nil
15,m² land,nil
15,kWh energy,nil
16,m3_wood,nil
16,kg_cotton,nil
16,m² land,nil
16,kWh energy,nil
17,m3_wood,nil
17,kg_cotton,nil
17,m² land,nil
17,kWh energy,nil
18,m3_wood,nil
18,kg_cotton,nil
18,m² land,nil
18,kWh energy,nil
19,m3_wood,nil
19,kg_cotton,nil
19,m² land,nil
19,kWh energy,nil
20,m3_wood,nil
20,kg_cotton,nil
20,m² land,nil
20,kWh energy,nil
21,m3_wood,nil
21,kg_cotton,nil
21,m² land,nil
21,kWh energy,nil
0,m3_wood,nil
0,kg_cotton,nil
0,m² land,nil
0,kWh energy,nil
1,m3_wood,nil
1,kg_cotton,nil
1,m² land,nil
1,kWh energy,nil
2,m3_wood,0.0
2,kg_cotton,26482500.0
2,m² land,870.2556158017188
2,kWh energy,10646217.319907047
3,m3_wood,22234112.0
3,kg_cotton,21202500.0
3,m² land,112300836.74670868
3,kWh energy,9028728.574748227
4,m3_wood,34860640.0
4,kg_cotton,16005000.0
4,m² land,176574325.94887698
4,kWh energy,7722756.777691685
5,m3_wood,46781610.0
5,kg_cotton,1567500.0
5,m² land,240027676.65143293
5,kWh energy,3697368.7374128583
6,m3_wood,78590617.0
6,kg_cotton,742500.0
6,m² land,412839986.8295895
6,kWh energy,2367924.4848954305
7,m3_wood,81056228.00388134
7,kg_cotton,165000.0
7,m² land,423310827.25647897
7,kWh energy,3966886.798496011
8,m3_wood,80908916.2263057
8,kg_cotton,82500.0
8,m² land,430948662.7110767
8,kWh energy,2506519.3648334625
9,m3_wood,81120896.0
9,kg_cotton,0.0
9,m² land,431013440.0
9,kWh energy,2727000.0
10,m3_wood,79996288.0
10,kg_cotton,0.0
10,m² land,432064360.0
10,kWh energy,3142500.0
11,m3_wood,81458032.0
11,kg_cotton,0.0
11,m² land,432019040.0
11,kWh energy,2829000.0
12,m3_wood,82485536.0
12,kg_cotton,0.0
12,m² land,432069420.0
12,kWh energy,2969500.0
13,m3_wood,83276842.85687606
13,kg_cotton,0.0
13,m² land,432332204.5867461
13,kWh energy,3496707.644577811
14,m3_wood,80916384.0
14,kg_cotton,0.0
14,m² land,431613550.0
14,kWh energy,2142500.402788536
15,m3_wood,80532209.0
15,kg_cotton,0.0
15,m² land,432431565.0281952
15,kWh energy,2122000.0
16,m3_wood,77186352.0
16,kg_cotton,0.0
16,m² land,431648440.0
16,kWh energy,1197000.0
17,m3_wood,75977392.0
17,kg_cotton,0.0
17,m² land,431448740.0
17,kWh energy,2339500.0
18,m3_wood,80301680.0
18,kg_cotton,0.0
18,m² land,432735100.0
18,kWh energy,1552500.0
19,m3_wood,81415968.0
19,kg_cotton,0.0
19,m² land,432841460.0
19,kWh energy,1939500.0
20,m3_wood,78409712.0
20,kg_cotton,0.0
20,m² land,431722640.0
20,kWh energy,1210500.0
21,m3_wood,77806800.0
21,kg_cotton,0.0
21,m² land,432157500.0
21,kWh energy,1145500.0
22,m3_wood,74344368.0
22,kg_cotton,0.0
22,m² land,432153460.0
22,kWh energy,1086500.0
23,m3_wood,76893536.0
23,kg_cotton,0.0
23,m² land,432146420.0
23,kWh energy,1489642.725635204
24,m3_wood,79513136.0
24,kg_cotton,0.0
24,m² land,432160420.0
24,kWh energy,1515000.0
25,m3_wood,79190288.0
25,kg_cotton,0.0
25,m² land,432905360.0
25,kWh energy,1794836.8734180517
26,m3_wood,81114565.26698709
26,kg_cotton,0.0
26,m² land,432388050.94653124
26,kWh energy,2338807.1041951533
27,m3_wood,76082400.0
27,kg_cotton,0.0
27,m² land,431510534.9718048
27,kWh energy,1605499.597211464
28,m3_wood,78731088.0
28,kg_cotton,0.0
28,m² land,431714860.0
28,kWh energy,1501500.0
29,m3_wood,79529968.0
29,kg_cotton,0.0
29,m² land,432118460.0
29,kWh energy,2183000.0
30,m3_wood,81734192.9052228
30,kg_cotton,0.0
30,m² land,432566251.2707622
30,kWh energy,2228500.0
31,m3_wood,81858462.67891711
31,kg_cotton,0.0
31,m² land,433634068.5094621
31,kWh energy,2783000.402788536
32,m3_wood,81527830.0
32,kg_cotton,0.0
32,m² land,433685290.1691712
32,kWh energy,2454751.812548413
33,m3_wood,80321826.0
33,kg_cotton,0.0
33,m² land,432749410.0563904
33,kWh energy,3024500.4027885357
34,m3_wood,79858385.0
34,kg_cotton,0.0
34,m² land,431713965.0281952
34,kWh energy,3042750.2013942683
35,m3_wood,80579538.0
35,kg_cotton,0.0
35,m² land,431638650.0563904
35,kWh energy,2425000.4027885357
36,m3_wood,80742711.13152851
36,kg_cotton,0.0
36,m² land,431562634.1448432
36,kWh energy,1710250.2013942678
37,m3_wood,80620264.45261142
37,kg_cotton,0.0
37,m² land,432426085.6353811
37,kWh energy,1491000.0
38,m3_wood,78240804.2263057
38,kg_cotton,0.0
38,m² land,433302132.81769055
38,kWh energy,2008500.0
39,m3_wood,82056326.61356445
39,kg_cotton,0.0
39,m² land,434711392.8070156
39,kWh energy,3200890.1129005835
40,m3_wood,83634212.2263057
40,kg_cotton,0.0
40,m² land,434480392.81769055
40,kWh energy,2474274.51541249
41,m3_wood,80610260.22630571
41,kg_cotton,0.0
41,m² land,434943952.81769055
41,kWh energy,2166071.362817602
42,m3_wood,79740896.0
42,kg_cotton,0.0
42,m² land,434895106.4413633
42,kWh energy,1043500.0
43,m3_wood,78121632.9052228
43,kg_cotton,0.0
43,m² land,435753028.559369
43,kWh energy,1361071.362817602
44,m3_wood,78057548.67891711
44,kg_cotton,0.0
44,m² land,435451478.4530717
44,kWh energy,1059000.0
45,m3_wood,78694160.0
45,kg_cotton,0.0
45,m² land,435246700.0
45,kWh energy,1176500.0
46,m3_wood,77449824.0
46,kg_cotton,0.0
46,m² land,435163780.0
46,kWh energy,1414500.0
47,m3_wood,61868016.0
47,kg_cotton,0.0
47,m² land,333981020.0
47,kWh energy,859500.0
48,m3_wood,7412944.0
48,kg_cotton,0.0
48,m² land,40909180.0
48,kWh energy,183500.0
49,m3_wood,7315664.0
49,kg_cotton,0.0
49,m² land,39992580.0
49,kWh energy,221500.0
50,m3_wood,7303264.0
50,kg_cotton,9240000.0
50,m² land,39913316.266460106
50,kWh energy,3785168.8613477987
51,m3_wood,7367538.7286270065
51,kg_cotton,16252500.0
51,m² land,41848314.792016745
51,kWh energy,6908557.291599118
52,m3_wood,7275811.295931418
52,kg_cotton,22357500.0
52,m² land,38958565.285353586
52,kWh energy,8847997.668474022
53,m3_wood,4746608.0
53,kg_cotton,43395000.0
53,m² land,29608552.176607274
53,kWh energy,17155685.90240127
54,m3_wood,4097232.0
54,kg_cotton,64350000.0
54,m² land,20061887.776917115
54,kWh energy,24349604.570100788
55,m3_wood,2941024.0
55,kg_cotton,61627500.0
55,m² land,14069803.377226954
55,kWh energy,24115965.530596513
56,m3_wood,2304832.0
56,kg_cotton,71857500.0
56,m² land,12047077.955073584
56,kWh energy,27912116.971340172
57,m3_wood,1971456.0
57,kg_cotton,49005000.0
57,m² land,11014078.756952986
57,kWh energy,20177060.164436035
58,m3_wood,2234070.941974145
58,kg_cotton,39022500.0
58,m² land,12021746.629977295
58,kWh energy,16847473.554386016
59,m3_wood,2171108.2280627214
59,kg_cotton,53542500.0
59,m² land,11072041.560417967
59,kWh energy,21974467.950755447
60,m3_wood,2219016.452611407
60,kg_cotton,55522500.0
60,m² land,12009601.057534492
60,kWh energy,21327032.532920267
61,m3_wood,2354302.083478276
61,kg_cotton,67320000.0
61,m² land,12071812.794755206
61,kWh energy,27133288.5078104
62,m3_wood,2189244.1032613264
62,kg_cotton,43972500.0
62,m² land,11055487.66430867
62,kWh energy,17102524.60883041
63,m3_wood,2125516.6789171104
63,kg_cotton,45127500.0
63,m² land,11040561.16414837
63,kWh energy,17827092.56390399
64,m3_wood,2123468.978725476
64,kg_cotton,48180000.0
64,m² land,11045367.411345717
64,kWh energy,18505809.062742103
65,m3_wood,2250217.3595912387
65,kg_cotton,42900000.0
65,m² land,12011651.030833535
65,kWh energy,16289569.713400496
66,m3_wood,1963660.6789171104
66,kg_cotton,48097500.0
66,m² land,10987458.453071684
66,kWh energy,18257054.742888052
67,m3_wood,1734384.0
67,kg_cotton,66165000.0
67,m² land,9974480.0
67,kWh energy,24569733.749031857
68,m3_wood,1904640.0
68,kg_cotton,39517500.0
68,m² land,10931800.0
68,kWh energy,14995775.755228553
69,m3_wood,2091504.0
69,kg_cotton,61545000.0
69,m² land,11015880.0
69,kWh energy,23206446.165763047
70,m3_wood,1958464.0
70,kg_cotton,73012500.0
70,m² land,10947580.0
70,kWh energy,27329637.87761439
71,m3_wood,2051544.4526114068
71,kg_cotton,50242500.0
71,m² land,11913185.635381123
71,kWh energy,18828293.183578663
72,m3_wood,2121468.6789171104
72,kg_cotton,72682500.0
72,m² land,11971718.453071684
72,kWh energy,26851128.038967725
73,m3_wood,2027824.0
73,kg_cotton,104527500.0
73,m² land,11009120.0
73,kWh energy,38390386.82029445
74,m3_wood,2030981.1315285172
74,kg_cotton,130350000.0
74,m² land,11022364.088452807
74,kWh energy,47941096.436870694
75,m3_wood,2058488.4526114068
75,kg_cotton,68145000.0
75,m² land,11909865.635381123
75,kWh energy,25815995.35244007
76,m3_wood,2275520.0
76,kg_cotton,76312500.0
76,m² land,12007400.0
76,kWh energy,29218912.470952887
77,m3_wood,2253616.0
77,kg_cotton,36052500.0
77,m² land,12018020.0
77,kWh energy,14226962.432223136
78,m3_wood,2209872.0
78,kg_cotton,37537500.0
78,m² land,11982840.0
78,kWh energy,14278310.999225449
79,m3_wood,2047760.0
79,kg_cotton,40342500.0
79,m² land,11025700.0
79,kWh energy,15526969.403563185
80,m3_wood,2109632.0
80,kg_cotton,54120000.0
80,m² land,11043040.0
80,kWh energy,20666203.330751408
81,m3_wood,2163308.6789171104
81,kg_cotton,53460000.0
81,m² land,11991518.453071684
81,kWh energy,20608048.412083715
82,m3_wood,2274224.0
82,kg_cotton,85470000.0
82,m² land,12036780.0
82,kWh energy,32801061.967467263
83,m3_wood,2262960.0
83,kg_cotton,65917500.0
83,m² land,12048700.0
83,kWh energy,26413472.501936615
84,m3_wood,2366736.0
84,kg_cotton,39517500.0
84,m² land,12042920.0
84,kWh energy,15748775.75522856
0,m3_wood,nil
0,kg_cotton,nil
0,m² land,nil
0,kWh energy,nil
1,m3_wood,nil
1,kg_cotton,nil
1,m² land,nil
1,kWh energy,nil
2,m3_wood,302016.0
2,kg_cotton,24172500.0
2,m² land,136314.3454686297
2,kWh energy,10330175.104570093
3,m3_wood,25149697.0
3,kg_cotton,17077500.0
3,m² land,126428101.19287427
3,kWh energy,8174759.124709497
4,m3_wood,42238999.0
4,kg_cotton,11467500.0
4,m² land,212674596.95244002
4,kWh energy,6434442.31603407
5,m3_wood,54257218.0
5,kg_cotton,7837500.0
5,m² land,279778042.6932609
5,kWh energy,5067340.061967467
6,m3_wood,61862611.0
6,kg_cotton,5032500.0
6,m² land,323837690.40387285
6,kWh energy,4047181.657629748
7,m3_wood,67559697.0
7,kg_cotton,3300000.0
7,m² land,357898985.8447713
7,kWh energy,3499524.794732767
8,m3_wood,71059795.0
8,kg_cotton,1980000.0
8,m² land,377957335.12223077
8,kWh energy,3103965.158791635
9,m3_wood,73942466.0
9,kg_cotton,1402500.0
9,m² land,393988458.46181256
9,kWh energy,2865079.4035631297
10,m3_wood,75353202.0
10,kg_cotton,1072500.0
10,m² land,402007885.3003873
10,kWh energy,2765501.94422928
11,m3_wood,76133184.0
11,kg_cotton,495000.0
11,m² land,405023761.6886135
11,kWh energy,2572616.189000775
12,m3_wood,77469280.0
12,kg_cotton,165000.0
12,m² land,412029805.42215335
12,kWh energy,2492038.729666925
13,m3_wood,78119664.0
13,kg_cotton,0.0
13,m² land,415878640.0
13,kWh energy,1855000.0
14,m3_wood,77919936.0
14,kg_cotton,0.0
14,m² land,417595220.0
14,kWh energy,1462000.0
15,m3_wood,77513824.0
15,kg_cotton,0.0
15,m² land,417345280.0
15,kWh energy,1363500.0
16,m3_wood,77042688.0
16,kg_cotton,0.0
16,m² land,417176360.0
16,kWh energy,1300500.0
17,m3_wood,77084240.0
17,kg_cotton,0.0
17,m² land,418021300.0
17,kWh energy,1318000.0
18,m3_wood,76819344.0
18,kg_cotton,0.0
18,m² land,417901180.0
18,kWh energy,1316000.0
19,m3_wood,76602560.0
19,kg_cotton,0.0
19,m² land,417764200.0
19,kWh energy,1289000.0
20,m3_wood,76122352.0
20,kg_cotton,0.0
20,m² land,416581440.0
20,kWh energy,1272500.0
21,m3_wood,76443520.0
21,kg_cotton,0.0
21,m² land,418541400.0
21,kWh energy,1226500.0
22,m3_wood,75988544.0
22,kg_cotton,0.0
22,m² land,418431680.0
22,kWh energy,1240000.0
23,m3_wood,75923840.0
23,kg_cotton,0.0
23,m² land,419470800.0
23,kWh energy,1189000.0
24,m3_wood,75825472.0
24,kg_cotton,0.0
24,m² land,418468840.0
24,kWh energy,1207500.0
25,m3_wood,75621056.0
25,kg_cotton,0.0
25,m² land,418387820.0
25,kWh energy,1168000.0
26,m3_wood,75679632.0
26,kg_cotton,0.0
26,m² land,418384540.0
26,kWh energy,1216500.0
27,m3_wood,75756784.0
27,kg_cotton,0.0
27,m² land,417453480.0
27,kWh energy,1265500.0
28,m3_wood,76107904.0
28,kg_cotton,0.0
28,m² land,417584380.0
28,kWh energy,1371000.0
29,m3_wood,76426480.0
29,kg_cotton,0.0
29,m² land,417711100.0
29,kWh energy,1449000.0
30,m3_wood,76331712.0
30,kg_cotton,0.0
30,m² land,416778140.0
30,kWh energy,1577000.0
31,m3_wood,76134192.0
31,kg_cotton,0.0
31,m² land,415756380.0
31,kWh energy,1756500.0
32,m3_wood,75895040.0
32,kg_cotton,0.0
32,m² land,412933160.0
32,kWh energy,1841000.0
33,m3_wood,76122432.0
33,kg_cotton,0.0
33,m² land,413954540.0
33,kWh energy,1994000.0
34,m3_wood,76466640.0
34,kg_cotton,0.0
34,m² land,414143800.0
34,kWh energy,2118500.0
35,m3_wood,77030560.0
35,kg_cotton,0.0
35,m² land,415278660.0
35,kWh energy,2249000.0
36,m3_wood,76935216.0
36,kg_cotton,0.0
36,m² land,414391200.0
36,kWh energy,2280000.0
37,m3_wood,76792080.0
37,kg_cotton,0.0
37,m² land,414366980.0
37,kWh energy,2296000.0
38,m3_wood,77238608.0
38,kg_cotton,0.0
38,m² land,415438660.0
38,kWh energy,2293500.0
39,m3_wood,77235296.0
39,kg_cotton,0.0
39,m² land,414529920.0
39,kWh energy,2255500.0
40,m3_wood,77216032.0
40,kg_cotton,0.0
40,m² land,414530560.0
40,kWh energy,2146500.0
41,m3_wood,77275168.0
41,kg_cotton,0.0
41,m² land,415445420.0
41,kWh energy,2003500.0
42,m3_wood,77499104.0
42,kg_cotton,0.0
42,m² land,415446180.0
42,kWh energy,1846500.0
43,m3_wood,77349904.0
43,kg_cotton,0.0
43,m² land,415375780.0
43,kWh energy,1740000.0
44,m3_wood,77349968.0
44,kg_cotton,0.0
44,m² land,417265020.0
44,kWh energy,1565000.0
45,m3_wood,77028624.0
45,kg_cotton,0.0
45,m² land,416218780.0
45,kWh energy,1445500.0
46,m3_wood,76535648.0
46,kg_cotton,0.0
46,m² land,416076060.0
46,kWh energy,1381000.0
47,m3_wood,76424448.0
47,kg_cotton,0.0
47,m² land,415972560.0
47,kWh energy,1322000.0
48,m3_wood,76517920.0
48,kg_cotton,0.0
48,m² land,416885400.0
48,kWh energy,1285000.0
49,m3_wood,65374992.0
49,kg_cotton,0.0
49,m² land,357834740.0
49,kWh energy,1070000.0
50,m3_wood,7433824.0
50,kg_cotton,9982500.0
50,m² land,40025590.48799379
50,kWh energy,3884843.1448489614
51,m3_wood,7315760.0
51,kg_cotton,26070000.0
51,m² land,39968933.199070476
51,kWh energy,9832619.28737413
52,m3_wood,7317248.0
52,kg_cotton,41002500.0
52,m² land,40941031.510457
52,kWh energy,15327624.3222308
53,m3_wood,7318864.0
53,kg_cotton,57420000.0
53,m² land,39957902.35476374
53,kWh energy,21366977.924089894
54,m3_wood,7316416.0
54,kg_cotton,74250000.0
54,m² land,39951039.643687055
54,kWh energy,27607928.350116268
55,m3_wood,7271168.0
55,kg_cotton,90997500.0
55,m² land,40834745.06584042
55,kWh energy,33734359.4113091
56,m3_wood,7091040.0
56,kg_cotton,104197500.0
56,m² land,40694470.48799379
56,kWh energy,38614457.78466308
57,m3_wood,6262272.0
57,kg_cotton,113602500.0
57,m² land,33913832.53292021
57,kWh energy,42036665.375677824
58,m3_wood,5312256.0
58,kg_cotton,124245000.0
58,m² land,28956665.065840434
58,kWh energy,45978663.43919446
59,m3_wood,3942992.0
59,kg_cotton,132165000.0
59,m² land,21956337.955073584
59,kWh energy,48853022.46320681
60,m3_wood,3191984.0
60,kg_cotton,138187500.0
60,m² land,17939284.39969016
60,kWh energy,51156436.0960496
61,m3_wood,2908352.0
61,kg_cotton,145282500.0
61,m² land,15976977.955073586
61,kWh energy,53860101.471727386
62,m3_wood,2950224.0
62,kg_cotton,147757500.0
62,m² land,15988796.26646011
62,kWh energy,54907182.416731276
63,m3_wood,2996112.0
63,kg_cotton,149490000.0
63,m² land,17838224.399690162
63,kWh energy,55663589.07823401
64,m3_wood,3274096.0
64,kg_cotton,153037500.0
64,m² land,17984256.266460106
64,kWh energy,57045421.76607287
65,m3_wood,2945216.0
65,kg_cotton,153862500.0
65,m² land,15990525.422153369
65,kWh energy,57347615.41440754
66,m3_wood,3000464.0
66,kg_cotton,153202500.0
66,m² land,16917150.844306737
66,kWh energy,57129960.49573983
67,m3_wood,3202352.0
67,kg_cotton,155512500.0
67,m² land,17014516.26646011
67,kWh energy,57909971.12188576
68,m3_wood,3196112.0
68,kg_cotton,155677500.0
68,m² land,17905580.0
68,kWh energy,57945859.36064717
69,m3_wood,2977984.0
69,kg_cotton,156750000.0
69,m² land,16039045.422153369
69,kWh energy,58233274.23006416
70,m3_wood,3177376.0
70,kg_cotton,158895000.0
70,m² land,17042170.844306737
70,kWh energy,58955271.39789597
71,m3_wood,3135504.0
71,kg_cotton,159390000.0
71,m² land,17017958.977536794
71,kWh energy,58963912.85824947
72,m3_wood,3252368.0
72,kg_cotton,158730000.0
72,m² land,17052976.266460106
72,kWh energy,58600257.93958181
73,m3_wood,3282368.0
73,kg_cotton,161947500.0
73,m² land,17067960.0
73,kWh energy,59694513.16808679
74,m3_wood,3222384.0
74,kg_cotton,158317500.0
74,m² land,17060980.0
74,kWh energy,58268161.115414485
75,m3_wood,3328016.0
75,kg_cotton,159142500.0
75,m² land,17096020.0
75,kWh energy,58525854.76374909
76,m3_wood,3249904.0
76,kg_cotton,160132500.0
76,m² land,17066380.0
76,kWh energy,58833087.14175066
77,m3_wood,3253040.0
77,kg_cotton,161205000.0
77,m² land,17063800.0
77,kWh energy,59208338.88458566
78,m3_wood,3424528.0
78,kg_cotton,162855000.0
78,m² land,18043660.0
78,kWh energy,59840726.18125493
79,m3_wood,3218672.0
79,kg_cotton,164422500.0
79,m² land,17028842.711076684
79,kWh energy,60407094.11309076
80,m3_wood,3222400.0
80,kg_cotton,162690000.0
80,m² land,17039000.0
80,kWh energy,59728687.45158797
81,m3_wood,2970912.0
81,kg_cotton,163762500.0
81,m² land,16005642.711076684
81,kWh energy,60091439.19442305
82,m3_wood,2961520.0
82,kg_cotton,164670000.0
82,m² land,16013900.0
82,kWh energy,60432152.20759108
83,m3_wood,2753776.0
83,kg_cotton,162277500.0
83,m² land,14993560.0
83,kWh energy,59585577.991744295
84,m3_wood,2769392.0
84,kg_cotton,161865000.0
84,m² land,15009740.0
84,kWh energy,59468493.803253315
85,m3_wood,2595392.0
85,kg_cotton,158895000.0
85,m² land,14001242.711076684
85,kWh energy,58450296.66924872
86,m3_wood,2477904.0
86,kg_cotton,157245000.0
86,m² land,13947388.133230053
86,kWh energy,57899909.37257949
87,m3_wood,2412880.0
87,kg_cotton,158400000.0
87,m² land,13918608.133230055
87,kWh energy,58418180.48024799
88,m3_wood,2489744.0
88,kg_cotton,157822500.0
88,m² land,13956690.844306739
88,kWh energy,58361044.926413685
89,m3_wood,2360736.0
89,kg_cotton,161040000.0
89,m² land,12979433.555383423
89,kWh energy,59610300.15491878
90,m3_wood,2243248.0
90,kg_cotton,160710000.0
90,m² land,12925560.0
90,kWh energy,59566722.6955849
91,m3_wood,2331984.0
91,kg_cotton,157657500.0
91,m² land,12964980.0
91,kWh energy,58471006.19674679
92,m3_wood,1966480.0
92,kg_cotton,159472500.0
92,m² land,11878425.422153369
92,kWh energy,59228432.22308296
93,m3_wood,2192608.0
93,kg_cotton,159142500.0
93,m² land,11982945.422153369
93,kWh energy,59119354.763749115
94,m3_wood,2120480.0
94,kg_cotton,159720000.0
94,m² land,11978108.133230055
94,kWh energy,59376490.31758334
95,m3_wood,2275120.0
95,kg_cotton,159720000.0
95,m² land,12932410.844306739
95,kWh energy,59368990.31758329
96,m3_wood,2147984.0
96,kg_cotton,159390000.0
96,m² land,11969542.711076684
96,kWh energy,59191749.73166754
97,m3_wood,2207360.0
97,kg_cotton,155347500.0
97,m² land,11995262.711076684
97,kWh energy,57676775.58347507
98,m3_wood,2244240.0
98,kg_cotton,126720000.0
98,m² land,12004862.711076684
98,kWh energy,47187108.679554395
99,m3_wood,2258624.0
99,kg_cotton,100732500.0
99,m² land,12007280.0
99,kWh energy,37664644.46165766
100,m3_wood,2370112.0
100,kg_cotton,80767500.0
100,m² land,12987460.0
100,kWh energy,30329458.17195984
101,m3_wood,2365744.0
101,kg_cotton,66660000.0
101,m² land,12995680.0
101,kWh energy,25154646.785437737
102,m3_wood,2678752.0
102,kg_cotton,54285000.0
102,m² land,14955219.24089852
102,kWh energy,20658235.742580134
103,m3_wood,2741248.0
103,kg_cotton,42652500.0
103,m² land,14995060.0
103,kWh energy,16448511.618900076
104,m3_wood,2677888.0
104,kg_cotton,35062500.0
104,m² land,14046860.0
104,kWh energy,13692730.05422154
105,m3_wood,2709136.0
105,kg_cotton,29205000.0
105,m² land,14048920.0
105,kWh energy,11604355.151045702
106,m3_wood,2851904.0
106,kg_cotton,22852500.0
106,m² land,15037880.0
106,kWh energy,9354864.058869079
107,m3_wood,2848144.0
107,kg_cotton,17820000.0
107,m² land,15035680.0
107,kWh energy,7587182.804027872
108,m3_wood,2965280.0
108,kg_cotton,12705000.0
108,m² land,16007100.0
108,kWh energy,5841482.184353213
109,m3_wood,2952768.0
109,kg_cotton,9817500.0
109,m² land,15995960.0
109,kWh energy,4794304.41518203
110,m3_wood,2911520.0
110,kg_cotton,9075000.0
110,m² land,15984400.0
110,kWh energy,4538630.131680868
111,m3_wood,2544144.0
111,kg_cotton,8910000.0
111,m² land,13989182.711076684
111,kWh energy,4492591.402013943
112,m3_wood,2614400.0
112,kg_cotton,8002500.0
112,m² land,14928000.0
112,kWh energy,4268378.388845856
113,m3_wood,2686272.0
113,kg_cotton,7920000.0
113,m² land,14959340.0
113,kWh energy,4344859.024012393
114,m3_wood,2517264.0
114,kg_cotton,7342500.0
114,m² land,13975582.711076684
114,kWh energy,4196223.470178157
115,m3_wood,2525376.0
115,kg_cotton,7095000.0
115,m² land,13970225.422153369
115,kWh energy,4172165.375677769
116,m3_wood,2380752.0
116,kg_cotton,7095000.0
116,m² land,12989940.0
116,kWh energy,4219665.375677768
117,m3_wood,2243872.0
117,kg_cotton,6765000.0
117,m² land,12934840.0
117,kWh energy,4137587.9163439185
118,m3_wood,2153616.0
118,kg_cotton,6187500.0
118,m² land,11968082.711076684
118,kWh energy,4012452.362509682
119,m3_wood,2101120.0
119,kg_cotton,6600000.0
119,m² land,11937968.133230053
119,kWh energy,4228049.186676995
120,m3_wood,2241376.0
120,kg_cotton,6352500.0
120,m² land,12911225.422153369
120,kWh energy,4186491.0921766073
121,m3_wood,2367600.0
121,kg_cotton,6022500.0
121,m² land,12978008.133230055
121,kWh energy,4127913.6328427573
122,m3_wood,2336976.0
122,kg_cotton,6352500.0
122,m² land,12962730.844306739
122,kWh energy,4252991.092176607
123,m3_wood,2540352.0
123,kg_cotton,6930000.0
123,m² land,13976940.0
123,kWh energy,4481126.646010844
124,m3_wood,2510976.0
124,kg_cotton,6847500.0
124,m² land,13971220.0
124,kWh energy,4391107.281177382
125,m3_wood,2567232.0
125,kg_cotton,6847500.0
125,m² land,13995040.0
125,kWh energy,4358607.281177381
126,m3_wood,2360736.0
126,kg_cotton,6517500.0
126,m² land,12997420.0
126,kWh energy,4182529.821843532
127,m3_wood,2419488.0
127,kg_cotton,6352500.0
127,m² land,13013428.133230055
127,kWh energy,4055991.0921766064
128,m3_wood,2582224.0
128,kg_cotton,5857500.0
128,m² land,14002743.594113087
128,kWh energy,3784374.903175832
129,m3_wood,2524752.0
129,kg_cotton,6022500.0
129,m² land,13961354.79473276
129,kWh energy,3764413.632842757
130,m3_wood,2642256.0
130,kg_cotton,6682500.0
130,m² land,14028825.422153369
130,kWh energy,3964405.424928508
131,m3_wood,2626912.0
131,kg_cotton,6600000.0
131,m² land,14925642.711076684
131,kWh energy,3877886.0600950457
132,m3_wood,2840016.0
132,kg_cotton,6517500.0
132,m² land,15031520.0
132,kWh energy,3809529.8218435314
133,m3_wood,2854384.0
133,kg_cotton,6682500.0
133,m² land,15029480.0
133,kWh energy,3832068.551510457
134,m3_wood,2766512.0
134,kg_cotton,6022500.0
134,m² land,15880200.0
134,kWh energy,3551413.6328427577
135,m3_wood,2858144.0
135,kg_cotton,6517500.0
135,m² land,15031660.666150272
135,kWh energy,3692529.821843532
136,m3_wood,2815648.0
136,kg_cotton,6682500.0
136,m² land,15028560.0
136,kWh energy,3743568.551510457
137,m3_wood,2808768.0
137,kg_cotton,6187500.0
137,m² land,15033960.0
137,kWh energy,3606452.3625096823
138,m3_wood,2810016.0
138,kg_cotton,6270000.0
138,m² land,15030020.0
138,kWh energy,3677471.7273431444
139,m3_wood,2887152.0
139,kg_cotton,6352500.0
139,m² land,15985940.0
139,kWh energy,3703491.0921766073
140,m3_wood,2815280.0
140,kg_cotton,5692500.0
140,m² land,15927602.711076684
140,kWh energy,3473836.173508908
141,m3_wood,3023648.0
141,kg_cotton,5362500.0
141,m² land,16949118.48179706
141,kWh energy,3414758.714175058
142,m3_wood,3700912.0
142,kg_cotton,5197500.0
142,m² land,20921865.08133221
142,kWh energy,3391584.279864206
143,m3_wood,3976144.0
143,kg_cotton,5445000.0
143,m² land,21961700.0
143,kWh energy,3548114.952426572
144,m3_wood,4758784.0
144,kg_cotton,5032500.0
144,m² land,25984507.03330742
144,kWh energy,3454181.254841208
145,m3_wood,6327536.0
145,kg_cotton,5115000.0
145,m² land,34033776.82416712
145,kWh energy,3573200.6196746705
146,m3_wood,8233152.0
146,kg_cotton,5527500.0
146,m² land,45011567.03330731
146,kWh energy,3775368.806659585
147,m3_wood,10457824.0
147,kg_cotton,5857500.0
147,m² land,56089307.7149492
147,kWh energy,3930211.7765938845
148,m3_wood,11352400.0
148,kg_cotton,7920000.0
148,m² land,61946437.7226951
148,kWh energy,4690723.319368465
149,m3_wood,13926448.0
149,kg_cotton,11385000.0
149,m² land,75953943.62509611
149,kWh energy,5908672.347017814
150,m3_wood,13161792.0
150,kg_cotton,17077500.0
150,m² land,70157733.19907
150,kWh energy,7901008.520526719
151,m3_wood,12755344.0
151,kg_cotton,25162500.0
151,m² land,67173481.81254768
151,kWh energy,10734906.274206044
152,m3_wood,12452112.0
152,kg_cotton,33412500.0
152,m² land,64221612.254065655
152,kWh energy,13723842.757552277
153,m3_wood,15094032.0
153,kg_cotton,43395000.0
153,m² land,77439889.41905405
153,kWh energy,17275757.265218846
154,m3_wood,14144448.0
154,kg_cotton,55357500.0
154,m² land,76861836.88613406
154,kWh energy,21498493.80325332
155,m3_wood,11754352.0
155,kg_cotton,67320000.0
155,m² land,62312256.1425245
155,kWh energy,25717801.70410541
156,m3_wood,6795808.0
156,kg_cotton,81510000.0
156,m² land,36043840.99147902
156,kWh energy,30735132.45546092
157,m3_wood,4552144.0
157,kg_cotton,95947500.0
157,m² land,24034213.24554594
157,kWh energy,35851521.301316835
158,m3_wood,4639056.0
158,kg_cotton,105930000.0
158,m² land,24072670.735863447
158,kWh energy,39447864.446165815
159,m3_wood,4867680.0
159,kg_cotton,116242500.0
159,m² land,26046335.910147026
159,kWh energy,43108285.050348625
160,m3_wood,3978352.0
160,kg_cotton,125400000.0
160,m² land,21957567.110766847
160,kWh energy,46384434.546862915
161,m3_wood,4181360.0
161,kg_cotton,134310000.0
161,m² land,22063576.111541335
161,kWh energy,49539006.99536233
162,m3_wood,3850896.0
162,kg_cotton,140415000.0
162,m² land,20998592.532920215
162,kWh energy,51740958.94655312
163,m3_wood,3324512.0
163,kg_cotton,144127500.0
163,m² land,18002158.97753679
163,kWh energy,53066330.364058904
164,m3_wood,3203632.0
164,kg_cotton,146767500.0
164,m² land,17016090.34856695
164,kWh energy,54039786.91214775
165,m3_wood,3393888.0
165,kg_cotton,147345000.0
165,m² land,18027873.55538342
165,kWh energy,54231085.59256394
166,m3_wood,3318880.0
166,kg_cotton,154275000.0
166,m² land,18019491.680867516
166,kWh energy,56763549.11199286
167,m3_wood,3595056.0
167,kg_cotton,154522500.0
167,m² land,19932972.02168856
167,kWh energy,56879270.33307521
168,m3_wood,3527264.0
168,kg_cotton,155017500.0
168,m² land,19007080.0
168,kWh energy,57111388.2773238
169,m3_wood,3115504.0
169,kg_cotton,152955000.0
169,m² land,17002882.711076684
169,kWh energy,56387402.401239395
170,m3_wood,3121760.0
170,kg_cotton,152542500.0
170,m² land,17001945.948876835
170,kWh energy,56289805.57707212
171,m3_wood,2929632.0
171,kg_cotton,151717500.0
171,m² land,16006822.711076684
171,kWh energy,56017611.928737454
172,m3_wood,2844368.0
172,kg_cotton,149325000.0
172,m² land,15010476.266460108
172,kWh energy,55207550.34856705
173,m3_wood,2799376.0
173,kg_cotton,148912500.0
173,m² land,14997228.133230055
173,kWh energy,55086453.52439968
174,m3_wood,2772752.0
174,kg_cotton,149820000.0
174,m² land,15919341.595662279
174,kWh energy,55462166.53756781
175,m3_wood,2835248.0
175,kg_cotton,152295000.0
175,m² land,15977350.844306739
175,kWh energy,56435247.48257173
176,m3_wood,2928368.0
176,kg_cotton,151057500.0
176,m² land,15992253.555383423
176,kWh energy,56040293.88348785
177,m3_wood,2928368.0
177,kg_cotton,151305000.0
177,m² land,15991960.0
177,kWh energy,56148015.10457018
178,m3_wood,2772496.0
178,kg_cotton,153037500.0
178,m² land,14997122.711076684
178,kWh energy,56842493.12889045
179,m3_wood,2450976.0
179,kg_cotton,151882500.0
179,m² land,13937338.125484094
179,kWh energy,56406650.65840439
180,m3_wood,2543488.0
180,kg_cotton,152047500.0
180,m² land,13987870.844306737
180,kWh energy,56474689.38807132
181,m3_wood,2525984.0
181,kg_cotton,150892500.0
181,m² land,13984103.903950404
181,kWh energy,55990918.28040281
182,m3_wood,2357616.0
182,kg_cotton,149655000.0
182,m² land,12978022.711076684
182,kWh energy,55504063.46607461
183,m3_wood,2347616.0
183,kg_cotton,148500000.0
183,m² land,12991025.422153369
183,kWh energy,55026856.700232446
184,m3_wood,2355744.0
184,kg_cotton,147592500.0
184,m² land,12991915.058094466
184,kWh energy,54668480.56048242
185,m3_wood,2082384.0
185,kg_cotton,148087500.0
185,m² land,11929142.57164985
185,kWh energy,54800759.8760651
186,m3_wood,2361360.0
186,kg_cotton,147757500.0
186,m² land,12980820.480247863
186,kWh energy,54619182.41673126
187,m3_wood,2577872.0
187,kg_cotton,148170000.0
187,m² land,14893372.083656045
187,kWh energy,54715279.24089858
188,m3_wood,2446624.0
188,kg_cotton,148005000.0
188,m² land,13012521.688613478
188,kWh energy,54594240.51123166
189,m3_wood,2429504.0
189,kg_cotton,147345000.0
189,m² land,13005393.555383423
189,kWh energy,54309585.59256395
190,m3_wood,2208624.0
190,kg_cotton,150975000.0
190,m² land,12009290.844306739
190,kWh energy,55559437.64523631
191,m3_wood,2017760.0
191,kg_cotton,150892500.0
191,m² land,11004528.659953482
191,kWh energy,55511918.280402854
192,m3_wood,1670384.0
192,kg_cotton,150150000.0
192,m² land,9011985.422153369
192,kWh energy,55233743.99690169
193,m3_wood,1764400.0
193,kg_cotton,153862500.0
193,m² land,9958570.844306739
193,kWh energy,56593115.41440753
194,m3_wood,1712256.0
194,kg_cotton,154275000.0
194,m² land,9010287.110766847
194,kWh energy,56759712.23857479
195,m3_wood,1693504.0
195,kg_cotton,153532500.0
195,m² land,9018880.0
195,kWh energy,56481037.95507363
196,m3_wood,1686000.0
196,kg_cotton,150562500.0
196,m² land,9019500.0
196,kWh energy,55451840.82106897
197,m3_wood,1738496.0
197,kg_cotton,145777500.0
197,m² land,9023120.0
197,kWh energy,53706217.66072812
198,m3_wood,1699120.0
198,kg_cotton,139342500.0
198,m² land,9012400.0
198,kWh energy,51432707.20371803
199,m3_wood,1803120.0
199,kg_cotton,131587500.0
199,m² land,9972451.51045701
199,kWh energy,48676886.90937259
200,m3_wood,1728128.0
200,kg_cotton,121027500.0
200,m² land,9944726.615027085
200,kWh energy,44908408.21068934
201,m3_wood,1646000.0
201,kg_cotton,116077500.0
201,m² land,8995002.711076684
201,kWh energy,43179246.320681624
202,m3_wood,1116496.0
202,kg_cotton,106095000.0
202,m² land,6010625.4221533695
202,kWh energy,39593903.17583272
203,m3_wood,1119632.0
203,kg_cotton,93472500.0
203,m² land,6013168.969790839
203,kWh energy,35098940.35631297
204,m3_wood,1240512.0
204,kg_cotton,78952500.0
204,m² land,6986171.371030177
204,kWh energy,29901032.145623624
205,m3_wood,1281120.0
205,kg_cotton,69217500.0
205,m² land,6991905.4221533695
205,kWh energy,26440247.095275037
206,m3_wood,1362624.0
206,kg_cotton,57667500.0
206,m² land,7945689.372579394
206,kWh energy,22300036.01859031
207,m3_wood,1291120.0
207,kg_cotton,48015000.0
207,m² land,7001402.711076684
207,kWh energy,18855770.33307516
208,m3_wood,1095872.0
208,kg_cotton,41662500.0
208,m² land,6886085.4221533695
208,kWh energy,16598279.240898535
209,m3_wood,1309760.0
209,kg_cotton,34650000.0
209,m² land,7937513.059643642
209,kWh energy,14130633.23005423
210,m3_wood,1463872.0
210,kg_cotton,29617500.0
210,m² land,7991340.0
210,kWh energy,12332816.270569097
211,m3_wood,1452624.0
211,kg_cotton,23925000.0
211,m² land,7985780.0
211,kWh energy,10258452.675122155
212,m3_wood,1280496.0
212,kg_cotton,20955000.0
212,m² land,6996120.0
212,kWh energy,9155592.414535556
213,m3_wood,1350128.0
213,kg_cotton,19635000.0
213,m² land,7926161.549186669
213,kWh energy,8675608.830364056
214,m3_wood,1462000.0
214,kg_cotton,17902500.0
214,m² land,7995000.0
214,kWh energy,8029202.168861344
215,m3_wood,1269872.0
215,kg_cotton,15592500.0
215,m² land,6999840.0
215,kWh energy,7177159.953524397
216,m3_wood,1248624.0
216,kg_cotton,15592500.0
216,m² land,6975780.0
216,kWh energy,7118159.953524398
217,m3_wood,1285504.0
217,kg_cotton,15097500.0
217,m² land,7001752.393493392
217,kWh energy,6889543.764523623
218,m3_wood,1466368.0
218,kg_cotton,14767500.0
218,m² land,7992812.842757547
218,kWh energy,6720303.178607825
219,m3_wood,1435744.0
219,kg_cotton,14437500.0
219,m² land,7983605.4221533695
219,kWh energy,6627888.845855924
220,m3_wood,1460128.0
220,kg_cotton,13612500.0
220,m² land,8003160.0
220,kWh energy,6328695.197521302
221,m3_wood,1430128.0
221,kg_cotton,13447500.0
221,m² land,7983660.0
221,kWh energy,6176156.467854376
222,m3_wood,1472000.0
222,kg_cotton,12787500.0
222,m² land,7995500.0
222,kWh energy,5952338.422604728
223,m3_wood,1482624.0
223,kg_cotton,13447500.0
223,m² land,7996280.0
223,kWh energy,6194656.467854376
224,m3_wood,1361136.0
224,kg_cotton,13695000.0
224,m² land,7041423.547637448
224,kWh energy,6317214.562354762
225,m3_wood,1278624.0
225,kg_cotton,13530000.0
225,m² land,6986282.711076684
225,kWh energy,6303675.832687837
226,m3_wood,1123376.0
226,kg_cotton,12787500.0
226,m² land,6000782.711076684
226,kWh energy,6048501.549186676
227,m3_wood,1251760.0
227,kg_cotton,12870000.0
227,m² land,6969325.4221533695
227,kWh energy,6100857.7874381915
228,m3_wood,1309248.0
228,kg_cotton,12952500.0
228,m² land,7001568.133230054
228,kWh energy,6174540.278853601
229,m3_wood,1267376.0
229,kg_cotton,12457500.0
229,m² land,6985220.0
229,kWh energy,6062424.0898528285
230,m3_wood,1249248.0
230,kg_cotton,12705000.0
230,m² land,6994705.236250952
230,kWh energy,6194482.184353214
231,m3_wood,1352640.0
231,kg_cotton,13035000.0
231,m² land,7936302.711076684
231,kWh energy,6367559.643687063
232,m3_wood,1461376.0
232,kg_cotton,13117500.0
232,m² land,7990220.0
232,kWh energy,6439579.008520526
233,m3_wood,1344512.0
233,kg_cotton,12870000.0
233,m² land,7927640.0
233,kWh energy,6428020.91402014
234,m3_wood,1501376.0
234,kg_cotton,13117500.0
234,m² land,8001220.0
234,kWh energy,6542579.008520526
235,m3_wood,1391392.0
235,kg_cotton,13035000.0
235,m² land,7942242.711076684
235,kWh energy,6532059.643687064
236,m3_wood,1452624.0
236,kg_cotton,12952500.0
236,m² land,8003780.0
236,kWh energy,6448040.2788536
237,m3_wood,1560992.0
237,kg_cotton,12705000.0
237,m² land,8952852.70333071
237,kWh energy,6336982.184353216
238,m3_wood,1630368.0
238,kg_cotton,11797500.0
238,m² land,8983221.812548362
238,kWh energy,5977269.1711851265
239,m3_wood,1674112.0
239,kg_cotton,11632500.0
239,m² land,9004798.791634358
239,kWh energy,5920230.441518204
240,m3_wood,1650368.0
240,kg_cotton,11137500.0
240,m² land,9005960.0
240,kWh energy,5704114.252517429
241,m3_wood,1515744.0
241,kg_cotton,10642500.0
241,m² land,8017520.0
241,kWh energy,5489998.063516653
242,m3_wood,1507616.0
242,kg_cotton,10147500.0
242,m² land,8016196.080557689
242,kWh energy,5258881.874515879
243,m3_wood,1149616.0
243,kg_cotton,10807500.0
243,m² land,6018588.133230053
243,kWh energy,5447373.66660163
244,m3_wood,1117744.0
244,kg_cotton,11880000.0
244,m² land,6006750.844306739
244,kWh energy,5823125.409436641
245,m3_wood,1301744.0
245,kg_cotton,12375000.0
245,m² land,7007913.183578574
245,kWh energy,5955904.725019363
246,m3_wood,1474832.0
246,kg_cotton,12540000.0
246,m² land,7972563.981409699
246,kWh energy,5978943.454686288
247,m3_wood,1663504.0
247,kg_cotton,11467500.0
247,m² land,8120762.8659952665
247,kWh energy,5528693.467099097
248,m3_wood,1500720.0
248,kg_cotton,12705000.0
248,m² land,8007814.918667652
248,kWh energy,5931553.547170818
249,m3_wood,1597616.0
249,kg_cotton,14355000.0
249,m² land,8063544.786986613
249,kWh energy,6510869.481022461
250,m3_wood,1699120.0
250,kg_cotton,15345000.0
250,m² land,9010825.917892966
250,kWh energy,6864101.85902401
251,m3_wood,1519472.0
251,kg_cotton,18480000.0
251,m² land,8000443.253291814
251,kWh energy,7965337.722695581
252,m3_wood,1529616.0
252,kg_cotton,21697500.0
252,m² land,7111206.50658374
252,kWh energy,9049592.951200621
253,m3_wood,1596768.0
253,kg_cotton,27555000.0
253,m² land,6260772.2230825545
253,kWh energy,11125967.854376454
254,m3_wood,1215920.0
254,kg_cotton,32752500.0
254,m² land,6877347.079782762
254,kWh energy,13036187.83888458
255,m3_wood,1797376.0
255,kg_cotton,40260000.0
255,m² land,9110224.972888885
255,kWh energy,15780450.038729671
256,m3_wood,1754800.0
256,kg_cotton,49252500.0
256,m² land,8154546.971339782
256,kWh energy,19066060.805577073
257,m3_wood,1810352.0
257,kg_cotton,58905000.0
257,m² land,7202172.238574292
257,kWh energy,22583826.491092198
258,m3_wood,2229200.0
258,kg_cotton,68145000.0
258,m² land,8446849.558481397
258,kWh energy,25919332.225858048
259,m3_wood,1333408.0
259,kg_cotton,78787500.0
259,m² land,6103270.441518027
259,kWh energy,29761993.41595666
260,m3_wood,1341680.0
260,kg_cotton,90090000.0
260,m² land,5202064.275754922
260,kWh energy,33864146.39814102
261,m3_wood,1382192.0
261,kg_cotton,99495000.0
261,m² land,5277682.122385548
261,kWh energy,37289853.9891557
262,m3_wood,1001584.0
262,kg_cotton,107497500.0
262,m² land,4118091.8977534464
262,kWh energy,40245732.37800155
263,m3_wood,303760.0
263,kg_cotton,115087500.0
263,m² land,134812.57939570874
263,kWh energy,42965513.94268012
264,m3_wood,55616.0
264,kg_cotton,120037500.0
264,m² land,37287.591014697806
264,kWh energy,44780175.83268785
265,m3_wood,40000.0
265,kg_cotton,125400000.0
265,m² land,21203.718047965147
265,kWh energy,46744434.54686294
266,m3_wood,108128.0
266,kg_cotton,130845000.0
266,m² land,44627.99380323513
266,kWh energy,48761212.62587144
267,m3_wood,38736.0
267,kg_cotton,132907500.0
267,m² land,13540.170410494638
267,kWh energy,49452196.74670795
268,m3_wood,624.0
268,kg_cotton,136372500.0
268,m² land,523.2378001296468
268,kWh energy,50635010.06971344
269,m3_wood,31248.0
269,kg_cotton,137197500.0
269,m² land,22373.663826413213
269,kWh energy,50891203.718048096
270,m3_wood,132464.0
270,kg_cotton,136785000.0
270,m² land,65929.32610376146
270,kWh energy,50693106.89388072
271,m3_wood,40624.0
271,kg_cotton,139342500.0
271,m² land,11785.855925570115
271,kWh energy,51560207.203718096
272,m3_wood,10624.0
272,kg_cotton,136455000.0
272,m² land,793.5553834237026
272,kWh energy,50485529.43454691
273,m3_wood,2496.0
273,kg_cotton,138435000.0
273,m² land,5119.008520449829
273,kWh energy,51176994.19055001
274,m3_wood,7488.0
274,kg_cotton,139755000.0
274,m² land,625.762974390675
274,kWh energy,51585804.027885415
275,m3_wood,20000.0
275,kg_cotton,141487500.0
275,m² land,6573.555383423703
275,kWh energy,52203047.56280618
276,m3_wood,1264.0
276,kg_cotton,139755000.0
276,m² land,5565.422153369481
276,kWh energy,51537804.0278854
277,m3_wood,20000.0
277,kg_cotton,140827500.0
277,m² land,5715.724244737468
277,kWh energy,51924555.770720445
278,m3_wood,624.0
278,kg_cotton,141652500.0
278,m² land,247.11076684740502
278,kWh energy,52179086.29247312
279,m3_wood,0.0
279,kg_cotton,142230000.0
279,m² land,0.0
279,kWh energy,52401384.97288926
280,m3_wood,30624.0
280,kg_cotton,142560000.0
280,m² land,20444.21378774196
280,kWh energy,52524462.43222314
281,m3_wood,9376.0
281,kg_cotton,140662500.0
281,m² land,222.71107668474053
281,kWh energy,51871017.041053474
282,m3_wood,22496.0
282,kg_cotton,141405000.0
282,m² land,2870.968241661787
282,kWh energy,52150191.324554645
283,m3_wood,0.0
283,kg_cotton,140250000.0
283,m² land,0.0
283,kWh energy,51766420.216886215
284,m3_wood,0.0
284,kg_cotton,141157500.0
284,m² land,2485.9488768056035
284,kWh energy,52078633.23005419
285,m3_wood,69392.0
285,kg_cotton,140332500.0
285,m² land,26860.83656077832
285,kWh energy,51810939.58171962
286,m3_wood,10000.0
286,kg_cotton,141570000.0
286,m² land,5002.711076684741
286,kWh energy,52294730.05422158
287,m3_wood,13776.0
287,kg_cotton,140910000.0
287,m² land,6176.080557682509
287,kWh energy,52122075.135553844
288,m3_wood,1248.0
288,kg_cotton,141322500.0
288,m² land,2.7110766847405188
288,kWh energy,52315171.95972116
289,m3_wood,94400.0
289,kg_cotton,140992500.0
289,m² land,49789.992254041135
289,kWh energy,52265594.50038736
290,m3_wood,10624.0
290,kg_cotton,144705000.0
290,m² land,2513.415956579593
290,kWh energy,53647465.91789313
291,m3_wood,0.0
291,kg_cotton,143715000.0
291,m² land,8.133230054221542
291,kWh energy,53304733.53989154
292,m3_wood,0.0
292,kg_cotton,143055000.0
292,m² land,5.4221533694810375
292,kWh energy,53097578.621223904
293,m3_wood,9376.0
293,kg_cotton,143137500.0
293,m² land,1.1928737282488555
293,kWh energy,53145434.859475486
294,m3_wood,0.0
294,kg_cotton,145365000.0
294,m² land,0.0
294,kWh energy,53950070.29385538
295,m3_wood,1888.0
295,kg_cotton,144292500.0
295,m² land,0.0
295,kWh energy,53568184.13712956
296,m3_wood,0.0
296,kg_cotton,143302500.0
296,m² land,0.0
296,kWh energy,53159469.42188945
297,m3_wood,0.0
297,kg_cotton,141817500.0
297,m² land,0.0
297,kWh energy,52583750.24169277
298,m3_wood,0.0
298,kg_cotton,140415000.0
298,m² land,121.19287368699645
298,kWh energy,52034927.35736219
299,m3_wood,0.0
299,kg_cotton,135960000.0
299,m² land,0.0
299,kWh energy,50381413.245546065
300,m3_wood,0.0
300,kg_cotton,131670000.0
300,m² land,0.0
300,kWh energy,48809906.274206094
301,m3_wood,14368.0
301,kg_cotton,127297500.0
301,m² land,4092.068164156284
301,kWh energy,47176659.950906925
302,m3_wood,6240.0
302,kg_cotton,124327500.0
302,m² land,3539.3183577814643
302,kWh energy,46058171.35196592
303,m3_wood,624.0
303,kg_cotton,116655000.0
303,m² land,1070.8443067389621
303,kWh energy,43246358.5768994
304,m3_wood,2496.0
304,kg_cotton,111292500.0
304,m² land,796.2664601084431
304,kWh energy,41286123.1603408
305,m3_wood,0.0
305,kg_cotton,100237500.0
305,m² land,10.844306738962045
305,kWh energy,37241503.00130408
306,m3_wood,0.0
306,kg_cotton,93472500.0
306,m² land,0.0
306,kWh energy,34753427.72063659
307,m3_wood,0.0
307,kg_cotton,81675000.0
307,m² land,0.0
307,kWh energy,30514158.549451478
308,m3_wood,166256.0
308,kg_cotton,70207500.0
308,m² land,83951.68086752295
308,kWh energy,26405979.473276578
309,m3_wood,16880.0
309,kg_cotton,61132500.0
309,m² land,8946.615027070933
309,kWh energy,23185849.341595694
310,m3_wood,0.0
310,kg_cotton,51975000.0
310,m² land,3665.422153369481
310,kWh energy,19849699.845081367
311,m3_wood,0.0
311,kg_cotton,44220000.0
311,m² land,0.0
311,kWh energy,17085379.550735872
312,m3_wood,8736.0
312,kg_cotton,38610000.0
312,m² land,4492.0371804609895
312,kWh energy,15082562.742060427
313,m3_wood,114128.0
313,kg_cotton,33660000.0
313,m² land,2.711076684740533
313,kWh energy,13359472.214870285
314,m3_wood,10000.0
314,kg_cotton,28957500.0
314,m² land,505.422153369481
314,kWh energy,11728797.056545313
315,m3_wood,0.0
315,kg_cotton,26317500.0
315,m² land,0.0
315,kWh energy,10831514.255292568
316,m3_wood,2496.0
316,kg_cotton,22852500.0
316,m² land,2266.7854375694665
316,kWh energy,9644864.058869092
317,m3_wood,11248.0
317,kg_cotton,19387500.0
317,m² land,5565.422153369481
317,kWh energy,8439887.609281722
318,m3_wood,0.0
318,kg_cotton,18480000.0
318,m² land,4568.133230054222
318,kWh energy,8163837.722695584
319,m3_wood,0.0
319,kg_cotton,16830000.0
319,m² land,0.0
319,kWh energy,7660722.95761806
320,m3_wood,0.0
320,kg_cotton,16087500.0
320,m² land,0.0
320,kWh energy,7414776.142525174
321,m3_wood,0.0
321,kg_cotton,15262500.0
321,m² land,0.0
321,kWh energy,7186082.494190551
322,m3_wood,0.0
322,kg_cotton,14437500.0
322,m² land,0.0
322,kWh energy,6875725.719273975
323,m3_wood,0.0
323,kg_cotton,14272500.0
323,m² land,0.0
323,kWh energy,6856186.989607052
324,m3_wood,0.0
324,kg_cotton,14850000.0
324,m² land,0.0
324,kWh energy,7038822.543441286
325,m3_wood,0.0
325,kg_cotton,15097500.0
325,m² land,0.0
325,kWh energy,7102380.637941675
326,m3_wood,0.0
326,kg_cotton,14025000.0
326,m² land,0.0
326,kWh energy,6700628.895106666
327,m3_wood,0.0
327,kg_cotton,14107500.0
327,m² land,0.0
327,kWh energy,6678811.386522076
328,m3_wood,0.0
328,kg_cotton,14520000.0
328,m² land,0.0
328,kWh energy,6784908.210689388
329,m3_wood,8736.0
329,kg_cotton,14932500.0
329,m² land,4367.327652938664
329,kWh energy,6872505.0348567
330,m3_wood,0.0
330,kg_cotton,15510000.0
330,m² land,0.0
330,kWh energy,7069314.335527039
331,m3_wood,79984.0
331,kg_cotton,15015000.0
331,m² land,49006.42912466079
331,kWh energy,6832595.762507763
332,m3_wood,10624.0
332,kg_cotton,14602500.0
332,m² land,5282.711076684741
332,kWh energy,6656427.57552285
333,m3_wood,0.0
333,kg_cotton,13860000.0
333,m² land,0.0
333,kWh energy,6375590.165439741
334,m3_wood,0.0
334,kg_cotton,13695000.0
334,m² land,43.051897709044965
334,kWh energy,6281714.562354763
335,m3_wood,0.0
335,kg_cotton,14025000.0
335,m² land,69.32610373944044
335,kWh energy,6380700.257924265
336,m3_wood,0.0
336,kg_cotton,13035000.0
336,m² land,0.0
336,kWh energy,5991559.643687062
337,m3_wood,0.0
337,kg_cotton,12870000.0
337,m² land,0.0
337,kWh energy,5955520.91402014
338,m3_wood,0.0
338,kg_cotton,11880000.0
338,m² land,0.0
338,kWh energy,5561288.53601859
339,m3_wood,3760.0
339,kg_cotton,12045000.0
339,m² land,0.0
339,kWh energy,5604827.265685514
340,m3_wood,1248.0
340,kg_cotton,11962500.0
340,m² land,0.0
340,kWh energy,5575144.774270105
341,m3_wood,3760.0
341,kg_cotton,12375000.0
341,m² land,0.0
341,kWh energy,5756404.725019365
342,m3_wood,0.0
342,kg_cotton,12127500.0
342,m² land,0.0
342,kWh energy,5716683.503937029
343,m3_wood,0.0
343,kg_cotton,11715000.0
343,m² land,444.6165762543678
343,kWh energy,5587249.806351665
344,m3_wood,0.0
344,kg_cotton,11962500.0
344,m² land,282.71107668474053
344,kWh energy,5703807.900852052
345,m3_wood,0.0
345,kg_cotton,11632500.0
345,m² land,660.3408210282001
345,kWh energy,5612230.441518202
346,m3_wood,0.0
346,kg_cotton,11962500.0
346,m² land,0.0
346,kWh energy,5735307.900852053
347,m3_wood,0.0
347,kg_cotton,11632500.0
347,m² land,0.0
347,kWh energy,5597730.441518202
348,m3_wood,0.0
348,kg_cotton,12045000.0
348,m² land,0.0
348,kWh energy,5761827.265685515
349,m3_wood,0.0
349,kg_cotton,12375000.0
349,m² land,209.14020135998726
349,kWh energy,5914404.725019365
350,m3_wood,0.0
350,kg_cotton,13035000.0
350,m² land,0.0
350,kWh energy,6133559.643687062
351,m3_wood,5008.0
351,kg_cotton,14767500.0
351,m² land,0.0
351,kWh energy,6760466.3051897725
352,m3_wood,6624.0
352,kg_cotton,16500000.0
352,m² land,0.0
352,kWh energy,7385872.966692484
353,m3_wood,11248.0
353,kg_cotton,18562500.0
353,m² land,6.615027077496052
353,kWh energy,8123357.087529045
354,m3_wood,1872.0
354,kg_cotton,22357500.0
354,m² land,0.0
354,kWh energy,9489247.869868316
355,m3_wood,22496.0
355,kg_cotton,25905000.0
355,m² land,0.0
355,kWh energy,10711080.557707202
356,m3_wood,6880.0
356,kg_cotton,31515000.0
356,m² land,0.0
356,kWh energy,12680744.860054862
357,m3_wood,9376.0
357,kg_cotton,37702500.0
357,m² land,0.0
357,kWh energy,14930849.728892323
358,m3_wood,4368.0
358,kg_cotton,42900000.0
358,m² land,0.0
358,kWh energy,16765069.713400463
359,m3_wood,20976.0
359,kg_cotton,50737500.0
359,m² land,0.0
359,kWh energy,19528409.372579396
360,m3_wood,14992.0
360,kg_cotton,58162500.0
360,m² land,0.0
360,kWh energy,22182989.081009056
361,m3_wood,0.0
361,kg_cotton,64350000.0
361,m² land,0.0
361,kWh energy,24375604.570100725
362,m3_wood,1264.0
362,kg_cotton,73590000.0
362,m² land,0.0
362,kWh energy,27692273.43144849
363,m3_wood,13136.0
363,kg_cotton,81097500.0
363,m² land,0.0
363,kWh energy,30302353.55119707
364,m3_wood,1872.0
364,kg_cotton,87780000.0
364,m² land,0.0
364,kWh energy,32718578.9114513
365,m3_wood,5008.0
365,kg_cotton,95370000.0
365,m² land,0.0
365,kWh energy,35450885.74748258
366,m3_wood,7504.0
366,kg_cotton,100320000.0
366,m² land,0.0
366,kWh energy,37247047.63749033
367,m3_wood,2512.0
367,kg_cotton,105517500.0
367,m² land,0.0
367,kWh energy,39181104.4954165
368,m3_wood,10000.0
368,kg_cotton,109065000.0
368,m² land,0.0
368,kWh energy,40421100.309837334
369,m3_wood,0.0
369,kg_cotton,113437500.0
369,m² land,0.0
369,kWh energy,42005126.64601085
370,m3_wood,0.0
370,kg_cotton,120202500.0
370,m² land,0.0
370,kWh energy,44447214.56235476
371,m3_wood,0.0
371,kg_cotton,122265000.0
371,m² land,0.0
371,kWh energy,45251529.238771215
372,m3_wood,0.0
372,kg_cotton,122925000.0
372,m² land,0.0
372,kWh energy,45511347.28402085
373,m3_wood,0.0
373,kg_cotton,124575000.0
373,m² land,0.0
373,kWh energy,46177577.771946356
374,m3_wood,0.0
374,kg_cotton,126390000.0
374,m² land,0.0
374,kWh energy,46827166.92486445
375,m3_wood,0.0
375,kg_cotton,128452500.0
375,m² land,0.0
375,kWh energy,47608151.04570101
376,m3_wood,0.0
376,kg_cotton,127957500.0
376,m² land,0.0
376,kWh energy,47470371.7301183
377,m3_wood,0.0
377,kg_cotton,127957500.0
377,m² land,0.0
377,kWh energy,47469534.85670027
378,m3_wood,0.0
378,kg_cotton,128122500.0
378,m² land,0.0
378,kWh energy,47520073.586367175
379,m3_wood,0.0
379,kg_cotton,128040000.0
379,m² land,0.0
379,kWh energy,47497891.09495178
380,m3_wood,0.0
380,kg_cotton,126720000.0
380,m² land,0.0
380,kWh energy,47045744.38419829
381,m3_wood,0.0
381,kg_cotton,125647500.0
381,m² land,0.0
381,kWh energy,46637492.64136327
382,m3_wood,0.0
382,kg_cotton,126142500.0
382,m² land,0.0
382,kWh energy,46834108.83036404
383,m3_wood,0.0
383,kg_cotton,125730000.0
383,m² land,0.0
383,kWh energy,46639012.00619676
384,m3_wood,0.0
384,kg_cotton,125070000.0
384,m² land,0.0
384,kWh energy,46392857.08752903
385,m3_wood,0.0
385,kg_cotton,126225000.0
385,m² land,0.0
385,kWh energy,46791128.19519755
386,m3_wood,0.0
386,kg_cotton,125647500.0
386,m² land,0.0
386,kWh energy,46564454.73433416
387,m3_wood,0.0
387,kg_cotton,125317500.0
387,m² land,0.0
387,kWh energy,46432377.275000334
388,m3_wood,0.0
388,kg_cotton,126307500.0
388,m² land,0.0
388,kWh energy,46759452.84425814
389,m3_wood,0.0
389,kg_cotton,123420000.0
389,m² land,0.0
389,kWh energy,45670906.61247797
390,m3_wood,0.0
390,kg_cotton,122842500.0
390,m² land,0.0
390,kWh energy,45432643.75271299
391,m3_wood,0.0
391,kg_cotton,120945000.0
391,m² land,0.0
391,kWh energy,44730560.39917539
392,m3_wood,0.0
392,kg_cotton,121935000.0
392,m² land,0.0
392,kWh energy,45073439.14376096
393,m3_wood,0.0
393,kg_cotton,119625000.0
393,m² land,0.0
393,kWh energy,44201579.00852051
394,m3_wood,1248.0
394,kg_cotton,116572500.0
394,m² land,0.0
394,kWh energy,43132837.23832966
395,m3_wood,0.0
395,kg_cotton,115417500.0
395,m² land,0.0
395,kWh energy,42742515.58795572
396,m3_wood,0.0
396,kg_cotton,117645000.0
396,m² land,0.0
396,kWh energy,43584238.13412832
397,m3_wood,0.0
397,kg_cotton,116820000.0
397,m² land,0.0
397,kWh energy,43237706.93489538
398,m3_wood,0.0
398,kg_cotton,116572500.0
398,m² land,0.0
398,kWh energy,43135362.50968244
399,m3_wood,0.0
399,kg_cotton,116242500.0
399,m² land,0.0
399,kWh energy,43063253.46115765
400,m3_wood,6880.0
400,kg_cotton,114757500.0
400,m² land,0.0
400,kWh energy,42553404.89415527
401,m3_wood,0.0
401,kg_cotton,112035000.0
401,m² land,0.0
401,kWh energy,41559702.67626916
402,m3_wood,0.0
402,kg_cotton,106837500.0
402,m² land,0.0
402,kWh energy,39686851.04172842
403,m3_wood,0.0
403,kg_cotton,103372500.0
403,m² land,0.0
403,kWh energy,38489681.21431014
404,m3_wood,0.0
404,kg_cotton,99660000.0
404,m² land,0.0
404,kWh energy,37181398.24653895
405,m3_wood,0.0
405,kg_cotton,95287500.0
405,m² land,0.0
405,kWh energy,35615196.148107104
406,m3_wood,0.0
406,kg_cotton,89430000.0
406,m² land,0.0
406,kWh energy,33500828.352891333
407,m3_wood,0.0
407,kg_cotton,82335000.0
407,m² land,0.0
407,kWh energy,31004003.798104197
408,m3_wood,0.0
408,kg_cotton,74250000.0
408,m² land,0.0
408,kWh energy,28078284.570541356
409,m3_wood,0.0
409,kg_cotton,66742500.0
409,m² land,0.0
409,kWh energy,25410685.49727822
410,m3_wood,0.0
410,kg_cotton,57090000.0
410,m² land,0.0
410,kWh energy,21926900.464756023
411,m3_wood,0.0
411,kg_cotton,51810000.0
411,m² land,0.0
411,kWh energy,20006815.908735983
412,m3_wood,0.0
412,kg_cotton,44550000.0
412,m² land,0.0
412,kWh energy,17374944.374393355
413,m3_wood,0.0
413,kg_cotton,40837500.0
413,m² land,0.0
413,kWh energy,16050072.956887538
414,m3_wood,0.0
414,kg_cotton,35970000.0
414,m² land,0.0
414,kWh energy,14253779.940807678
415,m3_wood,0.0
415,kg_cotton,31762500.0
415,m² land,0.0
415,kWh energy,12719455.460883046
416,m3_wood,0.0
416,kg_cotton,28710000.0
416,m² land,0.0
416,kWh energy,11644738.962044926
417,m3_wood,0.0
417,kg_cotton,25575000.0
417,m² land,0.0
417,kWh energy,10483503.098373352
418,m3_wood,0.0
418,kg_cotton,22935000.0
418,m² land,0.0
418,kWh energy,9488220.297120607
419,m3_wood,0.0
419,kg_cotton,22110000.0
419,m² land,0.0
419,kWh energy,9167689.775367927
420,m3_wood,6880.0
420,kg_cotton,20542500.0
420,m² land,0.0
420,kWh energy,8601158.716950195
421,m3_wood,624.0
421,kg_cotton,18150000.0
421,m² land,0.0
421,kWh energy,7746934.010197838
422,m3_wood,0.0
422,kg_cotton,17160000.0
422,m² land,0.0
422,kWh energy,7409027.885360186
423,m3_wood,0.0
423,kg_cotton,15675000.0
423,m² land,0.0
423,kWh energy,6869679.31835786
424,m3_wood,0.0
424,kg_cotton,15757500.0
424,m² land,0.0
424,kWh energy,6883198.683191324
425,m3_wood,0.0
425,kg_cotton,15345000.0
425,m² land,0.0
425,kWh energy,6738601.859024012
426,m3_wood,0.0
426,kg_cotton,14272500.0
426,m² land,0.0
426,kWh energy,6358850.116188999
427,m3_wood,0.0
427,kg_cotton,14437500.0
427,m² land,0.0
427,kWh energy,6457888.845855925
428,m3_wood,0.0
428,kg_cotton,13942500.0
428,m² land,0.0
428,kWh energy,6273109.530273204
429,m3_wood,0.0
429,kg_cotton,13612500.0
429,m² land,0.0
429,kWh energy,6138032.070939354
430,m3_wood,0.0
430,kg_cotton,13695000.0
430,m² land,0.0
430,kWh energy,6166051.435772816
431,m3_wood,0.0
431,kg_cotton,13035000.0
431,m² land,0.0
431,kWh energy,5970233.390523167
432,m3_wood,0.0
432,kg_cotton,13695000.0
432,m² land,0.0
432,kWh energy,6257214.562354764
433,m3_wood,0.0
433,kg_cotton,13200000.0
433,m² land,0.0
433,kWh energy,6092098.373353987
434,m3_wood,0.0
434,kg_cotton,13447500.0
434,m² land,0.0
434,kWh energy,6208993.341272426
435,m3_wood,0.0
435,kg_cotton,14272500.0
435,m² land,0.0
435,kWh energy,6515850.116188999
436,m3_wood,0.0
436,kg_cotton,13777500.0
436,m² land,0.0
436,kWh energy,6333733.927188226
437,m3_wood,0.0
437,kg_cotton,13365000.0
437,m² land,0.0
437,kWh energy,6188637.103020914
438,m3_wood,8112.0
438,kg_cotton,13695000.0
438,m² land,0.0
438,kWh energy,6297214.562354762
439,m3_wood,0.0
439,kg_cotton,13942500.0
439,m² land,0.0
439,kWh energy,6397272.65685515
440,m3_wood,0.0
440,kg_cotton,13035000.0
440,m² land,0.0
440,kWh energy,6067059.643687061
441,m3_wood,0.0
441,kg_cotton,13860000.0
441,m² land,0.0
441,kWh energy,6370753.292021687
442,m3_wood,0.0
442,kg_cotton,14685000.0
442,m² land,0.0
442,kWh energy,6683946.940356313
443,m3_wood,0.0
443,kg_cotton,14685000.0
443,m² land,0.0
443,kWh energy,6648446.940356312
444,m3_wood,0.0
444,kg_cotton,14850000.0
444,m² land,0.0
444,kWh energy,6678985.670023235
445,m3_wood,0.0
445,kg_cotton,14850000.0
445,m² land,0.0
445,kWh energy,6642485.67002324
446,m3_wood,0.0
446,kg_cotton,16170000.0
446,m² land,0.0
446,kWh energy,7113795.507358638
447,m3_wood,7248.0
447,kg_cotton,16747500.0
447,m² land,0.0
447,kWh energy,7253431.061192874
448,m3_wood,47872.0
448,kg_cotton,17985000.0
448,m² land,0.0
448,kWh energy,7713721.53369481
449,m3_wood,20624.0
449,kg_cotton,18645000.0
449,m² land,0.0
449,kWh energy,7911376.4523625085
450,m3_wood,1872.0
450,kg_cotton,20130000.0
450,m² land,0.0
450,kWh energy,8403725.019364832
451,m3_wood,1248.0
451,kg_cotton,21202500.0
451,m² land,0.0
451,kWh energy,8804976.762199843
452,m3_wood,30608.0
452,kg_cotton,22687500.0
452,m² land,0.0
452,kWh energy,9309825.329202166
453,m3_wood,0.0
453,kg_cotton,24172500.0
453,m² land,0.0
453,kWh energy,9857347.643040596
454,m3_wood,5616.0
454,kg_cotton,25492500.0
454,m² land,0.0
454,kWh energy,10277983.733539892
455,m3_wood,2496.0
455,kg_cotton,26730000.0
455,m² land,0.0
455,kWh energy,10706592.12594532
456,m3_wood,9376.0
456,kg_cotton,30030000.0
456,m² land,0.0
456,kWh energy,11910042.481542142
457,m3_wood,4400.0
457,kg_cotton,34402500.0
457,m² land,0.0
457,kWh energy,13466062.499877462
458,m3_wood,0.0
458,kg_cotton,38527500.0
458,m² land,0.0
458,kWh energy,14993018.105874216
459,m3_wood,0.0
459,kg_cotton,42322500.0
459,m² land,0.0
459,kWh energy,16366434.159566227
460,m3_wood,0.0
460,kg_cotton,47272500.0
460,m² land,0.0
460,kWh energy,18158606.669828124
461,m3_wood,624.0
461,kg_cotton,54037500.0
461,m² land,0.0
461,kWh energy,20637683.96591789
462,m3_wood,0.0
462,kg_cotton,56760000.0
462,m² land,0.0
462,kWh energy,21644496.75225826
463,m3_wood,0.0
463,kg_cotton,61462500.0
463,m² land,0.0
463,kWh energy,23367926.800929505
464,m3_wood,0.0
464,kg_cotton,65917500.0
464,m² land,0.0
464,kWh energy,24964947.23058375
465,m3_wood,15584.0
465,kg_cotton,71527500.0
465,m² land,0.0
465,kWh energy,27034100.912677243
466,m3_wood,2496.0
466,kg_cotton,75982500.0
466,m² land,0.0
466,kWh energy,28575809.74026617
467,m3_wood,0.0
467,kg_cotton,81427500.0
467,m² land,0.0
467,kWh energy,30594113.090627432
468,m3_wood,4992.0
468,kg_cotton,85552500.0
468,m² land,0.0
468,kWh energy,32065081.332300525
469,m3_wood,0.0
469,kg_cotton,88935000.0
469,m² land,0.0
469,kWh energy,33309375.290472478
470,m3_wood,0.0
470,kg_cotton,93802500.0
470,m² land,0.0
470,kWh energy,35118498.862132184
471,m3_wood,0.0
471,kg_cotton,95040000.0
471,m² land,0.0
471,kWh energy,35502808.28814872
472,m3_wood,0.0
472,kg_cotton,98587500.0
472,m² land,0.0
472,kWh energy,36741140.97598759
473,m3_wood,0.0
473,kg_cotton,101392500.0
473,m² land,0.0
473,kWh energy,37746129.9359052
474,m3_wood,0.0
474,kg_cotton,102630000.0
474,m² land,0.0
474,kWh energy,38166100.47308142
475,m3_wood,0.0
475,kg_cotton,102712500.0
475,m² land,0.0
475,kWh energy,38177109.217660725
476,m3_wood,0.0
476,kg_cotton,103042500.0
476,m² land,0.0
476,kWh energy,38286167.72348004
477,m3_wood,0.0
477,kg_cotton,104362500.0
477,m² land,0.0
477,kWh energy,38748651.30765152
478,m3_wood,0.0
478,kg_cotton,103702500.0
478,m² land,0.0
478,kWh energy,38502316.324309535
479,m3_wood,0.0
479,kg_cotton,103702500.0
479,m² land,0.0
479,kWh energy,38489659.51556576
480,m3_wood,0.0
480,kg_cotton,104445000.0
480,m² land,0.0
480,kWh energy,38735308.5277142
481,m3_wood,0.0
481,kg_cotton,104775000.0
481,m² land,0.0
481,kWh energy,38858036.477953605
482,m3_wood,0.0
482,kg_cotton,104527500.0
482,m² land,0.0
482,kWh energy,38737535.24399689
483,m3_wood,0.0
483,kg_cotton,104857500.0
483,m² land,0.0
483,kWh energy,38876112.70333076
484,m3_wood,0.0
484,kg_cotton,101227500.0
484,m² land,0.0
484,kWh energy,37567691.15443833
485,m3_wood,0.0
485,kg_cotton,102217500.0
485,m² land,0.0
485,kWh energy,37956258.31948005
486,m3_wood,35392.0
486,kg_cotton,103620000.0
486,m² land,0.0
486,kWh energy,38462759.05244694
487,m3_wood,210384.0
487,kg_cotton,102630000.0
487,m² land,0.0
487,kWh energy,38117089.85282727
488,m3_wood,15616.0
488,kg_cotton,102712500.0
488,m² land,0.0
488,kWh energy,38127109.217660725
489,m3_wood,13120.0
489,kg_cotton,102217500.0
489,m² land,0.0
489,kWh energy,37993493.02865994
490,m3_wood,2496.0
490,kg_cotton,102052500.0
490,m² land,0.0
490,kWh energy,37932454.29899301
491,m3_wood,0.0
491,kg_cotton,101475000.0
491,m² land,0.0
491,kWh energy,37777818.74515877
492,m3_wood,0.0
492,kg_cotton,99082500.0
492,m² land,0.0
492,kWh energy,36917757.16498836
493,m3_wood,0.0
493,kg_cotton,100072500.0
493,m² land,0.0
493,kWh energy,37306826.416407965
494,m3_wood,0.0
494,kg_cotton,98505000.0
494,m² land,0.0
494,kWh energy,36757077.3862868
495,m3_wood,0.0
495,kg_cotton,99330000.0
495,m² land,0.0
495,kWh energy,37062315.259488724
496,m3_wood,0.0
496,kg_cotton,98175000.0
496,m² land,0.0
496,kWh energy,36655544.15182026
497,m3_wood,0.0
497,kg_cotton,96360000.0
497,m² land,0.0
497,kWh energy,35994454.99890215
498,m3_wood,0.0
498,kg_cotton,96937500.0
498,m² land,0.0
498,kWh energy,36164753.67931834
499,m3_wood,0.0
499,kg_cotton,95535000.0
499,m² land,0.0
499,kWh energy,35647938.296440266
500,m3_wood,0.0
500,kg_cotton,93802500.0
500,m² land,0.0
500,kWh energy,34994512.68142298
501,m3_wood,0.0
501,kg_cotton,93060000.0
501,m² land,0.0
501,kWh energy,34728629.86285815
502,m3_wood,0.0
502,kg_cotton,89760000.0
502,m² land,0.0
502,kWh energy,33502512.07826342
503,m3_wood,0.0
503,kg_cotton,87780000.0
503,m² land,0.0
503,kWh energy,32779085.229289457
504,m3_wood,0.0
504,kg_cotton,85305000.0
504,m² land,0.0
504,kWh energy,31882523.237800147
505,m3_wood,0.0
505,kg_cotton,82335000.0
505,m² land,0.0
505,kWh energy,30810839.923086274
506,m3_wood,0.0
506,kg_cotton,77137500.0
506,m² land,0.0
506,kWh energy,28885622.70243631
507,m3_wood,0.0
507,kg_cotton,72352500.0
507,m² land,0.0
507,kWh energy,27131445.051917467
508,m3_wood,0.0
508,kg_cotton,67650000.0
508,m² land,0.0
508,kWh energy,25399678.129828133
509,m3_wood,10000.0
509,kg_cotton,63937500.0
509,m² land,0.0
509,kWh energy,24056969.83890427
510,m3_wood,0.0
510,kg_cotton,59317500.0
510,m² land,0.0
510,kWh energy,22348904.755237468
511,m3_wood,0.0
511,kg_cotton,54945000.0
511,m² land,0.0
511,kWh energy,20789378.41906396
512,m3_wood,0.0
512,kg_cotton,49912500.0
512,m² land,0.0
512,kWh energy,18979146.22802474
513,m3_wood,0.0
513,kg_cotton,46530000.0
513,m² land,0.0
513,kWh energy,17813390.17688189
514,m3_wood,0.0
514,kg_cotton,42322500.0
514,m² land,0.0
514,kWh energy,16337902.570375312
515,m3_wood,0.0
515,kg_cotton,38032500.0
515,m² land,0.0
515,kWh energy,14788429.95208435
516,m3_wood,0.0
516,kg_cotton,34485000.0
516,m² land,0.0
516,kWh energy,13541431.373805357
517,m3_wood,0.0
517,kg_cotton,31020000.0
517,m² land,0.0
517,kWh energy,12296781.17738188
518,m3_wood,0.0
518,kg_cotton,27555000.0
518,m² land,0.0
518,kWh energy,11070304.727794511
519,m3_wood,0.0
519,kg_cotton,25410000.0
519,m² land,0.0
519,kWh energy,10293464.368706428
520,m3_wood,0.0
520,kg_cotton,23347500.0
520,m² land,0.0
520,kWh energy,9584141.359029599
521,m3_wood,0.0
521,kg_cotton,22687500.0
521,m² land,0.0
521,kWh energy,9351662.202620221
522,m3_wood,0.0
522,kg_cotton,21367500.0
522,m² land,0.0
522,kWh energy,8960189.238702869
523,m3_wood,0.0
523,kg_cotton,20295000.0
523,m² land,0.0
523,kWh energy,8581600.622449808
524,m3_wood,0.0
524,kg_cotton,20047500.0
524,m² land,0.0
524,kWh energy,8544205.654531369
525,m3_wood,0.0
525,kg_cotton,20542500.0
525,m² land,0.0
525,kWh energy,8720995.590368249
526,m3_wood,0.0
526,kg_cotton,19387500.0
526,m² land,0.0
526,kWh energy,8281538.1001873
527,m3_wood,0.0
527,kg_cotton,19882500.0
527,m² land,0.0
527,kWh energy,8451154.289188074
528,m3_wood,0.0
528,kg_cotton,19965000.0
528,m² land,0.0
528,kWh energy,8485360.036534013
529,m3_wood,0.0
529,kg_cotton,19882500.0
529,m² land,0.0
529,kWh energy,8407840.671700548
530,m3_wood,0.0
530,kg_cotton,20460000.0
530,m² land,0.0
530,kWh energy,8613302.478698684
531,m3_wood,0.0
531,kg_cotton,20955000.0
531,m² land,0.0
531,kWh energy,8777255.541117512
532,m3_wood,0.0
532,kg_cotton,21037500.0
532,m² land,0.0
532,kWh energy,8790438.03253292
533,m3_wood,0.0
533,kg_cotton,21285000.0
533,m² land,0.0
533,kWh energy,8838496.127033308
534,m3_wood,0.0
534,kg_cotton,21450000.0
534,m² land,0.0
534,kWh energy,8888371.730118284
535,m3_wood,0.0
535,kg_cotton,21367500.0
535,m² land,0.0
535,kWh energy,8832015.49186677
536,m3_wood,0.0
536,kg_cotton,20460000.0
536,m² land,0.0
536,kWh energy,8485139.352116736
537,m3_wood,0.0
537,kg_cotton,20377500.0
537,m² land,0.0
537,kWh energy,8462783.11386522
538,m3_wood,0.0
538,kg_cotton,20955000.0
538,m² land,0.0
538,kWh energy,8672918.667699458
539,m3_wood,24752.0
539,kg_cotton,20130000.0
539,m² land,0.0
539,kWh energy,8338225.019364835
540,m3_wood,37872.0
540,kg_cotton,20625000.0
540,m² land,0.0
540,kWh energy,8487341.208365606
541,m3_wood,0.0
541,kg_cotton,20542500.0
541,m² land,0.0
541,kWh energy,8438495.590368249
542,m3_wood,0.0
542,kg_cotton,21120000.0
542,m² land,0.0
542,kWh energy,8676957.397366384
543,m3_wood,13472.0
543,kg_cotton,21202500.0
543,m² land,0.0
543,kWh energy,8709300.999941526
544,m3_wood,0.0
544,kg_cotton,21120000.0
544,m² land,0.0
544,kWh energy,8702775.317269878
545,m3_wood,25632.0
545,kg_cotton,22110000.0
545,m² land,0.0
545,kWh energy,9082526.648785984
546,m3_wood,8128.0
546,kg_cotton,22192500.0
546,m² land,0.0
546,kWh energy,9133046.013619445
547,m3_wood,28128.0
547,kg_cotton,22770000.0
547,m² land,0.0
547,kWh energy,9346681.567453686
548,m3_wood,28128.0
548,kg_cotton,23182500.0
548,m² land,0.0
548,kWh energy,9526115.265039047
549,m3_wood,0.0
549,kg_cotton,24667500.0
549,m² land,0.0
549,kWh energy,10087126.958623318
550,m3_wood,0.0
550,kg_cotton,24832500.0
550,m² land,0.0
550,kWh energy,10210665.688290248
551,m3_wood,36000.0
551,kg_cotton,25327500.0
551,m² land,0.0
551,kWh energy,10410945.003872965
552,m3_wood,3120.0
552,kg_cotton,26482500.0
552,m² land,0.0
552,kWh energy,10815889.858377544
553,m3_wood,0.0
553,kg_cotton,27390000.0
553,m² land,0.0
553,kWh energy,11122429.124709528
554,m3_wood,0.0
554,kg_cotton,28462500.0
554,m² land,0.0
554,kWh energy,11555149.278353611
555,m3_wood,0.0
555,kg_cotton,30690000.0
555,m² land,0.0
555,kWh energy,12308178.446695285
556,m3_wood,0.0
556,kg_cotton,31267500.0
556,m² land,0.0
556,kWh energy,12487676.14530031
557,m3_wood,45984.0
557,kg_cotton,32010000.0
557,m² land,0.0
557,kWh energy,12780513.555383425
558,m3_wood,71888.0
558,kg_cotton,33825000.0
558,m² land,5.886909277580173
558,kWh energy,13445939.581719607
559,m3_wood,63744.0
559,kg_cotton,33742500.0
559,m² land,0.0
559,kWh energy,13352920.216886139
560,m3_wood,58096.0
560,kg_cotton,36465000.0
560,m² land,0.0
560,kWh energy,14306896.129808454
561,m3_wood,624.0
561,kg_cotton,39930000.0
561,m² land,0.0
561,kWh energy,15509372.57939582
562,m3_wood,0.0
562,kg_cotton,44137500.0
562,m² land,0.0
562,kWh energy,17016033.932738505
563,m3_wood,1248.0
563,kg_cotton,48345000.0
563,m² land,0.0
563,kWh energy,18504184.665827036
564,m3_wood,21600.0
564,kg_cotton,51397500.0
564,m² land,0.0
564,kWh energy,19578064.291247103
565,m3_wood,0.0
565,kg_cotton,54037500.0
565,m² land,0.0
565,kWh energy,20495020.83933596
566,m3_wood,0.0
566,kg_cotton,59647500.0
566,m² land,0.0
566,kWh energy,22490837.648011416
567,m3_wood,0.0
567,kg_cotton,63690000.0
567,m² land,0.0
567,kWh energy,23952267.571336497
568,m3_wood,3136.0
568,kg_cotton,68557500.0
568,m² land,0.0
568,kWh energy,25711079.540930923
569,m3_wood,0.0
569,kg_cotton,71362500.0
569,m² land,0.0
569,kWh energy,26672750.580945
570,m3_wood,0.0
570,kg_cotton,75405000.0
570,m² land,0.0
570,kWh energy,28133674.186431922
571,m3_wood,0.0
571,kg_cotton,76725000.0
571,m² land,0.0
571,kWh energy,28623320.89718537
572,m3_wood,1248.0
572,kg_cotton,79612500.0
572,m² land,0.0
572,kWh energy,29681187.06429123
573,m3_wood,10624.0
573,kg_cotton,79695000.0
573,m² land,0.0
573,kWh energy,29750043.302542742
574,m3_wood,0.0
574,kg_cotton,82582500.0
574,m² land,0.0
574,kWh energy,30787884.198295865
575,m3_wood,0.0
575,kg_cotton,83902500.0
575,m² land,0.0
575,kWh energy,31321668.764278527
576,m3_wood,0.0
576,kg_cotton,84150000.0
576,m² land,0.0
576,kWh energy,31450089.003549736
577,m3_wood,0.0
577,kg_cotton,84150000.0
577,m² land,0.0
577,kWh energy,31453752.13013167
578,m3_wood,0.0
578,kg_cotton,84232500.0
578,m² land,0.0
578,kWh energy,31489271.49496511
579,m3_wood,0.0
579,kg_cotton,83820000.0
579,m² land,0.0
579,kWh energy,31357674.670797806
580,m3_wood,0.0
580,kg_cotton,84232500.0
580,m² land,0.0
580,kWh energy,31467608.36838318
581,m3_wood,0.0
581,kg_cotton,85305000.0
581,m² land,0.0
581,kWh energy,31903023.237800132
582,m3_wood,0.0
582,kg_cotton,86295000.0
582,m² land,0.0
582,kWh energy,32258255.61580167
583,m3_wood,0.0
583,kg_cotton,86212500.0
583,m² land,0.0
583,kWh energy,32236736.250968214
584,m3_wood,0.0
584,kg_cotton,85635000.0
584,m² land,0.0
584,kWh energy,32034937.57055204
585,m3_wood,0.0
585,kg_cotton,84645000.0
585,m² land,0.0
585,kWh energy,31643868.319132425
586,m3_wood,0.0
586,kg_cotton,84727500.0
586,m² land,0.0
586,kWh energy,31668224.557383936
587,m3_wood,0.0
587,kg_cotton,83077500.0
587,m² land,0.0
587,kWh energy,31072337.260714695
588,m3_wood,1888.0
588,kg_cotton,83325000.0
588,m² land,0.0
588,kWh energy,31154558.481797032
589,m3_wood,0.0
589,kg_cotton,82500000.0
589,m² land,0.0
589,kWh energy,30843008.458709717
590,m3_wood,0.0
590,kg_cotton,82087500.0
590,m² land,0.0
590,kWh energy,30640742.737942345
591,m3_wood,0.0
591,kg_cotton,80767500.0
591,m² land,0.0
591,kWh energy,30142926.582768776
592,m3_wood,0.0
592,kg_cotton,78705000.0
592,m² land,0.0
592,kWh energy,29413474.051123127
593,m3_wood,0.0
593,kg_cotton,78622500.0
593,m² land,0.0
593,kWh energy,29354454.686289694
594,m3_wood,0.0
594,kg_cotton,77137500.0
594,m² land,0.0
594,kWh energy,28803442.992705435
595,m3_wood,0.0
595,kg_cotton,77632500.0
595,m² land,0.0
595,kWh energy,28980559.181706186
596,m3_wood,26624.0
596,kg_cotton,79200000.0
596,m² land,0.0
596,kWh energy,29545590.240123913
597,m3_wood,0.0
597,kg_cotton,78705000.0
597,m² land,0.0
597,kWh energy,29365990.63427209
598,m3_wood,0.0
598,kg_cotton,77715000.0
598,m² land,0.0
598,kWh energy,28974578.54653964
599,m3_wood,0.0
599,kg_cotton,76642500.0
599,m² land,0.0
599,kWh energy,28587464.658933844
600,m3_wood,0.0
600,kg_cotton,75075000.0
600,m² land,0.0
600,kWh energy,28013096.72709805
601,m3_wood,0.0
601,kg_cotton,74827500.0
601,m² land,0.0
601,kWh energy,27952869.188177537
602,m3_wood,0.0
602,kg_cotton,74085000.0
602,m² land,0.0
602,kWh energy,27732726.493867308
603,m3_wood,0.0
603,kg_cotton,75652500.0
603,m² land,0.0
603,kWh energy,28346257.55228504
604,m3_wood,0.0
604,kg_cotton,74250000.0
604,m² land,0.0
604,kWh energy,27879428.35011618
605,m3_wood,0.0
605,kg_cotton,74167500.0
605,m² land,0.0
605,kWh energy,27871908.985282723
606,m3_wood,0.0
606,kg_cotton,71197500.0
606,m² land,0.0
606,kWh energy,26762211.851278074
607,m3_wood,0.0
607,kg_cotton,70455000.0
607,m² land,0.0
607,kWh energy,26493374.441194974
608,m3_wood,0.0
608,kg_cotton,68392500.0
608,m² land,0.0
608,kWh energy,25754053.44694036
609,m3_wood,0.0
609,kg_cotton,65587500.0
609,m² land,0.0
609,kWh energy,24720895.042602632
610,m3_wood,0.0
610,kg_cotton,61627500.0
610,m² land,0.0
610,kWh energy,23300440.259243708
611,m3_wood,0.0
611,kg_cotton,58080000.0
611,m² land,0.0
611,kWh energy,22055632.842757553
612,m3_wood,0.0
612,kg_cotton,53955000.0
612,m² land,0.0
612,kWh energy,20565501.47450249
613,m3_wood,0.0
613,kg_cotton,49995000.0
613,m² land,0.0
613,kWh energy,19094235.089078244
614,m3_wood,0.0
614,kg_cotton,45870000.0
614,m² land,0.0
614,kWh energy,17581603.720823176
615,m3_wood,0.0
615,kg_cotton,42405000.0
615,m² land,0.0
615,kWh energy,16309953.524399688
616,m3_wood,0.0
616,kg_cotton,39600000.0
616,m² land,0.0
616,kWh energy,15315244.577356486
617,m3_wood,0.0
617,kg_cotton,38362500.0
617,m² land,0.0
617,kWh energy,14876947.787016368
618,m3_wood,0.0
618,kg_cotton,36547500.0
618,m² land,0.0
618,kWh energy,14206578.62122387
619,m3_wood,0.0
619,kg_cotton,33825000.0
619,m² land,0.0
619,kWh energy,13228439.581719605
620,m3_wood,0.0
620,kg_cotton,31267500.0
620,m² land,0.0
620,kWh energy,12287176.145300314
621,m3_wood,0.0
621,kg_cotton,30937500.0
621,m² land,0.0
621,kWh energy,12181098.685966471
622,m3_wood,0.0
622,kg_cotton,27142500.0
622,m² land,0.0
622,kWh energy,10787544.777045242
623,m3_wood,0.0
623,kg_cotton,25905000.0
623,m² land,0.0
623,kWh energy,10311580.557707204
624,m3_wood,0.0
624,kg_cotton,24502500.0
624,m² land,0.0
624,kWh energy,9755088.228956394
625,m3_wood,0.0
625,kg_cotton,23925000.0
625,m² land,0.0
625,kWh energy,9562615.8017041
626,m3_wood,0.0
626,kg_cotton,22605000.0
626,m² land,0.0
626,kWh energy,9109805.964368703
627,m3_wood,0.0
627,kg_cotton,22440000.0
627,m² land,0.0
627,kWh energy,9091219.737997249
628,m3_wood,0.0
628,kg_cotton,21780000.0
628,m² land,0.0
628,kWh energy,8902112.316034077
629,m3_wood,1888.0
629,kg_cotton,22440000.0
629,m² land,0.0
629,kWh energy,9175748.28118722
630,m3_wood,0.0
630,kg_cotton,22852500.0
630,m² land,0.0
630,kWh energy,9330364.05886909
631,m3_wood,0.0
631,kg_cotton,21697500.0
631,m² land,0.0
631,kWh energy,8886266.698036721
632,m3_wood,0.0
632,kg_cotton,22027500.0
632,m² land,0.0
632,kWh energy,9023178.702108938
633,m3_wood,0.0
633,kg_cotton,21532500.0
633,m² land,0.0
633,kWh energy,8898056.985391852
634,m3_wood,0.0
634,kg_cotton,21780000.0
634,m² land,0.0
634,kWh energy,9006760.791517442
635,m3_wood,0.0
635,kg_cotton,21780000.0
635,m² land,0.0
635,kWh energy,9026440.856191732
636,m3_wood,0.0
636,kg_cotton,22027500.0
636,m² land,0.0
636,kWh energy,9109670.410534466
637,m3_wood,0.0
637,kg_cotton,21615000.0
637,m² land,0.0
637,kWh energy,8952073.586367156
638,m3_wood,0.0
638,kg_cotton,23347500.0
638,m² land,0.0
638,kWh energy,9616317.121287918
639,m3_wood,0.0
639,kg_cotton,22770000.0
639,m² land,0.0
639,kWh energy,9405332.058359263
640,m3_wood,0.0
640,kg_cotton,22192500.0
640,m² land,0.0
640,kWh energy,9136382.887037495
641,m3_wood,0.0
641,kg_cotton,22522500.0
641,m² land,0.0
641,kWh energy,9246286.599535242
642,m3_wood,0.0
642,kg_cotton,23347500.0
642,m² land,0.0
642,kWh energy,9605980.24786987
643,m3_wood,0.0
643,kg_cotton,24090000.0
643,m² land,0.0
643,kWh energy,9837122.942180105
644,m3_wood,0.0
644,kg_cotton,25327500.0
644,m² land,0.0
644,kWh energy,10264913.414682038
645,m3_wood,0.0
645,kg_cotton,25657500.0
645,m² land,0.0
645,kWh energy,10329689.892204737
646,m3_wood,0.0
646,kg_cotton,25987500.0
646,m² land,0.0
646,kWh energy,10444599.922540668
647,m3_wood,0.0
647,kg_cotton,25987500.0
647,m² land,0.0
647,kWh energy,10464436.795958718
648,m3_wood,0.0
648,kg_cotton,25492500.0
648,m² land,0.0
648,kWh energy,10237657.480375996
649,m3_wood,0.0
649,kg_cotton,25657500.0
649,m² land,0.0
649,kWh energy,10280696.210042918
650,m3_wood,0.0
650,kg_cotton,26317500.0
650,m² land,0.0
650,kWh energy,10469495.301778013
651,m3_wood,6880.0
651,kg_cotton,26977500.0
651,m² land,0.0
651,kWh energy,10751307.029189475
652,m3_wood,0.0
652,kg_cotton,26730000.0
652,m² land,0.0
652,kWh energy,10700274.20604183
653,m3_wood,0.0
653,kg_cotton,27060000.0
653,m² land,0.0
653,kWh energy,10799851.665375678
654,m3_wood,0.0
654,kg_cotton,26730000.0
654,m² land,0.0
654,kWh energy,10701274.20604183
655,m3_wood,24096.0
655,kg_cotton,27555000.0
655,m² land,0.0
655,kWh energy,11004304.72779451
656,m3_wood,0.0
656,kg_cotton,27637500.0
656,m² land,0.0
656,kWh energy,10998487.219209915
657,m3_wood,0.0
657,kg_cotton,27637500.0
657,m² land,0.0
657,kWh energy,10987487.219209919
658,m3_wood,1248.0
658,kg_cotton,29205000.0
658,m² land,0.0
658,kWh energy,11556848.83320751
659,m3_wood,19376.0
659,kg_cotton,30442500.0
659,m² land,0.0
659,kWh energy,12008639.305709455
660,m3_wood,104736.0
660,kg_cotton,32092500.0
660,m² land,0.0
660,kWh energy,12585857.157958569
661,m3_wood,46864.0
661,kg_cotton,32422500.0
661,m² land,0.0
661,kWh energy,12726434.617292421
662,m3_wood,0.0
662,kg_cotton,33907500.0
662,m² land,0.0
662,kWh energy,13280620.057712797
663,m3_wood,0.0
663,kg_cotton,35640000.0
663,m² land,0.0
663,kWh energy,13916183.527959269
664,m3_wood,0.0
664,kg_cotton,38775000.0
664,m² land,0.0
664,kWh energy,15041601.471727347
665,m3_wood,0.0
665,kg_cotton,42735000.0
665,m² land,0.0
665,kWh energy,16483012.030218985
666,m3_wood,0.0
666,kg_cotton,45292500.0
666,m² land,0.0
666,kWh energy,17370417.62428344
667,m3_wood,0.0
667,kg_cotton,47520000.0
667,m² land,0.0
667,kWh energy,18172654.144074373
668,m3_wood,0.0
668,kg_cotton,48675000.0
668,m² land,0.0
668,kWh energy,18560425.25174284
669,m3_wood,0.0
669,kg_cotton,50572500.0
669,m² land,0.0
669,kWh energy,19236845.371559743
670,m3_wood,9376.0
670,kg_cotton,51397500.0
670,m² land,0.0
670,kWh energy,19515982.15935069
671,m3_wood,0.0
671,kg_cotton,52717500.0
671,m² land,0.0
671,kWh energy,19969541.557580426
672,m3_wood,141568.0
672,kg_cotton,54285000.0
672,m² land,0.0
672,kWh energy,20530735.742580112
673,m3_wood,0.0
673,kg_cotton,56347500.0
673,m² land,0.0
673,kWh energy,21264025.14764378
674,m3_wood,0.0
674,kg_cotton,58327500.0
674,m² land,0.0
674,kWh energy,22017671.98374337
675,m3_wood,0.0
675,kg_cotton,60802500.0
675,m² land,0.0
675,kWh energy,22927771.88226181
676,m3_wood,0.0
676,kg_cotton,63195000.0
676,m² land,0.0
676,kWh energy,23779670.33585027
677,m3_wood,0.0
677,kg_cotton,64845000.0
677,m² land,0.0
677,kWh energy,24357220.759101454
678,m3_wood,0.0
678,kg_cotton,64680000.0
678,m² land,0.0
678,kWh energy,24291682.029434532
679,m3_wood,0.0
679,kg_cotton,66082500.0
679,m² land,0.0
679,kWh energy,24811479.642412473
680,m3_wood,0.0
680,kg_cotton,66412500.0
680,m² land,0.0
680,kWh energy,25008563.41958451
681,m3_wood,0.0
681,kg_cotton,66660000.0
681,m² land,0.0
681,kWh energy,25024108.878408525
682,m3_wood,0.0
682,kg_cotton,68475000.0
682,m² land,0.0
682,kWh energy,25711515.951230146
683,m3_wood,0.0
683,kg_cotton,69465000.0
683,m² land,0.0
683,kWh energy,26030072.566973373
684,m3_wood,0.0
684,kg_cotton,70290000.0
684,m² land,0.0
684,kWh energy,26340954.613242697
685,m3_wood,0.0
685,kg_cotton,70950000.0
685,m² land,0.0
685,kWh energy,26601615.849748574
686,m3_wood,0.0
686,kg_cotton,70950000.0
686,m² land,0.0
686,kWh energy,26583446.405328434
687,m3_wood,0.0
687,kg_cotton,70620000.0
687,m² land,0.0
687,kWh energy,26469032.07257653
688,m3_wood,0.0
688,kg_cotton,70867500.0
688,m² land,0.0
688,kWh energy,26565102.8027533
689,m3_wood,0.0
689,kg_cotton,70372500.0
689,m² land,0.0
689,kWh energy,26388980.295914322
690,m3_wood,0.0
690,kg_cotton,70125000.0
690,m² land,0.0
690,kWh energy,26270422.20141396
691,m3_wood,31872.0
691,kg_cotton,71197500.0
691,m² land,0.0
691,kWh energy,26658705.533439897
692,m3_wood,0.0
692,kg_cotton,71857500.0
692,m² land,0.0
692,kWh energy,26900866.769945785
693,m3_wood,0.0
693,kg_cotton,70620000.0
693,m² land,0.0
693,kWh energy,26438076.297443848
694,m3_wood,0.0
694,kg_cotton,69630000.0
694,m² land,0.0
694,kWh energy,26093680.792860337
695,m3_wood,0.0
695,kg_cotton,67732500.0
695,m² land,0.0
695,kWh energy,25431735.401690684
696,m3_wood,0.0
696,kg_cotton,66330000.0
696,m² land,0.0
696,kWh energy,24878550.372589234
697,m3_wood,0.0
697,kg_cotton,66577500.0
697,m² land,0.0
697,kWh energy,24975964.294022225
698,m3_wood,0.0
698,kg_cotton,66330000.0
698,m² land,0.0
698,kWh energy,24871069.32610379
699,m3_wood,0.0
699,kg_cotton,66907500.0
699,m² land,0.0
699,kWh energy,25068204.87993802
700,m3_wood,0.0
700,kg_cotton,66907500.0
700,m² land,0.0
700,kWh energy,25068704.879938044
701,m3_wood,0.0
701,kg_cotton,68640000.0
701,m² land,0.0
701,kWh energy,25721923.143506046
702,m3_wood,0.0
702,kg_cotton,67072500.0
702,m² land,0.0
702,kWh energy,25148243.609604955
703,m3_wood,8752.0
703,kg_cotton,65917500.0
703,m² land,0.0
703,kWh energy,24679809.375354532
704,m3_wood,0.0
704,kg_cotton,67072500.0
704,m² land,0.0
704,kWh energy,25086743.60960496
705,m3_wood,0.0
705,kg_cotton,65340000.0
705,m² land,0.0
705,kWh energy,24501173.821520295
706,m3_wood,0.0
706,kg_cotton,63772500.0
706,m² land,0.0
706,kWh energy,23937956.38059009
707,m3_wood,0.0
707,kg_cotton,63855000.0
707,m² land,0.0
707,kWh energy,24003662.127936035
708,m3_wood,0.0
708,kg_cotton,61132500.0
708,m² land,0.0
708,kWh energy,23018359.96184983
709,m3_wood,0.0
709,kg_cotton,59070000.0
709,m² land,0.0
709,kWh energy,22266689.45850078
710,m3_wood,0.0
710,kg_cotton,58575000.0
710,m² land,0.0
710,kWh energy,22072236.39608196
711,m3_wood,0.0
711,kg_cotton,55852500.0
711,m² land,0.0
711,kWh energy,21066446.865672126
712,m3_wood,0.0
712,kg_cotton,54120000.0
712,m² land,0.0
712,kWh energy,20471178.05939862
713,m3_wood,0.0
713,kg_cotton,52552500.0
713,m² land,0.0
713,kWh energy,19920303.809724662
714,m3_wood,0.0
714,kg_cotton,51480000.0
714,m² land,0.0
714,kWh energy,19526882.62246951
715,m3_wood,0.0
715,kg_cotton,47437500.0
715,m² land,0.0
715,kWh energy,18110634.779240914
716,m3_wood,16256.0
716,kg_cotton,46282500.0
716,m² land,0.0
716,kWh energy,17682857.35373425
717,m3_wood,0.0
717,kg_cotton,42570000.0
717,m² land,0.0
717,kWh energy,16316822.809646487
718,m3_wood,0.0
718,kg_cotton,39600000.0
718,m² land,0.0
718,kWh energy,15254968.86689808
719,m3_wood,0.0
719,kg_cotton,36135000.0
719,m² land,0.0
719,kWh energy,13981818.6704746
720,m3_wood,0.0
720,kg_cotton,34155000.0
720,m² land,0.0
720,kWh energy,13286517.041053453
721,m3_wood,0.0
721,kg_cotton,32010000.0
721,m² land,0.0
721,kWh energy,12519994.601868875
722,m3_wood,0.0
722,kg_cotton,29865000.0
722,m² land,0.0
722,kWh energy,11751321.671778716
723,m3_wood,1872.0
723,kg_cotton,28627500.0
723,m² land,0.0
723,kWh energy,11314194.325858722
724,m3_wood,0.0
724,kg_cotton,27720000.0
724,m² land,0.0
724,kWh energy,10999824.503946872
725,m3_wood,0.0
725,kg_cotton,26977500.0
725,m² land,0.0
725,kWh energy,10723807.029189477
726,m3_wood,0.0
726,kg_cotton,26317500.0
726,m² land,0.0
726,kWh energy,10470014.25529257
727,m3_wood,0.0
727,kg_cotton,25987500.0
727,m² land,0.0
727,kWh energy,10375599.922540667
728,m3_wood,0.0
728,kg_cotton,25410000.0
728,m² land,0.0
728,kWh energy,10148801.242124485
729,m3_wood,0.0
729,kg_cotton,23842500.0
729,m² land,0.0
729,kWh energy,9585933.310288697
730,m3_wood,0.0
730,kg_cotton,23842500.0
730,m² land,0.0
730,kWh energy,9571596.43687064
731,m3_wood,0.0
731,kg_cotton,23265000.0
731,m² land,0.0
731,kWh energy,9341297.756454455
732,m3_wood,0.0
732,kg_cotton,23842500.0
732,m² land,0.0
732,kWh energy,9547770.183706747
733,m3_wood,0.0
733,kg_cotton,24090000.0
733,m² land,0.0
733,kWh energy,9678491.404789083
734,m3_wood,0.0
734,kg_cotton,23677500.0
734,m² land,0.0
734,kWh energy,9539394.580621772
735,m3_wood,0.0
735,kg_cotton,23017500.0
735,m² land,0.0
735,kWh energy,9284383.835021462
736,m3_wood,35616.0
736,kg_cotton,23347500.0
736,m² land,0.0
736,kWh energy,9408461.294355312
737,m3_wood,0.0
737,kg_cotton,22605000.0
737,m² land,0.0
737,kWh energy,9088623.884272203
738,m3_wood,0.0
738,kg_cotton,22687500.0
738,m² land,0.0
738,kWh energy,9151325.329202171
739,m3_wood,0.0
739,kg_cotton,21615000.0
739,m² land,0.0
739,kWh energy,8787073.58636716
740,m3_wood,0.0
740,kg_cotton,22027500.0
740,m² land,0.0
740,kWh energy,8930164.092696283
741,m3_wood,0.0
741,kg_cotton,21862500.0
741,m² land,0.0
741,kWh energy,8907955.918609226
742,m3_wood,0.0
742,kg_cotton,21532500.0
742,m² land,0.0
742,kWh energy,8773054.221533693
743,m3_wood,0.0
743,kg_cotton,22110000.0
743,m² land,0.0
743,kWh energy,8995189.775367934
744,m3_wood,0.0
744,kg_cotton,22522500.0
744,m² land,0.0
744,kWh energy,9096786.599535245
745,m3_wood,0.0
745,kg_cotton,22027500.0
745,m² land,0.0
745,kWh energy,8900975.694761595
746,m3_wood,39328.0
746,kg_cotton,21532500.0
746,m² land,0.0
746,kWh energy,8701022.632342767
747,m3_wood,0.0
747,kg_cotton,21862500.0
747,m² land,0.0
747,kWh energy,8815625.363029359
748,m3_wood,0.0
748,kg_cotton,20872500.0
748,m² land,0.0
748,kWh energy,8462399.302865991
749,m3_wood,0.0
749,kg_cotton,19552500.0
749,m² land,0.0
749,kWh energy,7987589.465530599
750,m3_wood,0.0
750,kg_cotton,19717500.0
750,m² land,0.0
750,kWh energy,8081465.068615573
751,m3_wood,13776.0
751,kg_cotton,19882500.0
751,m² land,0.0
751,kWh energy,8155666.924864446
752,m3_wood,0.0
752,kg_cotton,19635000.0
752,m² land,0.0
752,kWh energy,8070445.70378211
753,m3_wood,0.0
753,kg_cotton,19305000.0
753,m² land,0.0
753,kWh energy,7931499.78183928
754,m3_wood,0.0
754,kg_cotton,18150000.0
754,m² land,0.0
754,kWh energy,7531728.674170808
755,m3_wood,0.0
755,kg_cotton,18727500.0
755,m² land,0.0
755,kWh energy,7756232.690614023
756,m3_wood,0.0
756,kg_cotton,18562500.0
756,m² land,0.0
756,kWh energy,7704857.087529047
757,m3_wood,0.0
757,kg_cotton,18892500.0
757,m² land,0.0
757,kWh energy,7824934.5468628965
758,m3_wood,1232.0
758,kg_cotton,19552500.0
758,m² land,0.0
758,kWh energy,8055589.465530595
759,m3_wood,0.0
759,kg_cotton,19387500.0
759,m² land,0.0
759,kWh energy,7931205.529185218
760,m3_wood,0.0
760,kg_cotton,20295000.0
760,m² land,0.0
760,kWh energy,8281263.749031759
761,m3_wood,0.0
761,kg_cotton,22192500.0
761,m² land,0.0
761,kWh energy,8922046.013619443
762,m3_wood,132864.0
762,kg_cotton,22852500.0
762,m² land,0.0
762,kWh energy,9174864.058869094
763,m3_wood,992.0
763,kg_cotton,24420000.0
763,m² land,0.0
763,kWh energy,9739231.990704881
764,m3_wood,0.0
764,kg_cotton,26482500.0
764,m² land,0.0
764,kWh energy,10498552.98495949
765,m3_wood,0.0
765,kg_cotton,28710000.0
765,m² land,0.0
765,kWh energy,11277738.962044928
766,m3_wood,10624.0
766,kg_cotton,30855000.0
766,m² land,0.0
766,kWh energy,12030204.54068584
767,m3_wood,0.0
767,kg_cotton,32422500.0
767,m² land,0.0
767,kWh energy,12578947.252968792
768,m3_wood,0.0
768,kg_cotton,34072500.0
768,m² land,0.0
768,kWh energy,13205334.549638035
769,m3_wood,5360.0
769,kg_cotton,38280000.0
769,m² land,0.0
769,kWh energy,14727947.375697449
770,m3_wood,18752.0
770,kg_cotton,40507500.0
770,m² land,0.0
770,kWh energy,15556813.417457176
771,m3_wood,29120.0
771,kg_cotton,41910000.0
771,m² land,0.0
771,kWh energy,16026968.324969847
772,m3_wood,0.0
772,kg_cotton,43560000.0
772,m² land,0.0
772,kWh energy,16627693.042877248
773,m3_wood,0.0
773,kg_cotton,43807500.0
773,m² land,0.0
773,kWh energy,16695782.726568555
774,m3_wood,0.0
774,kg_cotton,45787500.0
774,m² land,0.0
774,kWh energy,17415747.482571654
775,m3_wood,0.0
775,kg_cotton,47107500.0
775,m² land,0.0
775,kWh energy,17870057.31990706
776,m3_wood,8128.0
776,kg_cotton,49665000.0
776,m² land,0.0
776,kWh energy,18866494.503162455
777,m3_wood,0.0
777,kg_cotton,50325000.0
777,m² land,0.0
777,kWh energy,19064812.548412092
778,m3_wood,0.0
778,kg_cotton,51232500.0
778,m² land,0.0
778,kWh energy,19440536.6170128
779,m3_wood,0.0
779,kg_cotton,51645000.0
779,m² land,0.0
779,kWh energy,19521622.385747485
780,m3_wood,0.0
780,kg_cotton,52717500.0
780,m² land,0.0
780,kWh energy,19944874.128582496
781,m3_wood,0.0
781,kg_cotton,53542500.0
781,m² land,0.0
781,kWh energy,20221404.650335178
782,m3_wood,0.0
782,kg_cotton,51892500.0
782,m² land,0.0
782,kWh energy,19597180.480247885
783,m3_wood,0.0
783,kg_cotton,53212500.0
783,m² land,0.0
783,kWh energy,20118504.13687406
784,m3_wood,0.0
784,kg_cotton,53130000.0
784,m² land,0.0
784,kWh energy,20090984.772040594
785,m3_wood,0.0
785,kg_cotton,53625000.0
785,m² land,0.0
785,kWh energy,20265598.197183207
786,m3_wood,0.0
786,kg_cotton,54862500.0
786,m² land,0.0
786,kWh energy,20690891.433543313
787,m3_wood,0.0
787,kg_cotton,54615000.0
787,m² land,0.0
787,kWh energy,20602794.248399377
788,m3_wood,0.0
788,kg_cotton,54780000.0
788,m² land,0.0
788,kWh energy,20654169.851484373
789,m3_wood,0.0
789,kg_cotton,55027500.0
789,m² land,0.0
789,kWh energy,20754253.217337497
790,m3_wood,0.0
790,kg_cotton,54862500.0
790,m² land,0.0
790,kWh energy,20682663.94496509
791,m3_wood,0.0
791,kg_cotton,55687500.0
791,m² land,0.0
791,kWh energy,20968851.275461536
792,m3_wood,0.0
792,kg_cotton,56595000.0
792,m² land,0.0
792,kWh energy,21282246.36872612
793,m3_wood,0.0
793,kg_cotton,57337500.0
793,m² land,0.0
793,kWh energy,21597295.432674445
794,m3_wood,0.0
794,kg_cotton,57915000.0
794,m² land,0.0
794,kWh energy,21802594.113090638
795,m3_wood,13120.0
795,kg_cotton,55935000.0
795,m² land,0.0
795,kWh energy,21113629.35708754
796,m3_wood,0.0
796,kg_cotton,55357500.0
796,m² land,0.0
796,kWh energy,20864493.8032533
797,m3_wood,0.0
797,kg_cotton,55522500.0
797,m² land,0.0
797,kWh energy,20870532.532920204
798,m3_wood,0.0
798,kg_cotton,55605000.0
798,m² land,0.0
798,kWh energy,20888532.944239113
799,m3_wood,0.0
799,kg_cotton,54615000.0
799,m² land,0.0
799,kWh energy,20519268.977046654
800,m3_wood,0.0
800,kg_cotton,53460000.0
800,m² land,0.0
800,kWh energy,20096483.323619846
801,m3_wood,0.0
801,kg_cotton,54697500.0
801,m² land,0.0
801,kWh energy,20581838.884585593
802,m3_wood,0.0
802,kg_cotton,54945000.0
802,m² land,0.0
802,kWh energy,20703570.72592208
803,m3_wood,0.0
803,kg_cotton,55522500.0
803,m² land,0.0
803,kWh energy,20916369.40633826
804,m3_wood,0.0
804,kg_cotton,56760000.0
804,m² land,0.0
804,kWh energy,21417323.005422153
805,m3_wood,0.0
805,kg_cotton,54450000.0
805,m² land,0.0
805,kWh energy,20610291.84551783
806,m3_wood,0.0
806,kg_cotton,54037500.0
806,m² land,0.0
806,kWh energy,20462520.839335956
807,m3_wood,0.0
807,kg_cotton,53295000.0
807,m² land,0.0
807,kWh energy,20227465.457549438
808,m3_wood,0.0
808,kg_cotton,51067500.0
808,m² land,0.0
808,kWh energy,19380986.831913255
809,m3_wood,0.0
809,kg_cotton,50820000.0
809,m² land,0.0
809,kWh energy,19283408.203654565
810,m3_wood,0.0
810,kg_cotton,50655000.0
810,m² land,0.0
810,kWh energy,19179398.299320407
811,m3_wood,0.0
811,kg_cotton,49995000.0
811,m² land,0.0
811,kWh energy,18948571.96249629
812,m3_wood,0.0
812,kg_cotton,47932500.0
812,m² land,0.0
812,kWh energy,18214537.298954252
813,m3_wood,0.0
813,kg_cotton,47767500.0
813,m² land,0.0
813,kWh energy,18171511.20496369
814,m3_wood,0.0
814,kg_cotton,45952500.0
814,m² land,0.0
814,kWh energy,17546754.62304765
815,m3_wood,0.0
815,kg_cotton,43065000.0
815,m² land,0.0
815,kWh energy,16403611.206925545
816,m3_wood,0.0
816,kg_cotton,41992500.0
816,m² land,0.0
816,kWh energy,16003693.573650438
817,m3_wood,0.0
817,kg_cotton,39517500.0
817,m² land,0.0
817,kWh energy,15134275.755228508
818,m3_wood,74736.0
818,kg_cotton,36960000.0
818,m² land,0.0
818,kWh energy,14211675.445391169
819,m3_wood,0.0
819,kg_cotton,34815000.0
819,m² land,0.0
819,kWh energy,13417008.833139198
820,m3_wood,8400.0
820,kg_cotton,32587500.0
820,m² land,0.0
820,kWh energy,12596642.791379476
821,m3_wood,0.0
821,kg_cotton,31267500.0
821,m² land,0.0
821,kWh energy,12129169.82746213
822,m3_wood,0.0
822,kg_cotton,30030000.0
822,m² land,0.0
822,kWh energy,11652548.799380325
823,m3_wood,624.0
823,kg_cotton,29122500.0
823,m² land,0.0
823,kWh energy,11310672.659630291
824,m3_wood,0.0
824,kg_cotton,27720000.0
824,m² land,0.0
824,kWh energy,10783343.457461424
825,m3_wood,0.0
825,kg_cotton,26895000.0
825,m² land,0.0
825,kWh energy,10526149.809126802
826,m3_wood,0.0
826,kg_cotton,25575000.0
826,m² land,0.0
826,kWh energy,10057503.098373352
827,m3_wood,0.0
827,kg_cotton,24420000.0
827,m² land,0.0
827,kWh energy,9669731.990704877
828,m3_wood,0.0
828,kg_cotton,23100000.0
828,m² land,0.0
828,kWh energy,9182422.15336948
829,m3_wood,0.0
829,kg_cotton,21285000.0
829,m² land,0.0
829,kWh energy,8513169.873869412
830,m3_wood,0.0
830,kg_cotton,21120000.0
830,m² land,0.0
830,kWh energy,8498957.39736638
831,m3_wood,0.0
831,kg_cotton,20790000.0
831,m² land,0.0
831,kWh energy,8375379.93803253
832,m3_wood,0.0
832,kg_cotton,19552500.0
832,m² land,0.0
832,kWh energy,7949089.465530593
833,m3_wood,0.0
833,kg_cotton,19057500.0
833,m² land,0.0
833,kWh energy,7784473.27652982
834,m3_wood,0.0
834,kg_cotton,18645000.0
834,m² land,0.0
834,kWh energy,7664376.452362511
835,m3_wood,0.0
835,kg_cotton,18645000.0
835,m² land,0.0
835,kWh energy,7688713.325780562
836,m3_wood,0.0
836,kg_cotton,19717500.0
836,m² land,0.0
836,kWh energy,8056965.068615573
837,m3_wood,0.0
837,kg_cotton,19057500.0
837,m² land,0.0
837,kWh energy,7850973.276529823
838,m3_wood,0.0
838,kg_cotton,19470000.0
838,m² land,0.0
838,kWh energy,7971070.100697134
839,m3_wood,0.0
839,kg_cotton,19717500.0
839,m² land,0.0
839,kWh energy,8066628.195197522
840,m3_wood,0.0
840,kg_cotton,19387500.0
840,m² land,0.0
840,kWh energy,7929887.609281722
841,m3_wood,0.0
841,kg_cotton,20295000.0
841,m² land,0.0
841,kWh energy,8245263.749031759
842,m3_wood,0.0
842,kg_cotton,20295000.0
842,m² land,0.0
842,kWh energy,8240763.749031757
843,m3_wood,0.0
843,kg_cotton,19965000.0
843,m² land,0.0
843,kWh energy,8103686.289697908
844,m3_wood,18992.0
844,kg_cotton,20377500.0
844,m² land,0.0
844,kWh energy,8238783.113865219
845,m3_wood,18128.0
845,kg_cotton,20707500.0
845,m² land,0.0
845,kWh energy,8419034.32003517
846,m3_wood,0.0
846,kg_cotton,20130000.0
846,m² land,0.0
846,kWh energy,8179225.019364832
847,m3_wood,0.0
847,kg_cotton,20047500.0
847,m² land,0.0
847,kWh energy,8147205.65453137
848,m3_wood,0.0
848,kg_cotton,19965000.0
848,m² land,0.0
848,kWh energy,8082186.289697908
849,m3_wood,0.0
849,kg_cotton,19552500.0
849,m² land,0.0
849,kWh energy,7947589.465530595
850,m3_wood,0.0
850,kg_cotton,19882500.0
850,m² land,0.0
850,kWh energy,8031666.924864447
851,m3_wood,0.0
851,kg_cotton,20790000.0
851,m² land,0.0
851,kWh energy,8379879.938032533
852,m3_wood,0.0
852,kg_cotton,21367500.0
852,m² land,0.0
852,kWh energy,8573015.491866767
853,m3_wood,0.0
853,kg_cotton,20790000.0
853,m² land,0.0
853,kWh energy,8428379.93803253
854,m3_wood,0.0
854,kg_cotton,20130000.0
854,m² land,0.0
854,kWh energy,8170725.019364836
855,m3_wood,0.0
855,kg_cotton,19882500.0
855,m² land,0.0
855,kWh energy,8048666.924864443
856,m3_wood,0.0
856,kg_cotton,20542500.0
856,m² land,0.0
856,kWh energy,8228995.5903682485
857,m3_wood,0.0
857,kg_cotton,20955000.0
857,m² land,0.0
857,kWh energy,8378418.667699456
858,m3_wood,0.0
858,kg_cotton,22110000.0
858,m² land,0.0
858,kWh energy,8804189.77536793
859,m3_wood,6240.0
859,kg_cotton,21532500.0
859,m² land,0.0
859,kWh energy,8635054.221533693
860,m3_wood,3744.0
860,kg_cotton,21862500.0
860,m² land,0.0
860,kWh energy,8771631.680867543
861,m3_wood,0.0
861,kg_cotton,22192500.0
861,m² land,0.0
861,kWh energy,8848209.140201394
862,m3_wood,0.0
862,kg_cotton,22687500.0
862,m² land,0.0
862,kWh energy,9046662.202620221
863,m3_wood,0.0
863,kg_cotton,22935000.0
863,m² land,0.0
863,kWh energy,9127883.423702557
864,m3_wood,105344.0
864,kg_cotton,24502500.0
864,m² land,0.0
864,kWh energy,9724088.228956392
865,m3_wood,0.0
865,kg_cotton,25080000.0
865,m² land,0.0
865,kWh energy,9880886.909372581
866,m3_wood,18128.0
866,kg_cotton,25822500.0
866,m² land,0.0
866,kWh energy,10128061.19287374
867,m3_wood,0.0
867,kg_cotton,27967500.0
867,m² land,0.0
867,kWh energy,10925564.678543763
868,m3_wood,0.0
868,kg_cotton,27885000.0
868,m² land,0.0
868,kWh energy,10842545.313710302
869,m3_wood,0.0
869,kg_cotton,28627500.0
869,m² land,0.0
869,kWh energy,11111219.597211465
870,m3_wood,10032.0
870,kg_cotton,28710000.0
870,m² land,0.0
870,kWh energy,11150575.83546298
871,m3_wood,0.0
871,kg_cotton,29287500.0
871,m² land,0.0
871,kWh energy,11337874.515879162
872,m3_wood,0.0
872,kg_cotton,30855000.0
872,m² land,0.0
872,kWh energy,11952079.321133006
873,m3_wood,0.0
873,kg_cotton,31762500.0
873,m² land,0.0
873,kWh energy,12236129.20771914
874,m3_wood,0.0
874,kg_cotton,32092500.0
874,m² land,0.0
874,kWh energy,12328532.92021689
875,m3_wood,0.0
875,kg_cotton,34320000.0
875,m² land,0.0
875,kWh energy,13174055.770720381
876,m3_wood,0.0
876,kg_cotton,35722500.0
876,m² land,0.0
876,kWh energy,13746221.846307287
877,m3_wood,0.0
877,kg_cotton,37042500.0
877,m² land,0.0
877,kWh energy,14203694.810224637
878,m3_wood,0.0
878,kg_cotton,38940000.0
878,m² land,0.0
878,kWh energy,14915640.20139427
879,m3_wood,0.0
879,kg_cotton,39352500.0
879,m² land,0.0
879,kWh energy,15112237.025561584
880,m3_wood,0.0
880,kg_cotton,41497500.0
880,m² land,0.0
880,kWh energy,15873240.511231616
881,m3_wood,0.0
881,kg_cotton,43147500.0
881,m² land,0.0
881,kWh energy,16435464.68131891
882,m3_wood,0.0
882,kg_cotton,43477500.0
882,m² land,0.0
882,kWh energy,16526205.267234707
883,m3_wood,0.0
883,kg_cotton,45210000.0
883,m² land,0.0
883,kWh energy,17210111.92873742
884,m3_wood,0.0
884,kg_cotton,45127500.0
884,m² land,0.0
884,kWh energy,17159429.43732201
885,m3_wood,0.0
885,kg_cotton,45540000.0
885,m² land,0.0
885,kWh energy,17321689.388071265
886,m3_wood,0.0
886,kg_cotton,45705000.0
886,m² land,0.0
886,kWh energy,17381564.991156247
887,m3_wood,0.0
887,kg_cotton,44467500.0
887,m² land,0.0
887,kWh energy,16901274.518654313
888,m3_wood,8128.0
888,kg_cotton,44632500.0
888,m² land,0.0
888,kWh energy,16962976.374903183
889,m3_wood,0.0
889,kg_cotton,44220000.0
889,m² land,0.0
889,kWh energy,16789216.42415393
890,m3_wood,0.0
890,kg_cotton,44880000.0
890,m² land,0.0
890,kWh energy,17030871.342821624
891,m3_wood,0.0
891,kg_cotton,44962500.0
891,m² land,0.0
891,kWh energy,17051053.83423703
892,m3_wood,0.0
892,kg_cotton,46200000.0
892,m² land,0.0
892,kWh energy,17490300.081871662
893,m3_wood,0.0
893,kg_cotton,45375000.0
893,m² land,0.0
893,kWh energy,17224943.306955095
894,m3_wood,0.0
894,kg_cotton,46365000.0
894,m² land,0.0
894,kWh energy,17582838.8115386
895,m3_wood,8080.0
895,kg_cotton,44137500.0
895,m² land,0.0
895,kWh energy,16713870.806156559
896,m3_wood,0.0
896,kg_cotton,44055000.0
896,m² land,0.0
896,kWh energy,16694340.821068946
897,m3_wood,0.0
897,kg_cotton,44385000.0
897,m² land,0.0
897,kWh energy,16791918.2804028
898,m3_wood,0.0
898,kg_cotton,43560000.0
898,m² land,0.0
898,kWh energy,16477561.505486224
899,m3_wood,0.0
899,kg_cotton,43725000.0
899,m² land,0.0
899,kWh energy,16587263.361735092
900,m3_wood,0.0
900,kg_cotton,43147500.0
900,m² land,0.0
900,kWh energy,16370627.807900863
901,m3_wood,133712.0
901,kg_cotton,42982500.0
901,m² land,0.0
901,kWh energy,16315089.078233935
902,m3_wood,12848.0
902,kg_cotton,42735000.0
902,m² land,0.0
902,kWh energy,16261530.983733542
903,m3_wood,0.0
903,kg_cotton,42652500.0
903,m² land,0.0
903,kWh energy,16211011.61890009
904,m3_wood,1248.0
904,kg_cotton,44055000.0
904,m² land,0.0
904,kWh energy,16752340.82106895
905,m3_wood,0.0
905,kg_cotton,43230000.0
905,m² land,0.0
905,kWh energy,16397647.172734326
906,m3_wood,0.0
906,kg_cotton,42487500.0
906,m² land,0.0
906,kWh energy,16149472.889233163
907,m3_wood,0.0
907,kg_cotton,41497500.0
907,m² land,0.0
907,kWh energy,15794077.38464966
908,m3_wood,0.0
908,kg_cotton,42570000.0
908,m² land,0.0
908,kWh energy,16219492.254066616
909,m3_wood,0.0
909,kg_cotton,40920000.0
909,m² land,0.0
909,kWh energy,15567604.957397368
910,m3_wood,0.0
910,kg_cotton,39765000.0
910,m² land,0.0
910,kWh energy,15145333.849728895
911,m3_wood,0.0
911,kg_cotton,38857500.0
911,m² land,0.0
911,kWh energy,14844120.836560816
912,m3_wood,0.0
912,kg_cotton,37620000.0
912,m² land,0.0
912,kWh energy,14406830.36405888
913,m3_wood,0.0
913,kg_cotton,34897500.0
913,m² land,0.0
913,kWh energy,13433691.32455462
914,m3_wood,5616.0
914,kg_cotton,34567500.0
914,m² land,0.0
914,kWh energy,13305613.86522077
915,m3_wood,23744.0
915,kg_cotton,33577500.0
915,m² land,0.0
915,kWh energy,12965881.487219213
916,m3_wood,88480.0
916,kg_cotton,34072500.0
916,m² land,0.0
916,kWh energy,13125334.549638042
917,m3_wood,0.0
917,kg_cotton,32587500.0
917,m² land,0.0
917,kWh energy,12564149.109217668
918,m3_wood,0.0
918,kg_cotton,30855000.0
918,m² land,0.0
918,kWh energy,11952579.321133005
919,m3_wood,0.0
919,kg_cotton,28875000.0
919,m² land,0.0
919,kWh energy,11222277.691711852
920,m3_wood,0.0
920,kg_cotton,26482500.0
920,m² land,0.0
920,kWh energy,10392716.11154144
921,m3_wood,0.0
921,kg_cotton,25987500.0
921,m² land,0.0
921,kWh energy,10222599.922540667
922,m3_wood,0.0
922,kg_cotton,26070000.0
922,m² land,0.0
922,kWh energy,10271619.287374126
923,m3_wood,0.0
923,kg_cotton,25740000.0
923,m² land,0.0
923,kWh energy,10122541.82804028
924,m3_wood,0.0
924,kg_cotton,25162500.0
924,m² land,0.0
924,kWh energy,9915406.274206039
925,m3_wood,0.0
925,kg_cotton,24420000.0
925,m² land,0.0
925,kWh energy,9659231.99070488
926,m3_wood,0.0
926,kg_cotton,23925000.0
926,m² land,0.0
926,kWh energy,9453615.801704101
927,m3_wood,0.0
927,kg_cotton,23347500.0
927,m² land,0.0
927,kWh energy,9291480.24786987
928,m3_wood,0.0
928,kg_cotton,22605000.0
928,m² land,0.0
928,kWh energy,9026979.711204808
929,m3_wood,0.0
929,kg_cotton,22027500.0
929,m² land,0.0
929,kWh energy,8817170.41053447
930,m3_wood,0.0
930,kg_cotton,21615000.0
930,m² land,0.0
930,kWh energy,8652573.586367156
931,m3_wood,0.0
931,kg_cotton,21037500.0
931,m² land,0.0
931,kWh energy,8452438.032532917
932,m3_wood,0.0
932,kg_cotton,20130000.0
932,m² land,0.0
932,kWh energy,8103725.019364833
933,m3_wood,0.0
933,kg_cotton,20542500.0
933,m² land,0.0
933,kWh energy,8258321.843532143
934,m3_wood,1872.0
934,kg_cotton,21120000.0
934,m² land,0.0
934,kWh energy,8461457.397366384
935,m3_wood,88176.0
935,kg_cotton,20872500.0
935,m² land,0.0
935,kWh energy,8335899.302865994
936,m3_wood,0.0
936,kg_cotton,20872500.0
936,m² land,0.0
936,kWh energy,8316399.302865994
937,m3_wood,0.0
937,kg_cotton,21532500.0
937,m² land,0.0
937,kWh energy,8547554.221533695
938,m3_wood,0.0
938,kg_cotton,20790000.0
938,m² land,0.0
938,kWh energy,8302379.938032533
939,m3_wood,0.0
939,kg_cotton,19882500.0
939,m² land,0.0
939,kWh energy,7936003.7982824985
940,m3_wood,0.0
940,kg_cotton,18315000.0
940,m² land,0.0
940,kWh energy,7352635.866446711
941,m3_wood,0.0
941,kg_cotton,18067500.0
941,m² land,0.0
941,kWh energy,7274414.645364375
942,m3_wood,0.0
942,kg_cotton,17737500.0
942,m² land,0.0
942,kWh energy,7171163.439194422
943,m3_wood,0.0
943,kg_cotton,17902500.0
943,m² land,0.0
943,kWh energy,7202539.042279397
944,m3_wood,0.0
944,kg_cotton,17242500.0
944,m² land,0.0
944,kWh energy,6985911.5455497205
945,m3_wood,0.0
945,kg_cotton,17490000.0
945,m² land,0.0
945,kWh energy,7048105.344694036
946,m3_wood,0.0
946,kg_cotton,17160000.0
946,m² land,0.0
946,kWh energy,6963027.885360186
947,m3_wood,0.0
947,kg_cotton,17242500.0
947,m² land,0.0
947,kWh energy,7022384.123611699
948,m3_wood,0.0
948,kg_cotton,17490000.0
948,m² land,0.0
948,kWh energy,7150105.344694034
949,m3_wood,0.0
949,kg_cotton,17902500.0
949,m² land,0.0
949,kWh energy,7302202.168861346
950,m3_wood,0.0
950,kg_cotton,18892500.0
950,m² land,0.0
950,kWh energy,7657934.5468628965
951,m3_wood,0.0
951,kg_cotton,18727500.0
951,m² land,0.0
951,kWh energy,7589395.8171959715
952,m3_wood,23120.0
952,kg_cotton,20295000.0
952,m² land,0.0
952,kWh energy,8222763.749031759
953,m3_wood,0.0
953,kg_cotton,20460000.0
953,m² land,0.0
953,kWh energy,8277302.47869868
954,m3_wood,0.0
954,kg_cotton,20707500.0
954,m² land,0.0
954,kWh energy,8343860.57319907
955,m3_wood,0.0
955,kg_cotton,20460000.0
955,m² land,0.0
955,kWh energy,8210802.478698685
956,m3_wood,6256.0
956,kg_cotton,20955000.0
956,m² land,0.0
956,kWh energy,8464918.667699456
957,m3_wood,1872.0
957,kg_cotton,21697500.0
957,m² land,0.0
957,kWh energy,8719092.95120062
958,m3_wood,3744.0
958,kg_cotton,22440000.0
958,m² land,0.0
958,kWh energy,8950267.234701779
959,m3_wood,0.0
959,kg_cotton,21615000.0
959,m² land,0.0
959,kWh energy,8618573.586367156
960,m3_wood,0.0
960,kg_cotton,21862500.0
960,m² land,0.0
960,kWh energy,8651131.680867542
961,m3_wood,0.0
961,kg_cotton,22357500.0
961,m² land,0.0
961,kWh energy,8850084.743286371
962,m3_wood,0.0
962,kg_cotton,21780000.0
962,m² land,0.0
962,kWh energy,8680949.189452132
963,m3_wood,0.0
963,kg_cotton,22357500.0
963,m² land,0.0
963,kWh energy,8884747.869868318
964,m3_wood,0.0
964,kg_cotton,23430000.0
964,m² land,0.0
964,kWh energy,9257173.359539436
965,m3_wood,0.0
965,kg_cotton,24007500.0
965,m² land,0.0
965,kWh energy,9468135.16653757
966,m3_wood,0.0
966,kg_cotton,24007500.0
966,m² land,0.0
966,kWh energy,9449135.16653757
967,m3_wood,0.0
967,kg_cotton,25162500.0
967,m² land,0.0
967,kWh energy,9830406.274206046
968,m3_wood,0.0
968,kg_cotton,26482500.0
968,m² land,0.0
968,kWh energy,10318716.111541439
969,m3_wood,0.0
969,kg_cotton,27307500.0
969,m² land,0.0
969,kWh energy,10652909.759876061
970,m3_wood,0.0
970,kg_cotton,28462500.0
970,m² land,0.0
970,kWh energy,11076017.740962598
971,m3_wood,0.0
971,kg_cotton,28132500.0
971,m² land,0.0
971,kWh energy,10969103.408210697
972,m3_wood,0.0
972,kg_cotton,29370000.0
972,m² land,0.0
972,kWh energy,11436393.880712627
973,m3_wood,0.0
973,kg_cotton,30112500.0
973,m² land,0.0
973,kWh energy,11638068.164213788
974,m3_wood,0.0
974,kg_cotton,30195000.0
974,m² land,0.0
974,kWh energy,11603087.52904725
975,m3_wood,0.0
975,kg_cotton,30855000.0
975,m² land,0.0
975,kWh energy,11857079.321133003
976,m3_wood,0.0
976,kg_cotton,32587500.0
976,m² land,0.0
976,kWh energy,12472149.109217659
977,m3_wood,0.0
977,kg_cotton,32752500.0
977,m² land,0.0
977,kWh energy,12573187.838884586
978,m3_wood,0.0
978,kg_cotton,34402500.0
978,m² land,0.0
978,kWh energy,13204248.882389938
979,m3_wood,0.0
979,kg_cotton,34732500.0
979,m² land,0.0
979,kWh energy,13318652.59488769
980,m3_wood,0.0
980,kg_cotton,35392500.0
980,m² land,0.0
980,kWh energy,13599807.513555389
981,m3_wood,0.0
981,kg_cotton,35970000.0
981,m² land,0.0
981,kWh energy,13798779.940807676
982,m3_wood,0.0
982,kg_cotton,36135000.0
982,m² land,0.0
982,kWh energy,13836318.670474596
983,m3_wood,0.0
983,kg_cotton,34980000.0
983,m² land,0.0
983,kWh energy,13398047.562806126
984,m3_wood,0.0
984,kg_cotton,34072500.0
984,m² land,0.0
984,kWh energy,13074497.676219983
985,m3_wood,0.0
985,kg_cotton,32340000.0
985,m² land,0.0
985,kWh energy,12446091.014717279
986,m3_wood,0.0
986,kg_cotton,34072500.0
986,m² land,0.0
986,kWh energy,13070997.67621999
987,m3_wood,0.0
987,kg_cotton,34815000.0
987,m² land,0.0
987,kWh energy,13353345.706557259
988,m3_wood,0.0
988,kg_cotton,33412500.0
988,m² land,0.0
988,kWh energy,12840342.757552288
989,m3_wood,64992.0
989,kg_cotton,33577500.0
989,m² land,0.0
989,kWh energy,12924718.360637268
990,m3_wood,0.0
990,kg_cotton,33825000.0
990,m² land,0.0
990,kWh energy,12998939.581719605
991,m3_wood,0.0
991,kg_cotton,33412500.0
991,m² land,0.0
991,kWh energy,12865179.630970336
992,m3_wood,0.0
992,kg_cotton,33577500.0
992,m² land,0.0
992,kWh energy,12891881.48721921
993,m3_wood,944.0
993,kg_cotton,33165000.0
993,m² land,0.0
993,kWh energy,12810121.536469957
994,m3_wood,24112.0
994,kg_cotton,33412500.0
994,m² land,0.0
994,kWh energy,12887179.63097034
995,m3_wood,0.0
995,kg_cotton,34567500.0
995,m² land,0.0
995,kWh energy,13299950.73863881
996,m3_wood,0.0
996,kg_cotton,34815000.0
996,m² land,0.0
996,kWh energy,13374671.959721142
997,m3_wood,0.0
997,kg_cotton,35970000.0
997,m² land,0.0
997,kWh energy,13836443.067389622
998,m3_wood,23152.0
998,kg_cotton,35805000.0
998,m² land,0.0
998,kWh energy,13770404.337722696
999,m3_wood,0.0
999,kg_cotton,35145000.0
999,m² land,0.0
999,kWh energy,13514249.419054998
1000,m3_wood,0.0
1000,kg_cotton,33495000.0
1000,m² land,0.0
1000,kWh energy,12881198.995803809
1001,m3_wood,0.0
1001,kg_cotton,33330000.0
1001,m² land,0.0
1001,kWh energy,12843823.392718824
1002,m3_wood,5968.0
1002,kg_cotton,34237500.0
1002,m² land,0.0
1002,kWh energy,13151036.405886913
1003,m3_wood,0.0
1003,kg_cotton,34485000.0
1003,m² land,0.0
1003,kWh energy,13232594.500387302
1004,m3_wood,0.0
1004,kg_cotton,35062500.0
1004,m² land,0.0
1004,kWh energy,13396566.92763959
1005,m3_wood,0.0
1005,kg_cotton,35310000.0
1005,m² land,0.0
1005,kWh energy,13500788.14872193
1006,m3_wood,0.0
1006,kg_cotton,36052500.0
1006,m² land,0.0
1006,kWh energy,13755962.432223082
1007,m3_wood,0.0
1007,kg_cotton,35722500.0
1007,m² land,0.0
1007,kWh energy,13657384.972889239
1008,m3_wood,0.0
1008,kg_cotton,34650000.0
1008,m² land,0.0
1008,kWh energy,13266633.230054228
1009,m3_wood,0.0
1009,kg_cotton,32175000.0
1009,m² land,0.0
1009,kWh energy,12360552.285050357
1010,m3_wood,0.0
1010,kg_cotton,31267500.0
1010,m² land,0.0
1010,kWh energy,12030339.271882268
1011,m3_wood,0.0
1011,kg_cotton,29865000.0
1011,m² land,0.0
1011,kWh energy,11532346.943131458
1012,m3_wood,0.0
1012,kg_cotton,30195000.0
1012,m² land,0.0
1012,kWh energy,11662424.402465308
1013,m3_wood,0.0
1013,kg_cotton,28462500.0
1013,m² land,0.0
1013,kWh energy,11034180.867544543
1014,m3_wood,0.0
1014,kg_cotton,28462500.0
1014,m² land,0.0
1014,kWh energy,11055017.740962593
1015,m3_wood,0.0
1015,kg_cotton,28545000.0
1015,m² land,0.0
1015,kWh energy,11067200.232378002
1016,m3_wood,0.0
1016,kg_cotton,27142500.0
1016,m² land,0.0
1016,kWh energy,10541871.030209143
1017,m3_wood,0.0
1017,kg_cotton,26565000.0
1017,m² land,0.0
1017,kWh energy,10323235.476374906
1018,m3_wood,0.0
1018,kg_cotton,26317500.0
1018,m² land,0.0
1018,kWh energy,10266177.381874518
1019,m3_wood,0.0
1019,kg_cotton,25905000.0
1019,m² land,0.0
1019,kWh energy,10080580.557707204
1020,m3_wood,0.0
1020,kg_cotton,26977500.0
1020,m² land,0.0
1020,kWh energy,10521169.173960267
1021,m3_wood,0.0
1021,kg_cotton,26070000.0
1021,m² land,0.0
1021,kWh energy,10177119.287374126
1022,m3_wood,0.0
1022,kg_cotton,26895000.0
1022,m² land,0.0
1022,kWh energy,10470812.935708746
1023,m3_wood,0.0
1023,kg_cotton,25905000.0
1023,m² land,0.0
1023,kWh energy,10088917.431125253
1024,m3_wood,608.0
1024,kg_cotton,24750000.0
1024,m² land,0.0
1024,kWh energy,9664309.450038726
1025,m3_wood,0.0
1025,kg_cotton,24502500.0
1025,m² land,0.0
1025,kWh energy,9598251.35553834
1026,m3_wood,0.0
1026,kg_cotton,24172500.0
1026,m² land,0.0
1026,kWh energy,9461173.89620449
1027,m3_wood,0.0
1027,kg_cotton,24172500.0
1027,m² land,0.0
1027,kWh energy,9496673.896204492
1028,m3_wood,0.0
1028,kg_cotton,23512500.0
1028,m² land,0.0
1028,kWh energy,9267018.977536792
1029,m3_wood,0.0
1029,kg_cotton,24007500.0
1029,m² land,0.0
1029,kWh energy,9427635.16653757
1030,m3_wood,0.0
1030,kg_cotton,23182500.0
1030,m² land,0.0
1030,kWh energy,9141941.51820294
1031,m3_wood,0.0
1031,kg_cotton,22275000.0
1031,m² land,0.0
1031,kWh energy,8824728.505034855
1032,m3_wood,70256.0
1032,kg_cotton,21532500.0
1032,m² land,0.0
1032,kWh energy,8599554.221533695
1033,m3_wood,0.0
1033,kg_cotton,21697500.0
1033,m² land,0.0
1033,kWh energy,8632592.95120062
1034,m3_wood,0.0
1034,kg_cotton,22275000.0
1034,m² land,0.0
1034,kWh energy,8851228.505034856
1035,m3_wood,0.0
1035,kg_cotton,21780000.0
1035,m² land,0.0
1035,kWh energy,8663449.189452132
1036,m3_wood,0.0
1036,kg_cotton,21120000.0
1036,m² land,0.0
1036,kWh energy,8397457.397366378
1037,m3_wood,0.0
1037,kg_cotton,21780000.0
1037,m² land,0.0
1037,kWh energy,8638949.189452132
1038,m3_wood,0.0
1038,kg_cotton,21615000.0
1038,m² land,0.0
1038,kWh energy,8521573.586367154
1039,m3_wood,0.0
1039,kg_cotton,20460000.0
1039,m² land,0.0
1039,kWh energy,8142802.47869868
1040,m3_wood,0.0
1040,kg_cotton,20707500.0
1040,m² land,0.0
1040,kWh energy,8215197.44661712
1041,m3_wood,0.0
1041,kg_cotton,21367500.0
1041,m² land,0.0
1041,kWh energy,8515015.49186677
1042,m3_wood,0.0
1042,kg_cotton,21285000.0
1042,m² land,0.0
1042,kWh energy,8487833.000451362
1043,m3_wood,0.0
1043,kg_cotton,21532500.0
1043,m² land,0.0
1043,kWh energy,8612554.221533695
1044,m3_wood,0.0
1044,kg_cotton,21945000.0
1044,m² land,0.0
1044,kWh energy,8690651.045701005
1045,m3_wood,0.0
1045,kg_cotton,22687500.0
1045,m² land,0.0
1045,kWh energy,8964825.329202168
1046,m3_wood,0.0
1046,kg_cotton,21945000.0
1046,m² land,0.0
1046,kWh energy,8711651.045701006
1047,m3_wood,0.0
1047,kg_cotton,21532500.0
1047,m² land,0.0
1047,kWh energy,8504554.221533695
1048,m3_wood,0.0
1048,kg_cotton,21862500.0
1048,m² land,0.0
1048,kWh energy,8664468.554285595
1049,m3_wood,0.0
1049,kg_cotton,20212500.0
1049,m² land,0.0
1049,kWh energy,8071244.384198296
1050,m3_wood,0.0
1050,kg_cotton,20625000.0
1050,m² land,0.0
1050,kWh energy,8228841.208365607
1051,m3_wood,0.0
1051,kg_cotton,21450000.0
1051,m² land,0.0
1051,kWh energy,8526034.856700234
1052,m3_wood,0.0
1052,kg_cotton,21037500.0
1052,m² land,0.0
1052,kWh energy,8375938.032532919
1053,m3_wood,0.0
1053,kg_cotton,21120000.0
1053,m² land,0.0
1053,kWh energy,8379457.397366382
1054,m3_wood,0.0
1054,kg_cotton,21285000.0
1054,m² land,0.0
1054,kWh energy,8430996.127033306
1055,m3_wood,0.0
1055,kg_cotton,20625000.0
1055,m² land,0.0
1055,kWh energy,8135341.208365608
1056,m3_wood,0.0
1056,kg_cotton,21202500.0
1056,m² land,0.0
1056,kWh energy,8404313.635617897
1057,m3_wood,0.0
1057,kg_cotton,20955000.0
1057,m² land,0.0
1057,kWh energy,8344418.667699455
1058,m3_wood,0.0
1058,kg_cotton,21615000.0
1058,m² land,0.0
1058,kWh energy,8566573.586367154
1059,m3_wood,0.0
1059,kg_cotton,22605000.0
1059,m² land,0.0
1059,kWh energy,8965642.837786758
1060,m3_wood,0.0
1060,kg_cotton,23017500.0
1060,m² land,0.0
1060,kWh energy,9102239.661954073
1061,m3_wood,0.0
1061,kg_cotton,23595000.0
1061,m² land,0.0
1061,kWh energy,9304538.342370257
1062,m3_wood,0.0
1062,kg_cotton,23512500.0
1062,m² land,0.0
1062,kWh energy,9291018.97753679
1063,m3_wood,0.0
1063,kg_cotton,24172500.0
1063,m² land,0.0
1063,kWh energy,9515173.896204494
1064,m3_wood,0.0
1064,kg_cotton,24337500.0
1064,m² land,0.0
1064,kWh energy,9585712.625871416
1065,m3_wood,0.0
1065,kg_cotton,25740000.0
1065,m² land,0.0
1065,kWh energy,10118041.828040283
1066,m3_wood,0.0
1066,kg_cotton,26070000.0
1066,m² land,0.0
1066,kWh energy,10232119.287374128
1067,m3_wood,0.0
1067,kg_cotton,25162500.0
1067,m² land,0.0
1067,kWh energy,9929906.274206042
1068,m3_wood,0.0
1068,kg_cotton,24832500.0
1068,m² land,0.0
1068,kWh energy,9813828.81487219
1069,m3_wood,0.0
1069,kg_cotton,24750000.0
1069,m² land,0.0
1069,kWh energy,9761309.45003873
1070,m3_wood,0.0
1070,kg_cotton,24337500.0
1070,m² land,0.0
1070,kWh energy,9575712.625871412
1071,m3_wood,0.0
1071,kg_cotton,25162500.0
1071,m² land,0.0
1071,kWh energy,9869906.274206042
1072,m3_wood,0.0
1072,kg_cotton,24915000.0
1072,m² land,0.0
1072,kWh energy,9750348.179705657
1073,m3_wood,174080.0
1073,kg_cotton,24007500.0
1073,m² land,0.0
1073,kWh energy,9433135.166537568
1074,m3_wood,0.0
1074,kg_cotton,24502500.0
1074,m² land,0.0
1074,kWh energy,9608588.228956396
1075,m3_wood,0.0
1075,kg_cotton,24172500.0
1075,m² land,0.0
1075,kWh energy,9487173.896204488
1076,m3_wood,0.0
1076,kg_cotton,24172500.0
1076,m² land,0.0
1076,kWh energy,9496673.89620449
1077,m3_wood,30016.0
1077,kg_cotton,24585000.0
1077,m² land,0.0
1077,kWh energy,9606270.720371803
1078,m3_wood,0.0
1078,kg_cotton,26070000.0
1078,m² land,0.0
1078,kWh energy,10139119.287374131
1079,m3_wood,6864.0
1079,kg_cotton,26565000.0
1079,m² land,0.0
1079,kWh energy,10321735.476374906
1080,m3_wood,0.0
1080,kg_cotton,28215000.0
1080,m² land,0.0
1080,kWh energy,10925622.773044156
1081,m3_wood,0.0
1081,kg_cotton,28297500.0
1081,m² land,0.0
1081,kWh energy,10921815.884713722
1082,m3_wood,0.0
1082,kg_cotton,28050000.0
1082,m² land,0.0
1082,kWh energy,10809257.790213333
1083,m3_wood,0.0
1083,kg_cotton,27720000.0
1083,m² land,0.0
1083,kWh energy,10723506.58404338
1084,m3_wood,0.0
1084,kg_cotton,26812500.0
1084,m² land,0.0
1084,kWh energy,10406630.444293344
1085,m3_wood,0.0
1085,kg_cotton,26400000.0
1085,m² land,0.0
1085,kWh energy,10249196.746707981
1086,m3_wood,0.0
1086,kg_cotton,26152500.0
1086,m² land,0.0
1086,kWh energy,10160638.65220759
1087,m3_wood,0.0
1087,kg_cotton,26152500.0
1087,m² land,0.0
1087,kWh energy,10204138.652207593
1088,m3_wood,0.0
1088,kg_cotton,27142500.0
1088,m² land,0.0
1088,kWh energy,10509207.90362719
1089,m3_wood,0.0
1089,kg_cotton,26895000.0
1089,m² land,0.0
1089,kWh energy,10409812.935708757
1090,m3_wood,0.0
1090,kg_cotton,27885000.0
1090,m² land,0.0
1090,kWh energy,10780382.187128361
1091,m3_wood,0.0
1091,kg_cotton,28957500.0
1091,m² land,0.0
1091,kWh energy,11188970.80338142
1092,m3_wood,0.0
1092,kg_cotton,29370000.0
1092,m² land,0.0
1092,kWh energy,11332893.880712627
1093,m3_wood,0.0
1093,kg_cotton,30112500.0
1093,m² land,0.0
1093,kWh energy,11609068.164213791
1094,m3_wood,0.0
1094,kg_cotton,29782500.0
1094,m² land,0.0
1094,kWh energy,11475990.70487994
1095,m3_wood,0.0
1095,kg_cotton,29287500.0
1095,m² land,0.0
1095,kWh energy,11305874.515879171
1096,m3_wood,0.0
1096,kg_cotton,28957500.0
1096,m² land,0.0
1096,kWh energy,11156797.056545317
1097,m3_wood,0.0
1097,kg_cotton,29617500.0
1097,m² land,0.0
1097,kWh energy,11438951.975213017
1098,m3_wood,0.0
1098,kg_cotton,30442500.0
1098,m² land,0.0
1098,kWh energy,11721281.463354627
1099,m3_wood,0.0
1099,kg_cotton,29535000.0
1099,m² land,0.0
1099,kWh energy,11361369.431997696
1100,m3_wood,0.0
1100,kg_cotton,29452500.0
1100,m² land,0.0
1100,kWh energy,11283675.772508046
1101,m3_wood,0.0
1101,kg_cotton,29865000.0
1101,m² land,0.0
1101,kWh energy,11423972.162684288
1102,m3_wood,0.0
1102,kg_cotton,30607500.0
1102,m² land,0.0
1102,kWh energy,11740983.319603503
1103,m3_wood,0.0
1103,kg_cotton,30442500.0
1103,m² land,0.0
1103,kWh energy,11663982.496965693
1104,m3_wood,0.0
1104,kg_cotton,29617500.0
1104,m² land,0.0
1104,kWh energy,11381451.975213015
1105,m3_wood,0.0
1105,kg_cotton,28957500.0
1105,m² land,0.0
1105,kWh energy,11166771.785192573
1106,m3_wood,18752.0
1106,kg_cotton,28545000.0
1106,m² land,0.0
1106,kWh energy,11005148.109428776
1107,m3_wood,0.0
1107,kg_cotton,28875000.0
1107,m² land,0.0
1107,kWh energy,11151291.511002637
1108,m3_wood,0.0
1108,kg_cotton,28710000.0
1108,m² land,0.0
1108,kWh energy,11047731.063962996
1109,m3_wood,0.0
1109,kg_cotton,28957500.0
1109,m² land,0.0
1109,kWh energy,11146133.929963367
1110,m3_wood,0.0
1110,kg_cotton,28380000.0
1110,m² land,0.0
1110,kWh energy,10926142.54919652
1111,m3_wood,0.0
1111,kg_cotton,28380000.0
1111,m² land,0.0
1111,kWh energy,10945966.7869382
1112,m3_wood,0.0
1112,kg_cotton,27885000.0
1112,m² land,0.0
1112,kWh energy,10796352.065539556
1113,m3_wood,0.0
1113,kg_cotton,25987500.0
1113,m² land,0.0
1113,kWh energy,10120568.33334974
1114,m3_wood,0.0
1114,kg_cotton,24667500.0
1114,m² land,0.0
1114,kWh energy,9636764.813852528
1115,m3_wood,0.0
1115,kg_cotton,24172500.0
1115,m² land,0.0
1115,kWh energy,9431161.260528121
1116,m3_wood,0.0
1116,kg_cotton,24420000.0
1116,m² land,0.0
1116,kWh energy,9531079.919555562
1117,m3_wood,0.0
1117,kg_cotton,24090000.0
1117,m² land,0.0
1117,kWh energy,9368002.460221708
1118,m3_wood,0.0
1118,kg_cotton,23430000.0
1118,m² land,0.0
1118,kWh energy,9112999.61270333
1119,m3_wood,0.0
1119,kg_cotton,24255000.0
1119,m² land,0.0
1119,kWh energy,9464693.261037957
1120,m3_wood,0.0
1120,kg_cotton,24007500.0
1120,m² land,0.0
1120,kWh energy,9392472.039955618
1121,m3_wood,0.0
1121,kg_cotton,22605000.0
1121,m² land,0.0
1121,kWh energy,8894805.964368703
1122,m3_wood,0.0
1122,kg_cotton,22687500.0
1122,m² land,0.0
1122,kWh energy,8948825.329202166
1123,m3_wood,0.0
1123,kg_cotton,22357500.0
1123,m² land,0.0
1123,kWh energy,8843584.743286373
1124,m3_wood,0.0
1124,kg_cotton,24007500.0
1124,m² land,0.0
1124,kWh energy,9496135.166537568
1125,m3_wood,0.0
1125,kg_cotton,25987500.0
1125,m² land,0.0
1125,kWh energy,10169099.922540665
1126,m3_wood,0.0
1126,kg_cotton,26070000.0
1126,m² land,0.0
1126,kWh energy,10186619.287374128
1127,m3_wood,0.0
1127,kg_cotton,25657500.0
1127,m² land,0.0
1127,kWh energy,9957522.46320682
1128,m3_wood,6256.0
1128,kg_cotton,25327500.0
1128,m² land,0.0
1128,kWh energy,9850953.295447433
1129,m3_wood,0.0
1129,kg_cotton,24255000.0
1129,m² land,0.0
1129,kWh energy,9454204.31647058
1130,m3_wood,0.0
1130,kg_cotton,22852500.0
1130,m² land,0.0
1130,kWh energy,8946864.058869092
1131,m3_wood,0.0
1131,kg_cotton,23017500.0
1131,m² land,0.0
1131,kWh energy,9039402.78853602
1132,m3_wood,0.0
1132,kg_cotton,22110000.0
1132,m² land,0.0
1132,kWh energy,8719189.775367932
1133,m3_wood,0.0
1133,kg_cotton,21780000.0
1133,m² land,0.0
1133,kWh energy,8574949.189452132
1134,m3_wood,0.0
1134,kg_cotton,20872500.0
1134,m² land,0.0
1134,kWh energy,8288399.302865994
1135,m3_wood,0.0
1135,kg_cotton,21037500.0
1135,m² land,0.0
1135,kWh energy,8332938.032532918
1136,m3_wood,0.0
1136,kg_cotton,19882500.0
1136,m² land,0.0
1136,kWh energy,7917166.924864448
1137,m3_wood,0.0
1137,kg_cotton,19552500.0
1137,m² land,0.0
1137,kWh energy,7776089.465530595
1138,m3_wood,0.0
1138,kg_cotton,18892500.0
1138,m² land,0.0
1138,kWh energy,7524271.420280947
1139,m3_wood,0.0
1139,kg_cotton,19222500.0
1139,m² land,0.0
1139,kWh energy,7637348.879614799
1140,m3_wood,0.0
1140,kg_cotton,19800000.0
1140,m² land,0.0
1140,kWh energy,7864984.4334490355
1141,m3_wood,0.0
1141,kg_cotton,19140000.0
1141,m² land,0.0
1141,kWh energy,7654492.641363286
1142,m3_wood,0.0
1142,kg_cotton,19140000.0
1142,m² land,0.0
1142,kWh energy,7649329.514781339
1143,m3_wood,0.0
1143,kg_cotton,19305000.0
1143,m² land,0.0
1143,kWh energy,7735531.371030208
1144,m3_wood,0.0
1144,kg_cotton,17902500.0
1144,m² land,0.0
1144,kWh energy,7220039.042279398
1145,m3_wood,0.0
1145,kg_cotton,19057500.0
1145,m² land,0.0
1145,kWh energy,7586973.276529822
1146,m3_wood,0.0
1146,kg_cotton,19387500.0
1146,m² land,0.0
1146,kWh energy,7639550.735863671
1147,m3_wood,0.0
1147,kg_cotton,18315000.0
1147,m² land,0.0
1147,kWh energy,7227798.993028661
1148,m3_wood,0.0
1148,kg_cotton,17820000.0
1148,m² land,0.0
1148,kWh energy,7074682.804027885
1149,m3_wood,0.0
1149,kg_cotton,16335000.0
1149,m² land,0.0
1149,kWh energy,6560334.237025561
1150,m3_wood,0.0
1150,kg_cotton,16087500.0
1150,m² land,0.0
1150,kWh energy,6515276.142525174
1151,m3_wood,0.0
1151,kg_cotton,16500000.0
1151,m² land,0.0
1151,kWh energy,6693372.966692487
1152,m3_wood,9648.0
1152,kg_cotton,16500000.0
1152,m² land,0.0
1152,kWh energy,6715209.8401105385
1153,m3_wood,4992.0
1153,kg_cotton,16335000.0
1153,m² land,0.0
1153,kWh energy,6602834.237025561
1154,m3_wood,0.0
1154,kg_cotton,16335000.0
1154,m² land,0.0
1154,kWh energy,6610007.983861663
1155,m3_wood,0.0
1155,kg_cotton,16170000.0
1155,m² land,0.0
1155,kWh energy,6527632.380776687
1156,m3_wood,0.0
1156,kg_cotton,16665000.0
1156,m² land,0.0
1156,kWh energy,6743911.696359411
1157,m3_wood,0.0
1157,kg_cotton,16747500.0
1157,m² land,0.0
1157,kWh energy,6787767.934610926
1158,m3_wood,0.0
1158,kg_cotton,17325000.0
1158,m² land,0.0
1158,kWh energy,6996066.61502711
1159,m3_wood,0.0
1159,kg_cotton,17655000.0
1159,m² land,0.0
1159,kWh energy,7105144.07436096
1160,m3_wood,0.0
1160,kg_cotton,17655000.0
1160,m² land,0.0
1160,kWh energy,7080644.074360961
1161,m3_wood,33504.0
1161,kg_cotton,18397500.0
1161,m² land,0.0
1161,kWh energy,7369318.357862121
1162,m3_wood,0.0
1162,kg_cotton,18232500.0
1162,m² land,0.0
1162,kWh energy,7319279.628195197
1163,m3_wood,0.0
1163,kg_cotton,19140000.0
1163,m² land,0.0
1163,kWh energy,7617492.641363285
1164,m3_wood,0.0
1164,kg_cotton,19800000.0
1164,m² land,0.0
1164,kWh energy,7860647.560030983
1165,m3_wood,0.0
1165,kg_cotton,21285000.0
1165,m² land,0.0
1165,kWh energy,8402996.127033306
1166,m3_wood,0.0
1166,kg_cotton,20955000.0
1166,m² land,0.0
1166,kWh energy,8306418.667699456
1167,m3_wood,0.0
1167,kg_cotton,21120000.0
1167,m² land,0.0
1167,kWh energy,8340957.397366382
1168,m3_wood,0.0
1168,kg_cotton,21120000.0
1168,m² land,0.0
1168,kWh energy,8352794.270784436
1169,m3_wood,0.0
1169,kg_cotton,20790000.0
1169,m² land,0.0
1169,kWh energy,8220879.93803253
1170,m3_wood,11904.0
1170,kg_cotton,20295000.0
1170,m² land,0.0
1170,kWh energy,8069763.749031756
1171,m3_wood,24992.0
1171,kg_cotton,19882500.0
1171,m² land,0.0
1171,kWh energy,7874666.924864446
1172,m3_wood,4992.0
1172,kg_cotton,20047500.0
1172,m² land,0.0
1172,kWh energy,7940705.654531368
1173,m3_wood,0.0
1173,kg_cotton,20212500.0
1173,m² land,0.0
1173,kWh energy,7929744.384198295
1174,m3_wood,0.0
1174,kg_cotton,20625000.0
1174,m² land,0.0
1174,kWh energy,8107841.208365608
1175,m3_wood,0.0
1175,kg_cotton,20212500.0
1175,m² land,0.0
1175,kWh energy,7950244.384198298
1176,m3_wood,0.0
1176,kg_cotton,20212500.0
1176,m² land,0.0
1176,kWh energy,7943581.257616349
1177,m3_wood,0.0
1177,kg_cotton,19882500.0
1177,m² land,0.0
1177,kWh energy,7859166.924864447
1178,m3_wood,0.0
1178,kg_cotton,19717500.0
1178,m² land,0.0
1178,kWh energy,7770128.195197519
1179,m3_wood,0.0
1179,kg_cotton,19717500.0
1179,m² land,0.0
1179,kWh energy,7796128.195197519
1180,m3_wood,0.0
1180,kg_cotton,19222500.0
1180,m² land,0.0
1180,kWh energy,7628512.006196745
1181,m3_wood,0.0
1181,kg_cotton,20955000.0
1181,m² land,0.0
1181,kWh energy,8292918.667699458
1182,m3_wood,0.0
1182,kg_cotton,20872500.0
1182,m² land,0.0
1182,kWh energy,8225763.598222068
1183,m3_wood,0.0
1183,kg_cotton,21615000.0
1183,m² land,0.0
1183,kWh energy,8527410.459785208
1184,m3_wood,0.0
1184,kg_cotton,22440000.0
1184,m² land,0.0
1184,kWh energy,8829767.23470178
1185,m3_wood,0.0
1185,kg_cotton,23100000.0
1185,m² land,0.0
1185,kWh energy,9089422.153369479
1186,m3_wood,0.0
1186,kg_cotton,25080000.0
1186,m² land,0.0
1186,kWh energy,9845886.909372581
1187,m3_wood,0.0
1187,kg_cotton,26235000.0
1187,m² land,0.0
1187,kWh energy,10226158.01704105
1188,m3_wood,0.0
1188,kg_cotton,26317500.0
1188,m² land,0.0
1188,kWh energy,10246677.381874513
1189,m3_wood,0.0
1189,kg_cotton,26317500.0
1189,m² land,0.0
1189,kWh energy,10260677.381874518
1190,m3_wood,0.0
1190,kg_cotton,25245000.0
1190,m² land,0.0
1190,kWh energy,9841262.512457551
1191,m3_wood,0.0
1191,kg_cotton,25987500.0
1191,m² land,0.0
1191,kWh energy,10083599.922540665
1192,m3_wood,0.0
1192,kg_cotton,26482500.0
1192,m² land,0.0
1192,kWh energy,10231216.11154144
1193,m3_wood,0.0
1193,kg_cotton,25575000.0
1193,m² land,0.0
1193,kWh energy,9912003.098373355
1194,m3_wood,0.0
1194,kg_cotton,25492500.0
1194,m² land,0.0
1194,kWh energy,9871983.733539894
1195,m3_wood,0.0
1195,kg_cotton,24420000.0
1195,m² land,0.0
1195,kWh energy,9515231.990704885
1196,m3_wood,0.0
1196,kg_cotton,24997500.0
1196,m² land,0.0
1196,kWh energy,9687867.54453912
1197,m3_wood,0.0
1197,kg_cotton,25162500.0
1197,m² land,0.0
1197,kWh energy,9740906.274206046
1198,m3_wood,0.0
1198,kg_cotton,26152500.0
1198,m² land,0.0
1198,kWh energy,10137138.65220759
1199,m3_wood,0.0
1199,kg_cotton,25657500.0
1199,m² land,0.0
1199,kWh energy,9932093.826024419
1200,m3_wood,0.0
1200,kg_cotton,25905000.0
1200,m² land,0.0
1200,kWh energy,10026080.557707205
1201,m3_wood,0.0
1201,kg_cotton,24667500.0
1201,m² land,0.0
1201,kWh energy,9562790.085205268
1202,m3_wood,0.0
1202,kg_cotton,23512500.0
1202,m² land,0.0
1202,kWh energy,9093018.977536792
1203,m3_wood,138032.0
1203,kg_cotton,22027500.0
1203,m² land,0.0
1203,kWh energy,8564170.410534471
1204,m3_wood,13744.0
1204,kg_cotton,22440000.0
1204,m² land,0.0
1204,kWh energy,8717267.234701786
1205,m3_wood,13744.0
1205,kg_cotton,22935000.0
1205,m² land,0.0
1205,kWh energy,8919883.423702557
1206,m3_wood,13744.0
1206,kg_cotton,24007500.0
1206,m² land,0.0
1206,kWh energy,9340635.166537568
1207,m3_wood,0.0
1207,kg_cotton,23677500.0
1207,m² land,0.0
1207,kWh energy,9238057.707203718
1208,m3_wood,0.0
1208,kg_cotton,23512500.0
1208,m² land,0.0
1208,kWh energy,9229518.977536792
1209,m3_wood,0.0
1209,kg_cotton,22935000.0
1209,m² land,0.0
1209,kWh energy,9011883.423702553
1210,m3_wood,0.0
1210,kg_cotton,23100000.0
1210,m² land,0.0
1210,kWh energy,9069422.153369483
1211,m3_wood,0.0
1211,kg_cotton,23347500.0
1211,m² land,0.0
1211,kWh energy,9129817.121287921
1212,m3_wood,0.0
1212,kg_cotton,23347500.0
1212,m² land,0.0
1212,kWh energy,9102480.247869868
1213,m3_wood,0.0
1213,kg_cotton,23842500.0
1213,m² land,0.0
1213,kWh energy,9304596.436870642
1214,m3_wood,0.0
1214,kg_cotton,24420000.0
1214,m² land,0.0
1214,kWh energy,9505731.990704881
1215,m3_wood,0.0
1215,kg_cotton,24667500.0
1215,m² land,0.0
1215,kWh energy,9605790.085205266
1216,m3_wood,0.0
1216,kg_cotton,23677500.0
1216,m² land,0.0
1216,kWh energy,9210057.707203716
1217,m3_wood,0.0
1217,kg_cotton,23017500.0
1217,m² land,0.0
1217,kWh energy,8989902.78853602
1218,m3_wood,0.0
1218,kg_cotton,22770000.0
1218,m² land,0.0
1218,kWh energy,8929344.69403563
1219,m3_wood,0.0
1219,kg_cotton,23182500.0
1219,m² land,0.0
1219,kWh energy,9036441.518202946
1220,m3_wood,0.0
1220,kg_cotton,23760000.0
1220,m² land,0.0
1220,kWh energy,9238077.072037179
1221,m3_wood,0.0
1221,kg_cotton,23347500.0
1221,m² land,0.0
1221,kWh energy,9018317.12128792
1222,m3_wood,0.0
1222,kg_cotton,23595000.0
1222,m² land,0.0
1222,kWh energy,9110538.342370253
1223,m3_wood,0.0
1223,kg_cotton,23430000.0
1223,m² land,0.0
1223,kWh energy,9065499.612703329
1224,m3_wood,0.0
1224,kg_cotton,24090000.0
1224,m² land,0.0
1224,kWh energy,9372154.53137103
1225,m3_wood,0.0
1225,kg_cotton,24585000.0
1225,m² land,0.0
1225,kWh energy,9506270.720371805
1226,m3_wood,0.0
1226,kg_cotton,23595000.0
1226,m² land,0.0
1226,kWh energy,9126038.342370253
1227,m3_wood,0.0
1227,kg_cotton,22770000.0
1227,m² land,0.0
1227,kWh energy,8837344.694035627
1228,m3_wood,0.0
1228,kg_cotton,21780000.0
1228,m² land,0.0
1228,kWh energy,8514112.31603408
1229,m3_wood,0.0
1229,kg_cotton,22522500.0
1229,m² land,0.0
1229,kWh energy,8821786.599535245
1230,m3_wood,0.0
1230,kg_cotton,22192500.0
1230,m² land,0.0
1230,kWh energy,8771709.140201392
1231,m3_wood,0.0
1231,kg_cotton,21945000.0
1231,m² land,0.0
1231,kWh energy,8599151.045701005
1232,m3_wood,28736.0
1232,kg_cotton,22110000.0
1232,m² land,0.0
1232,kWh energy,8675189.77536793
1233,m3_wood,0.0
1233,kg_cotton,22110000.0
1233,m² land,0.0
1233,kWh energy,8718189.77536793
1234,m3_wood,0.0
1234,kg_cotton,22522500.0
1234,m² land,0.0
1234,kWh energy,8896786.599535244
1235,m3_wood,0.0
1235,kg_cotton,21532500.0
1235,m² land,0.0
1235,kWh energy,8491054.221533695
1236,m3_wood,0.0
1236,kg_cotton,20707500.0
1236,m² land,0.0
1236,kWh energy,8177860.57319907
1237,m3_wood,0.0
1237,kg_cotton,20130000.0
1237,m² land,0.0
1237,kWh energy,8004225.019364832
1238,m3_wood,0.0
1238,kg_cotton,19965000.0
1238,m² land,0.0
1238,kWh energy,7958186.28969791
1239,m3_wood,0.0
1239,kg_cotton,17820000.0
1239,m² land,0.0
1239,kWh energy,7100019.677445936
1240,m3_wood,0.0
1240,kg_cotton,17325000.0
1240,m² land,0.0
1240,kWh energy,6916066.615027111
1241,m3_wood,0.0
1241,kg_cotton,16005000.0
1241,m² land,0.0
1241,kWh energy,6403756.77769171
1242,m3_wood,0.0
1242,kg_cotton,16417500.0
1242,m² land,0.0
1242,kWh energy,6575853.601859023
1243,m3_wood,0.0
1243,kg_cotton,17077500.0
1243,m² land,0.0
1243,kWh energy,6797008.520526722
1244,m3_wood,0.0
1244,kg_cotton,16335000.0
1244,m² land,0.0
1244,kWh energy,6517334.237025561
1245,m3_wood,0.0
1245,kg_cotton,16252500.0
1245,m² land,0.0
1245,kWh energy,6487314.872192097
1246,m3_wood,0.0
1246,kg_cotton,16995000.0
1246,m² land,0.0
1246,kWh energy,6750489.15569326
1247,m3_wood,0.0
1247,kg_cotton,16417500.0
1247,m² land,0.0
1247,kWh energy,6584353.601859023
1248,m3_wood,0.0
1248,kg_cotton,16170000.0
1248,m² land,0.0
1248,kWh energy,6456795.507358637
1249,m3_wood,0.0
1249,kg_cotton,16417500.0
1249,m² land,0.0
1249,kWh energy,6541853.601859023
1250,m3_wood,0.0
1250,kg_cotton,15840000.0
1250,m² land,0.0
1250,kWh energy,6401218.048024788
1251,m3_wood,0.0
1251,kg_cotton,15922500.0
1251,m² land,0.0
1251,kWh energy,6450237.41285825
1252,m3_wood,0.0
1252,kg_cotton,15840000.0
1252,m² land,0.0
1252,kWh energy,6454054.92144284
1253,m3_wood,0.0
1253,kg_cotton,16087500.0
1253,m² land,0.0
1253,kWh energy,6541776.142525174
1254,m3_wood,0.0
1254,kg_cotton,17655000.0
1254,m² land,0.0
1254,kWh energy,7153144.074360959
1255,m3_wood,0.0
1255,kg_cotton,18397500.0
1255,m² land,0.0
1255,kWh energy,7411492.104698225
1256,m3_wood,0.0
1256,kg_cotton,19057500.0
1256,m² land,0.0
1256,kWh energy,7655473.276529822
1257,m3_wood,0.0
1257,kg_cotton,19717500.0
1257,m² land,0.0
1257,kWh energy,7849128.195197519
1258,m3_wood,0.0
1258,kg_cotton,20377500.0
1258,m² land,0.0
1258,kWh energy,8096783.113865217
1259,m3_wood,0.0
1259,kg_cotton,20707500.0
1259,m² land,0.0
1259,kWh energy,8262360.573199068
1260,m3_wood,0.0
1260,kg_cotton,19965000.0
1260,m² land,0.0
1260,kWh energy,8013186.289697904
1261,m3_wood,0.0
1261,kg_cotton,19635000.0
1261,m² land,0.0
1261,kWh energy,7900108.83036406
1262,m3_wood,6240.0
1262,kg_cotton,19222500.0
1262,m² land,0.0
1262,kWh energy,7736512.006196746
1263,m3_wood,24368.0
1263,kg_cotton,17985000.0
1263,m² land,0.0
1263,kWh energy,7249221.533694808
1264,m3_wood,0.0
1264,kg_cotton,17407500.0
1264,m² land,0.0
1264,kWh energy,7037585.979860572
1265,m3_wood,0.0
1265,kg_cotton,16995000.0
1265,m² land,0.0
1265,kWh energy,6879989.155693262
1266,m3_wood,0.0
1266,kg_cotton,17737500.0
1266,m² land,0.0
1266,kWh energy,7132663.439194421
1267,m3_wood,82816.0
1267,kg_cotton,17820000.0
1267,m² land,0.0
1267,kWh energy,7136519.677445937
1268,m3_wood,169040.0
1268,kg_cotton,17077500.0
1268,m² land,0.0
1268,kWh energy,6842508.520526724
1269,m3_wood,0.0
1269,kg_cotton,17737500.0
1269,m² land,0.0
1269,kWh energy,7061163.439194421
1270,m3_wood,0.0
1270,kg_cotton,17242500.0
1270,m² land,0.0
1270,kWh energy,6901547.250193648
1271,m3_wood,0.0
1271,kg_cotton,16417500.0
1271,m² land,0.0
1271,kWh energy,6592853.601859025
1272,m3_wood,12256.0
1272,kg_cotton,15015000.0
1272,m² land,0.0
1272,kWh energy,6035524.399690163
1273,m3_wood,0.0
1273,kg_cotton,15262500.0
1273,m² land,0.0
1273,kWh energy,6138082.494190549
1274,m3_wood,0.0
1274,kg_cotton,15840000.0
1274,m² land,0.0
1274,kWh energy,6347718.0480247885
1275,m3_wood,0.0
1275,kg_cotton,16335000.0
1275,m² land,0.0
1275,kWh energy,6500334.237025562
1276,m3_wood,0.0
1276,kg_cotton,16665000.0
1276,m² land,0.0
1276,kWh energy,6630411.696359411
1277,m3_wood,0.0
1277,kg_cotton,16995000.0
1277,m² land,0.0
1277,kWh energy,6780989.155693263
1278,m3_wood,0.0
1278,kg_cotton,18150000.0
1278,m² land,0.0
1278,kWh energy,7234260.263361735
1279,m3_wood,131872.0
1279,kg_cotton,18727500.0
1279,m² land,0.0
1279,kWh energy,7415395.817195972
1280,m3_wood,0.0
1280,kg_cotton,18397500.0
1280,m² land,0.0
1280,kWh energy,7293318.35786212
1281,m3_wood,0.0
1281,kg_cotton,18645000.0
1281,m² land,0.0
1281,kWh energy,7390876.452362509
1282,m3_wood,0.0
1282,kg_cotton,18645000.0
1282,m² land,0.0
1282,kWh energy,7393376.45236251
1283,m3_wood,0.0
1283,kg_cotton,18397500.0
1283,m² land,0.0
1283,kWh energy,7300636.277765618
1284,m3_wood,0.0
1284,kg_cotton,17572500.0
1284,m² land,0.0
1284,kWh energy,7033436.311592808
1285,m3_wood,0.0
1285,kg_cotton,17655000.0
1285,m² land,0.0
1285,kWh energy,7080125.120846402
1286,m3_wood,0.0
1286,kg_cotton,18150000.0
1286,m² land,0.0
1286,kWh energy,7244097.136779785
1287,m3_wood,0.0
1287,kg_cotton,19057500.0
1287,m² land,0.0
1287,kWh energy,7599973.2765298225
1288,m3_wood,0.0
1288,kg_cotton,18645000.0
1288,m² land,0.0
1288,kWh energy,7400876.4523625085
1289,m3_wood,0.0
1289,kg_cotton,19057500.0
1289,m² land,0.0
1289,kWh energy,7565310.149947871
1290,m3_wood,79952.0
1290,kg_cotton,19222500.0
1290,m² land,0.0
1290,kWh energy,7590348.879614799
1291,m3_wood,0.0
1291,kg_cotton,20212500.0
1291,m² land,0.0
1291,kWh energy,7881244.384198296
1292,m3_wood,0.0
1292,kg_cotton,19882500.0
1292,m² land,0.0
1292,kWh energy,7779166.924864445
1293,m3_wood,0.0
1293,kg_cotton,21285000.0
1293,m² land,0.0
1293,kWh energy,8293996.127033307
1294,m3_wood,0.0
1294,kg_cotton,21780000.0
1294,m² land,0.0
1294,kWh energy,8473112.316034082
1295,m3_wood,0.0
1295,kg_cotton,22192500.0
1295,m² land,0.0
1295,kWh energy,8652709.140201394
1296,m3_wood,0.0
1296,kg_cotton,22522500.0
1296,m² land,0.0
1296,kWh energy,8796786.599535244
1297,m3_wood,0.0
1297,kg_cotton,22770000.0
1297,m² land,0.0
1297,kWh energy,8865344.69403563
1298,m3_wood,0.0
1298,kg_cotton,22357500.0
1298,m² land,0.0
1298,kWh energy,8728222.598515578
1299,m3_wood,0.0
1299,kg_cotton,23760000.0
1299,m² land,0.0
1299,kWh energy,9209577.072037179
1300,m3_wood,0.0
1300,kg_cotton,23430000.0
1300,m² land,0.0
1300,kWh energy,9097336.486121379
1301,m3_wood,0.0
1301,kg_cotton,23760000.0
1301,m² land,0.0
1301,kWh energy,9211577.072037179
1302,m3_wood,0.0
1302,kg_cotton,24502500.0
1302,m² land,0.0
1302,kWh energy,9531251.35553834
1303,m3_wood,0.0
1303,kg_cotton,23595000.0
1303,m² land,0.0
1303,kWh energy,9155538.342370253
1304,m3_wood,0.0
1304,kg_cotton,24007500.0
1304,m² land,0.0
1304,kWh energy,9330635.166537566
1305,m3_wood,0.0
1305,kg_cotton,23430000.0
1305,m² land,0.0
1305,kWh energy,9116999.61270333
1306,m3_wood,0.0
1306,kg_cotton,24667500.0
1306,m² land,0.0
1306,kWh energy,9560790.085205266
1307,m3_wood,0.0
1307,kg_cotton,24337500.0
1307,m² land,0.0
1307,kWh energy,9442712.625871416
1308,m3_wood,0.0
1308,kg_cotton,25410000.0
1308,m² land,0.0
1308,kWh energy,9810464.36870643
1309,m3_wood,33712.0
1309,kg_cotton,24997500.0
1309,m² land,0.0
1309,kWh energy,9649367.544539118
1310,m3_wood,0.0
1310,kg_cotton,24832500.0
1310,m² land,0.0
1310,kWh energy,9589828.814872192
1311,m3_wood,0.0
1311,kg_cotton,25492500.0
1311,m² land,0.0
1311,kWh energy,9886452.144348962
1312,m3_wood,0.0
1312,kg_cotton,25905000.0
1312,m² land,0.0
1312,kWh energy,10015548.968516277
1313,m3_wood,0.0
1313,kg_cotton,25327500.0
1313,m² land,0.0
1313,kWh energy,9824445.00387297
1314,m3_wood,0.0
1314,kg_cotton,25492500.0
1314,m² land,0.0
1314,kWh energy,9870983.733539892
1315,m3_wood,0.0
1315,kg_cotton,24007500.0
1315,m² land,0.0
1315,kWh energy,9309635.166537568
1316,m3_wood,0.0
1316,kg_cotton,23347500.0
1316,m² land,0.0
1316,kWh energy,9051480.247869868
1317,m3_wood,0.0
1317,kg_cotton,23430000.0
1317,m² land,0.0
1317,kWh energy,9131480.659188772
1318,m3_wood,0.0
1318,kg_cotton,23347500.0
1318,m² land,0.0
1318,kWh energy,9065480.24786987
1319,m3_wood,0.0
1319,kg_cotton,22852500.0
1319,m² land,0.0
1319,kWh energy,8869864.058869096
1320,m3_wood,0.0
1320,kg_cotton,20872500.0
1320,m² land,0.0
1320,kWh energy,8144899.302865992
1321,m3_wood,0.0
1321,kg_cotton,20212500.0
1321,m² land,0.0
1321,kWh energy,7950738.0663601095
1322,m3_wood,0.0
1322,kg_cotton,20377500.0
1322,m² land,0.0
1322,kWh energy,7998119.987283271
1323,m3_wood,0.0
1323,kg_cotton,18975000.0
1323,m² land,0.0
1323,kWh energy,7492453.91169636
1324,m3_wood,0.0
1324,kg_cotton,19635000.0
1324,m² land,0.0
1324,kWh energy,7748608.830364057
1325,m3_wood,0.0
1325,kg_cotton,20047500.0
1325,m² land,0.0
1325,kWh energy,7934205.654531369
1326,m3_wood,0.0
1326,kg_cotton,18562500.0
1326,m² land,0.0
1326,kWh energy,7381693.960947095
1327,m3_wood,0.0
1327,kg_cotton,19057500.0
1327,m² land,0.0
1327,kWh energy,7568147.023365922
1328,m3_wood,0.0
1328,kg_cotton,17077500.0
1328,m² land,0.0
1328,kWh energy,6832008.520526724
1329,m3_wood,0.0
1329,kg_cotton,17242500.0
1329,m² land,0.0
1329,kWh energy,6882884.123611701
1330,m3_wood,0.0
1330,kg_cotton,17242500.0
1330,m² land,0.0
1330,kWh energy,6884547.250193647
1331,m3_wood,0.0
1331,kg_cotton,17242500.0
1331,m² land,0.0
1331,kWh energy,6905047.250193647
1332,m3_wood,0.0
1332,kg_cotton,16747500.0
1332,m² land,0.0
1332,kWh energy,6728431.061192871
1333,m3_wood,0.0
1333,kg_cotton,16747500.0
1333,m² land,0.0
1333,kWh energy,6727931.061192874
1334,m3_wood,0.0
1334,kg_cotton,16252500.0
1334,m² land,0.0
1334,kWh energy,6563314.872192099
1335,m3_wood,0.0
1335,kg_cotton,17655000.0
1335,m² land,0.0
1335,kWh energy,7106980.947779009
1336,m3_wood,0.0
1336,kg_cotton,18232500.0
1336,m² land,0.0
1336,kWh energy,7310779.628195195
1337,m3_wood,0.0
1337,kg_cotton,17902500.0
1337,m² land,0.0
1337,kWh energy,7177702.168861347
1338,m3_wood,0.0
1338,kg_cotton,17820000.0
1338,m² land,0.0
1338,kWh energy,7175019.677445937
1339,m3_wood,0.0
1339,kg_cotton,16995000.0
1339,m² land,0.0
1339,kWh energy,6930489.155693259
1340,m3_wood,0.0
1340,kg_cotton,16087500.0
1340,m² land,0.0
1340,kWh energy,6597276.142525172
1341,m3_wood,0.0
1341,kg_cotton,16170000.0
1341,m² land,0.0
1341,kWh energy,6615295.507358635
1342,m3_wood,0.0
1342,kg_cotton,16087500.0
1342,m² land,0.0
1342,kWh energy,6495776.142525175
1343,m3_wood,0.0
1343,kg_cotton,16665000.0
1343,m² land,0.0
1343,kWh energy,6702411.69635941
1344,m3_wood,0.0
1344,kg_cotton,15510000.0
1344,m² land,0.0
1344,kWh energy,6240477.462108987
1345,m3_wood,0.0
1345,kg_cotton,15922500.0
1345,m² land,0.0
1345,kWh energy,6382737.41285825
1346,m3_wood,0.0
1346,kg_cotton,15675000.0
1346,m² land,0.0
1346,kWh energy,6264016.191775913
1347,m3_wood,0.0
1347,kg_cotton,16170000.0
1347,m² land,0.0
1347,kWh energy,6463795.507358637
1348,m3_wood,0.0
1348,kg_cotton,16912500.0
1348,m² land,0.0
1348,kWh energy,6710469.790859798
1349,m3_wood,0.0
1349,kg_cotton,16995000.0
1349,m² land,0.0
1349,kWh energy,6772489.155693261
1350,m3_wood,0.0
1350,kg_cotton,16747500.0
1350,m² land,0.0
1350,kWh energy,6725931.061192874
1351,m3_wood,0.0
1351,kg_cotton,15262500.0
1351,m² land,0.0
1351,kWh energy,6125082.494190553
1352,m3_wood,0.0
1352,kg_cotton,15262500.0
1352,m² land,0.0
1352,kWh energy,6117919.367608601
1353,m3_wood,5024.0
1353,kg_cotton,14355000.0
1353,m² land,0.0
1353,kWh energy,5786869.481022463
1354,m3_wood,0.0
1354,kg_cotton,14190000.0
1354,m² land,0.0
1354,kWh energy,5719830.751355539
1355,m3_wood,0.0
1355,kg_cotton,13282500.0
1355,m² land,0.0
1355,kWh energy,5427617.738187452
1356,m3_wood,0.0
1356,kg_cotton,12457500.0
1356,m² land,0.0
1356,kWh energy,5130924.089852825
1357,m3_wood,20016.0
1357,kg_cotton,11797500.0
1357,m² land,0.0
1357,kWh energy,4922269.1711851265
1358,m3_wood,0.0
1358,kg_cotton,12127500.0
1358,m² land,0.0
1358,kWh energy,5043346.630518976
1359,m3_wood,0.0
1359,kg_cotton,12457500.0
1359,m² land,0.0
1359,kWh energy,5162424.089852824
1360,m3_wood,0.0
1360,kg_cotton,11632500.0
1360,m² land,0.0
1360,kWh energy,4851730.441518203
1361,m3_wood,0.0
1361,kg_cotton,11055000.0
1361,m² land,0.0
1361,kWh energy,4629931.761102017
1362,m3_wood,51616.0
1362,kg_cotton,10890000.0
1362,m² land,0.0
1362,kWh energy,4646556.15801704
1363,m3_wood,0.0
1363,kg_cotton,9982500.0
1363,m² land,0.0
1363,kWh energy,4255843.144848954
1364,m3_wood,26880.0
1364,kg_cotton,10890000.0
1364,m² land,0.0
1364,kWh energy,4599056.158017041
1365,m3_wood,27504.0
1365,kg_cotton,11467500.0
1365,m² land,0.0
1365,kWh energy,4803691.711851278
1366,m3_wood,0.0
1366,kg_cotton,11137500.0
1366,m² land,0.0
1366,kWh energy,4642114.252517427
1367,m3_wood,76592.0
1367,kg_cotton,11715000.0
1367,m² land,0.0
1367,kWh energy,4848249.806351666
1368,m3_wood,0.0
1368,kg_cotton,10972500.0
1368,m² land,0.0
1368,kWh energy,4590575.522850503
1369,m3_wood,0.0
1369,kg_cotton,11385000.0
1369,m² land,0.0
1369,kWh energy,4799672.347017815
1370,m3_wood,0.0
1370,kg_cotton,11797500.0
1370,m² land,0.0
1370,kWh energy,4911769.171185127
1371,m3_wood,0.0
1371,kg_cotton,12705000.0
1371,m² land,0.0
1371,kWh energy,5240482.184353215
1372,m3_wood,0.0
1372,kg_cotton,13530000.0
1372,m² land,0.0
1372,kWh energy,5528175.832687837
1373,m3_wood,0.0
1373,kg_cotton,14190000.0
1373,m² land,0.0
1373,kWh energy,5722830.75135554
1374,m3_wood,0.0
1374,kg_cotton,14190000.0
1374,m² land,0.0
1374,kWh energy,5702330.751355537
1375,m3_wood,0.0
1375,kg_cotton,14767500.0
1375,m² land,0.0
1375,kWh energy,5924466.305189773
1376,m3_wood,0.0
1376,kg_cotton,14355000.0
1376,m² land,0.0
1376,kWh energy,5772369.481022461
1377,m3_wood,0.0
1377,kg_cotton,15592500.0
1377,m² land,0.0
1377,kWh energy,6297159.9535244
1378,m3_wood,0.0
1378,kg_cotton,16747500.0
1378,m² land,0.0
1378,kWh energy,6709767.934610926
1379,m3_wood,0.0
1379,kg_cotton,18315000.0
1379,m² land,0.0
1379,kWh energy,7275798.99302866
1380,m3_wood,0.0
1380,kg_cotton,19800000.0
1380,m² land,0.0
1380,kWh energy,7783147.560030982
1381,m3_wood,0.0
1381,kg_cotton,19965000.0
1381,m² land,0.0
1381,kWh energy,7887186.289697907
1382,m3_wood,0.0
1382,kg_cotton,20047500.0
1382,m² land,0.0
1382,kWh energy,7877542.527949422
1383,m3_wood,1248.0
1383,kg_cotton,20212500.0
1383,m² land,0.0
1383,kWh energy,7924744.384198294
1384,m3_wood,0.0
1384,kg_cotton,19800000.0
1384,m² land,0.0
1384,kWh energy,7766984.433449035
1385,m3_wood,0.0
1385,kg_cotton,19387500.0
1385,m² land,0.0
1385,kWh energy,7614050.735863672
1386,m3_wood,0.0
1386,kg_cotton,20047500.0
1386,m² land,0.0
1386,kWh energy,7876205.654531368
1387,m3_wood,0.0
1387,kg_cotton,20460000.0
1387,m² land,0.0
1387,kWh energy,8013802.478698683
1388,m3_wood,0.0
1388,kg_cotton,21780000.0
1388,m² land,0.0
1388,kWh energy,8500612.31603408
1389,m3_wood,0.0
1389,kg_cotton,22687500.0
1389,m² land,0.0
1389,kWh energy,8806825.329202171
1390,m3_wood,0.0
1390,kg_cotton,21945000.0
1390,m² land,0.0
1390,kWh energy,8557151.045701006
1391,m3_wood,0.0
1391,kg_cotton,20955000.0
1391,m² land,0.0
1391,kWh energy,8233418.667699459
1392,m3_wood,0.0
1392,kg_cotton,20707500.0
1392,m² land,0.0
1392,kWh energy,8143360.57319907
1393,m3_wood,0.0
1393,kg_cotton,19882500.0
1393,m² land,0.0
1393,kWh energy,7801666.924864448
1394,m3_wood,0.0
1394,kg_cotton,21120000.0
1394,m² land,0.0
1394,kWh energy,8276457.397366379
1395,m3_wood,0.0
1395,kg_cotton,20790000.0
1395,m² land,0.0
1395,kWh energy,8219879.93803253
1396,m3_wood,0.0
1396,kg_cotton,19635000.0
1396,m² land,0.0
1396,kWh energy,7817108.830364058
1397,m3_wood,0.0
1397,kg_cotton,19965000.0
1397,m² land,0.0
1397,kWh energy,7906186.28969791
1398,m3_wood,0.0
1398,kg_cotton,20047500.0
1398,m² land,0.0
1398,kWh energy,7868205.654531368
1399,m3_wood,0.0
1399,kg_cotton,20955000.0
1399,m² land,0.0
1399,kWh energy,8203418.667699457
1400,m3_wood,0.0
1400,kg_cotton,20542500.0
1400,m² land,0.0
1400,kWh energy,8042821.843532146
1401,m3_wood,0.0
1401,kg_cotton,21697500.0
1401,m² land,0.0
1401,kWh energy,8453092.95120062
1402,m3_wood,0.0
1402,kg_cotton,21367500.0
1402,m² land,0.0
1402,kWh energy,8345515.491866768
1403,m3_wood,0.0
1403,kg_cotton,20955000.0
1403,m² land,0.0
1403,kWh energy,8177255.541117511
1404,m3_wood,0.0
1404,kg_cotton,21367500.0
1404,m² land,0.0
1404,kWh energy,8355015.491866769
1405,m3_wood,0.0
1405,kg_cotton,21367500.0
1405,m² land,0.0
1405,kWh energy,8374515.491866769
1406,m3_wood,0.0
1406,kg_cotton,21945000.0
1406,m² land,0.0
1406,kWh energy,8616651.045701008
1407,m3_wood,0.0
1407,kg_cotton,21367500.0
1407,m² land,0.0
1407,kWh energy,8382515.491866767
1408,m3_wood,0.0
1408,kg_cotton,21862500.0
1408,m² land,0.0
1408,kWh energy,8584131.680867545
1409,m3_wood,6240.0
1409,kg_cotton,23100000.0
1409,m² land,0.0
1409,kWh energy,8994422.15336948
1410,m3_wood,0.0
1410,kg_cotton,24007500.0
1410,m² land,0.0
1410,kWh energy,9405635.166537568
1411,m3_wood,0.0
1411,kg_cotton,24007500.0
1411,m² land,0.0
1411,kWh energy,9358635.166537572
1412,m3_wood,0.0
1412,kg_cotton,23512500.0
1412,m² land,0.0
1412,kWh energy,9196518.977536792
1413,m3_wood,0.0
1413,kg_cotton,22687500.0
1413,m² land,0.0
1413,kWh energy,8853662.202620225
1414,m3_wood,0.0
1414,kg_cotton,22522500.0
1414,m² land,0.0
1414,kWh energy,8778786.599535247
1415,m3_wood,0.0
1415,kg_cotton,21945000.0
1415,m² land,0.0
1415,kWh energy,8584151.045701006
1416,m3_wood,0.0
1416,kg_cotton,21862500.0
1416,m² land,0.0
1416,kWh energy,8535131.680867542
1417,m3_wood,0.0
1417,kg_cotton,22027500.0
1417,m² land,0.0
1417,kWh energy,8598170.41053447
1418,m3_wood,0.0
1418,kg_cotton,22027500.0
1418,m² land,0.0
1418,kWh energy,8585170.41053447
1419,m3_wood,0.0
1419,kg_cotton,21367500.0
1419,m² land,0.0
1419,kWh energy,8373015.491866769
1420,m3_wood,0.0
1420,kg_cotton,20790000.0
1420,m² land,0.0
1420,kWh energy,8184379.938032531
1421,m3_wood,0.0
1421,kg_cotton,21120000.0
1421,m² land,0.0
1421,kWh energy,8280457.397366383
1422,m3_wood,0.0
1422,kg_cotton,20790000.0
1422,m² land,0.0
1422,kWh energy,8140379.938032535
1423,m3_wood,0.0
1423,kg_cotton,20872500.0
1423,m² land,0.0
1423,kWh energy,8172399.302865995
1424,m3_wood,0.0
1424,kg_cotton,20872500.0
1424,m² land,0.0
1424,kWh energy,8188736.176284049
1425,m3_wood,0.0
1425,kg_cotton,20872500.0
1425,m² land,0.0
1425,kWh energy,8239899.302865994
1426,m3_wood,0.0
1426,kg_cotton,19800000.0
1426,m² land,0.0
1426,kWh energy,7816147.560030985
1427,m3_wood,0.0
1427,kg_cotton,20130000.0
1427,m² land,0.0
1427,kWh energy,7894225.019364833
1428,m3_wood,0.0
1428,kg_cotton,19800000.0
1428,m² land,0.0
1428,kWh energy,7785647.560030982
1429,m3_wood,0.0
1429,kg_cotton,20542500.0
1429,m² land,0.0
1429,kWh energy,8060321.843532144
1430,m3_wood,0.0
1430,kg_cotton,20955000.0
1430,m² land,0.0
1430,kWh energy,8206255.541117507
1431,m3_wood,0.0
1431,kg_cotton,19470000.0
1431,m² land,0.0
1431,kWh energy,7648070.10069713
1432,m3_wood,0.0
1432,kg_cotton,18562500.0
1432,m² land,0.0
1432,kWh energy,7287857.087529046
1433,m3_wood,0.0
1433,kg_cotton,17160000.0
1433,m² land,0.0
1433,kWh energy,6756527.885360184
1434,m3_wood,0.0
1434,kg_cotton,16005000.0
1434,m² land,0.0
1434,kWh energy,6328256.777691708
1435,m3_wood,0.0
1435,kg_cotton,14932500.0
1435,m² land,0.0
1435,kWh energy,5934505.034856698
1436,m3_wood,0.0
1436,kg_cotton,13942500.0
1436,m² land,0.0
1436,kWh energy,5582272.65685515
1437,m3_wood,0.0
1437,kg_cotton,14190000.0
1437,m² land,0.0
1437,kWh energy,5663830.751355537
1438,m3_wood,0.0
1438,kg_cotton,13942500.0
1438,m² land,0.0
1438,kWh energy,5594772.656855149
1439,m3_wood,0.0
1439,kg_cotton,13612500.0
1439,m² land,0.0
1439,kWh energy,5520195.197521299
1440,m3_wood,0.0
1440,kg_cotton,13447500.0
1440,m² land,0.0
1440,kWh energy,5450156.467854375
1441,m3_wood,0.0
1441,kg_cotton,13530000.0
1441,m² land,0.0
1441,kWh energy,5555675.832687836
1442,m3_wood,0.0
1442,kg_cotton,13860000.0
1442,m² land,0.0
1442,kWh energy,5656753.292021686
1443,m3_wood,0.0
1443,kg_cotton,14107500.0
1443,m² land,0.0
1443,kWh energy,5732811.386522075
1444,m3_wood,0.0
1444,kg_cotton,13942500.0
1444,m² land,0.0
1444,kWh energy,5633772.656855148
1445,m3_wood,0.0
1445,kg_cotton,13942500.0
1445,m² land,0.0
1445,kWh energy,5682772.656855149
1446,m3_wood,0.0
1446,kg_cotton,13530000.0
1446,m² land,0.0
1446,kWh energy,5528175.832687839
1447,m3_wood,0.0
1447,kg_cotton,12952500.0
1447,m² land,0.0
1447,kWh energy,5358040.278853602
1448,m3_wood,0.0
1448,kg_cotton,12952500.0
1448,m² land,0.0
1448,kWh energy,5331040.278853602
1449,m3_wood,0.0
1449,kg_cotton,12292500.0
1449,m² land,0.0
1449,kWh energy,5122885.3601859035
1450,m3_wood,0.0
1450,kg_cotton,13447500.0
1450,m² land,0.0
1450,kWh energy,5526993.34127243
1451,m3_wood,0.0
1451,kg_cotton,14107500.0
1451,m² land,0.0
1451,kWh energy,5770811.386522077
1452,m3_wood,0.0
1452,kg_cotton,14355000.0
1452,m² land,0.0
1452,kWh energy,5831369.481022462
1453,m3_wood,0.0
1453,kg_cotton,14437500.0
1453,m² land,0.0
1453,kWh energy,5849888.845855923
1454,m3_wood,23072.0
1454,kg_cotton,14437500.0
1454,m² land,0.0
1454,kWh energy,5828888.845855924
1455,m3_wood,0.0
1455,kg_cotton,14932500.0
1455,m² land,0.0
1455,kWh energy,5999005.0348567
1456,m3_wood,0.0
1456,kg_cotton,14850000.0
1456,m² land,0.0
1456,kWh energy,5982985.670023237
1457,m3_wood,0.0
1457,kg_cotton,16500000.0
1457,m² land,0.0
1457,kWh energy,6620372.966692485
1458,m3_wood,0.0
1458,kg_cotton,16170000.0
1458,m² land,0.0
1458,kWh energy,6494632.380776689
0,m3_wood,nil
0,kg_cotton,nil
0,m² land,nil
0,kWh energy,nil
1,m3_wood,nil
1,kg_cotton,nil
1,m² land,nil
1,kWh energy,nil
2,m3_wood,302016.0
2,kg_cotton,25492500.0
2,m² land,136357.72269558566
2,kWh energy,10771484.941905497
3,m3_wood,23827969.0
3,kg_cotton,18562500.0
3,m² land,119456989.99225464
3,kWh energy,8691108.094500357
4,m3_wood,40822631.0
4,kg_cotton,13447500.0
4,m² land,204680087.04647562
4,kWh energy,7104156.467854357
5,m3_wood,51703795.0
5,kg_cotton,9982500.0
5,m² land,265758368.1530595
5,kWh energy,5838843.950426019
6,m3_wood,58919251.0
6,kg_cotton,6682500.0
6,m² land,307820259.7099921
6,kWh energy,4628068.9542989945
7,m3_wood,65852339.0
7,kg_cotton,4620000.0
7,m² land,347876786.5109216
7,kWh energy,3966084.8334624353
8,m3_wood,70056002.0
8,kg_cotton,3135000.0
8,m² land,372898859.91587895
8,kWh energy,3479235.8636715747
9,m3_wood,73061328.0
9,kg_cotton,2062500.0
9,m² land,389925700.9383422
9,kWh energy,3080984.120836562
10,m3_wood,75320176.0
10,kg_cotton,1155000.0
10,m² land,402949263.3772269
10,kWh energy,2814271.107668475
11,m3_wood,77797280.0
11,kg_cotton,577500.0
11,m² land,413988318.97753674
11,kWh energy,2640635.553834237
12,m3_wood,79009408.0
12,kg_cotton,165000.0
12,m² land,420006705.42215335
12,kWh energy,2521038.729666925
13,m3_wood,79498128.0
13,kg_cotton,0.0
13,m² land,424834800.0
13,kWh energy,1862500.0
14,m3_wood,79698672.0
14,kg_cotton,0.0
14,m² land,427516820.0
14,kWh energy,1469500.0
15,m3_wood,79224464.0
15,kg_cotton,0.0
15,m² land,427285580.0
15,kWh energy,1359500.0
16,m3_wood,78638304.0
16,kg_cotton,0.0
16,m² land,427112380.0
16,kWh energy,1277000.0
17,m3_wood,78271280.0
17,kg_cotton,0.0
17,m² land,425952100.0
17,kWh energy,1271000.0
18,m3_wood,78160960.0
18,kg_cotton,0.0
18,m² land,426815700.0
18,kWh energy,1341000.0
19,m3_wood,78071424.0
19,kg_cotton,0.0
19,m² land,425721780.0
19,kWh energy,1336000.0
20,m3_wood,78082992.0
20,kg_cotton,0.0
20,m² land,426592740.0
20,kWh energy,1316500.0
21,m3_wood,77990528.0
21,kg_cotton,0.0
21,m² land,426637660.0
21,kWh energy,1241500.0
22,m3_wood,77394704.0
22,kg_cotton,0.0
22,m² land,425487380.0
22,kWh energy,1228000.0
23,m3_wood,76979136.0
23,kg_cotton,0.0
23,m² land,425384920.0
23,kWh energy,1194000.0
24,m3_wood,77081888.0
24,kg_cotton,0.0
24,m² land,426425360.0
24,kWh energy,1194000.0
25,m3_wood,77222448.0
25,kg_cotton,0.0
25,m² land,426462060.0
25,kWh energy,1184000.0
26,m3_wood,77204160.0
26,kg_cotton,0.0
26,m² land,426411700.0
26,kWh energy,1242000.0
27,m3_wood,77293792.0
27,kg_cotton,0.0
27,m² land,425499740.0
27,kWh energy,1277000.0
28,m3_wood,77690816.0
28,kg_cotton,0.0
28,m² land,426517520.0
28,kWh energy,1363500.0
29,m3_wood,77884624.0
29,kg_cotton,0.0
29,m² land,427538780.0
29,kWh energy,1446500.0
30,m3_wood,78311056.0
30,kg_cotton,0.0
30,m² land,426783820.0
30,kWh energy,1575000.0
31,m3_wood,78350912.0
31,kg_cotton,0.0
31,m² land,426907140.0
31,kWh energy,1764500.0
32,m3_wood,78447984.0
32,kg_cotton,0.0
32,m² land,426019480.0
32,kWh energy,1879500.0
33,m3_wood,78639728.0
33,kg_cotton,0.0
33,m² land,426160720.0
33,kWh energy,2055000.0
34,m3_wood,78937760.0
34,kg_cotton,0.0
34,m² land,426203480.0
34,kWh energy,2210500.0
35,m3_wood,79377024.0
35,kg_cotton,0.0
35,m² land,426365560.0
35,kWh energy,2333500.0
36,m3_wood,79466944.0
36,kg_cotton,0.0
36,m² land,426453080.0
36,kWh energy,2376000.0
37,m3_wood,79399424.0
37,kg_cotton,0.0
37,m² land,426515320.0
37,kWh energy,2375500.0
38,m3_wood,79602208.0
38,kg_cotton,0.0
38,m² land,427497100.0
38,kWh energy,2366000.0
39,m3_wood,79754768.0
39,kg_cotton,0.0
39,m² land,427561020.0
39,kWh energy,2313000.0
40,m3_wood,79850144.0
40,kg_cotton,0.0
40,m² land,428539240.0
40,kWh energy,2217000.0
41,m3_wood,79770944.0
41,kg_cotton,0.0
41,m² land,428541240.0
41,kWh energy,2034000.0
42,m3_wood,79717600.0
42,kg_cotton,0.0
42,m² land,429445280.0
42,kWh energy,1846000.0
43,m3_wood,79431936.0
43,kg_cotton,0.0
43,m² land,428414420.0
43,kWh energy,1675500.0
44,m3_wood,79561984.0
44,kg_cotton,0.0
44,m² land,430287600.0
44,kWh energy,1552500.0
45,m3_wood,79822384.0
45,kg_cotton,0.0
45,m² land,431244980.0
45,kWh energy,1513500.0
46,m3_wood,79670048.0
46,kg_cotton,0.0
46,m² land,431111060.0
46,kWh energy,1446000.0
47,m3_wood,79655712.0
47,kg_cotton,0.0
47,m² land,431024140.0
47,kWh energy,1415500.0
48,m3_wood,73045024.0
48,kg_cotton,0.0
48,m² land,397900780.0
48,kWh energy,1223500.0
49,m3_wood,7274432.0
49,kg_cotton,0.0
49,m² land,39968960.0
49,kWh energy,159000.0
50,m3_wood,7366592.0
50,kg_cotton,9075000.0
50,m² land,40961918.97753679
50,kWh energy,3561130.1316808737
51,m3_wood,7312640.0
51,kg_cotton,24750000.0
51,m² land,40002016.93261037
51,kWh energy,9392309.450038718
52,m3_wood,7320176.0
52,kg_cotton,41002500.0
52,m² land,39926643.37722695
52,kWh energy,15400124.3222308
53,m3_wood,7317744.0
53,kg_cotton,55687500.0
53,m² land,39924354.22153369
53,kWh energy,20810071.262587156
54,m3_wood,7314592.0
54,kg_cotton,71857500.0
54,m² land,39919798.97753679
54,kWh energy,26698366.76994583
55,m3_wood,7316816.0
55,kg_cotton,88852500.0
55,m² land,40847923.37722695
55,kWh energy,32947855.925639115
56,m3_wood,7279072.0
56,kg_cotton,101970000.0
56,m² land,39909412.53292021
56,kWh energy,37735434.93415962
57,m3_wood,6770912.0
57,kg_cotton,112942500.0
57,m² land,37781923.37722695
57,kWh energy,41785010.45701012
58,m3_wood,5423536.0
58,kg_cotton,126307500.0
58,m² land,28949685.065840427
58,kWh energy,46693147.56003098
59,m3_wood,4056752.0
59,kg_cotton,134310000.0
59,m² land,21970231.510457
59,kWh energy,49694025.948876895
60,m3_wood,3179488.0
60,kg_cotton,143302500.0
60,m² land,18833648.79938032
60,kWh energy,53102136.71572427
61,m3_wood,3064496.0
61,kg_cotton,152460000.0
61,m² land,17863856.932610378
61,kWh energy,56625286.21223865
62,m3_wood,3156368.0
62,kg_cotton,155512500.0
62,m² land,16996841.688613478
62,kWh energy,57862002.71107676
63,m3_wood,3055472.0
63,kg_cotton,160132500.0
63,m² land,16966848.133230053
63,kWh energy,59632087.141750686
64,m3_wood,3140480.0
64,kg_cotton,163515000.0
64,m² land,17005040.0
64,kWh energy,60887881.09992259
65,m3_wood,3159840.0
65,kg_cotton,163762500.0
65,m² land,17028300.0
65,kWh energy,61011939.19442301
66,m3_wood,2988336.0
66,kg_cotton,164092500.0
66,m² land,16025422.711076684
66,kWh energy,61152516.65375687
67,m3_wood,3131104.0
67,kg_cotton,166567500.0
67,m² land,17901345.42215337
67,kWh energy,62028097.59876074
68,m3_wood,3237600.0
68,kg_cotton,165990000.0
68,m² land,17061550.844306737
68,kWh energy,61755962.04492651
69,m3_wood,3299216.0
69,kg_cotton,164505000.0
69,m² land,17066525.42215337
69,kWh energy,61089613.47792409
70,m3_wood,3269232.0
70,kg_cotton,163350000.0
70,m² land,17061040.0
70,kWh energy,60552842.3702557
71,m3_wood,3255488.0
71,kg_cotton,161782500.0
71,m² land,17063360.0
71,kWh energy,59873474.438419916
72,m3_wood,3076496.0
72,kg_cotton,162525000.0
72,m² land,16070622.711076684
72,kWh energy,60003148.72192109
73,m3_wood,3023376.0
73,kg_cotton,163927500.0
73,m² land,16057725.422153369
73,kWh energy,60388977.924089916
74,m3_wood,3044640.0
74,kg_cotton,162937500.0
74,m² land,16050800.0
74,kWh energy,59964245.54608837
75,m3_wood,3064640.0
75,kg_cotton,164010000.0
75,m² land,16056300.0
75,kWh energy,60257497.28892338
0,m3_wood,nil
0,kg_cotton,nil
0,m² land,nil
0,kWh energy,nil
1,m3_wood,nil
1,kg_cotton,nil
1,m² land,nil
1,kWh energy,nil
2,m3_wood,302640.0
2,kg_cotton,24172500.0
2,m² land,136594.3454686297
2,kWh energy,10309924.903175825
3,m3_wood,24603329.0
3,kg_cotton,17407500.0
3,m² land,123413152.03718099
3,kWh energy,8255587.188226149
4,m3_wood,40860999.0
4,kg_cotton,12127500.0
4,m² land,205652348.5846631
4,kWh energy,6651597.637490303
5,m3_wood,52261157.0
5,kg_cotton,7755000.0
5,m² land,269753375.0667698
5,kWh energy,5019070.495739736
6,m3_wood,61618676.0
6,kg_cotton,5610000.0
6,m² land,322802864.0720369
6,kWh energy,4236816.808675449
7,m3_wood,66130768.0
7,kg_cotton,3877500.0
7,m² land,349877392.054841
7,kWh energy,3712160.751355541
8,m3_wood,69810498.0
8,kg_cotton,2722500.0
8,m² land,370920324.9440742
8,kWh energy,3332639.4422927983
9,m3_wood,72407411.0
9,kg_cotton,2145000.0
9,m² land,385938680.5443841
9,kWh energy,3118503.485670025
10,m3_wood,73449920.0
10,kg_cotton,1155000.0
10,m² land,391950585.6943454
10,kWh energy,2797771.5104570105
11,m3_wood,75797459.0
11,kg_cotton,907500.0
11,m² land,403978427.6175057
11,kWh energy,2716213.4159566234
12,m3_wood,76253489.0
12,kg_cotton,247500.0
12,m² land,406001653.16142523
12,kWh energy,2509808.2958946554
13,m3_wood,77459185.0
13,kg_cotton,0.0
13,m² land,413845380.0
13,kWh energy,1834500.0
14,m3_wood,77913424.0
14,kg_cotton,0.0
14,m² land,416593640.0
14,kWh energy,1485500.0
15,m3_wood,77827216.0
15,kg_cotton,0.0
15,m² land,418365520.0
15,kWh energy,1395000.0
16,m3_wood,76871184.0
16,kg_cotton,0.0
16,m² land,416182480.0
16,kWh energy,1303000.0
17,m3_wood,76572512.0
17,kg_cotton,0.0
17,m² land,416035640.0
17,kWh energy,1289000.0
18,m3_wood,76372624.0
18,kg_cotton,0.0
18,m² land,415903000.0
18,kWh energy,1301500.0
19,m3_wood,76129552.0
19,kg_cotton,0.0
19,m² land,415716220.0
19,kWh energy,1308000.0
20,m3_wood,76120832.0
20,kg_cotton,0.0
20,m² land,415667540.0
20,kWh energy,1310000.0
21,m3_wood,76231152.0
21,kg_cotton,0.0
21,m² land,416601440.0
21,kWh energy,1266500.0
22,m3_wood,75515936.0
22,kg_cotton,0.0
22,m² land,415489920.0
22,kWh energy,1227500.0
23,m3_wood,75515328.0
23,kg_cotton,0.0
23,m² land,415580160.0
23,kWh energy,1194000.0
24,m3_wood,75224704.0
24,kg_cotton,0.0
24,m² land,415470880.0
24,kWh energy,1193000.0
25,m3_wood,75210960.0
25,kg_cotton,0.0
25,m² land,415423700.0
25,kWh energy,1183000.0
26,m3_wood,75288896.0
26,kg_cotton,0.0
26,m² land,415461120.0
26,kWh energy,1183000.0
27,m3_wood,75215040.0
27,kg_cotton,0.0
27,m² land,415470300.0
27,kWh energy,1223000.0
28,m3_wood,75634304.0
28,kg_cotton,0.0
28,m² land,415536880.0
28,kWh energy,1343500.0
29,m3_wood,76094736.0
29,kg_cotton,0.0
29,m² land,415738420.0
29,kWh energy,1444000.0
30,m3_wood,76160832.0
30,kg_cotton,0.0
30,m² land,415744040.0
30,kWh energy,1551500.0
31,m3_wood,76297552.0
31,kg_cotton,0.0
31,m² land,415847940.0
31,kWh energy,1721500.0
32,m3_wood,76629904.0
32,kg_cotton,0.0
32,m² land,416013880.0
32,kWh energy,1851336.8734180517
33,m3_wood,76829136.0
33,kg_cotton,0.0
33,m² land,416068420.0
33,kWh energy,2015836.8734180517
34,m3_wood,76717504.0
34,kg_cotton,0.0
34,m² land,415181380.0
34,kWh energy,2147836.8734180517
35,m3_wood,77102320.0
35,kg_cotton,0.0
35,m² land,417133960.0
35,kWh energy,2239500.0
36,m3_wood,77489088.0
36,kg_cotton,0.0
36,m² land,417360480.0
36,kWh energy,2314501.7552478192
37,m3_wood,77425696.0
37,kg_cotton,0.0
37,m² land,416407300.0
37,kWh energy,2335000.0
38,m3_wood,77568848.0
38,kg_cotton,0.0
38,m² land,416488920.0
38,kWh energy,2351500.0
39,m3_wood,77678304.0
39,kg_cotton,0.0
39,m² land,416492900.0
39,kWh energy,2262500.0
40,m3_wood,77536544.0
40,kg_cotton,0.0
40,m² land,416483580.0
40,kWh energy,2142500.0
41,m3_wood,77499456.0
41,kg_cotton,0.0
41,m² land,417440380.0
41,kWh energy,1982000.0
42,m3_wood,77492128.0
42,kg_cotton,0.0
42,m² land,417436940.0
42,kWh energy,1834000.0
43,m3_wood,77410448.0
43,kg_cotton,0.0
43,m² land,417363845.0281952
43,kWh energy,1722500.0
44,m3_wood,77494368.0
44,kg_cotton,0.0
44,m² land,417297460.0
44,kWh energy,1578000.0
45,m3_wood,77646240.0
45,kg_cotton,0.0
45,m² land,419185160.0
45,kWh energy,1463000.0
46,m3_wood,76784688.0
46,kg_cotton,0.0
46,m² land,417097260.0
46,kWh energy,1357500.0
47,m3_wood,76814336.0
47,kg_cotton,0.0
47,m² land,418051420.0
47,kWh energy,1333000.0
48,m3_wood,76640048.0
48,kg_cotton,0.0
48,m² land,417944560.0
48,kWh energy,1306500.0
49,m3_wood,76906816.0
49,kg_cotton,0.0
49,m² land,419854020.0
49,kWh energy,1303500.0
50,m3_wood,7693472.0
50,kg_cotton,9817500.0
50,m² land,41016853.199070476
50,kWh energy,3844304.4151820363
51,m3_wood,7316736.0
51,kg_cotton,24750000.0
51,m² land,39004998.621223845
51,kWh energy,9377809.450038718
52,m3_wood,7319520.0
52,kg_cotton,40260000.0
52,m² land,39952324.04337721
52,kWh energy,15077950.038729643
53,m3_wood,7314016.0
53,kg_cotton,60967500.0
53,m² land,39899623.02091401
53,kWh energy,22741647.485346854
54,m3_wood,7320896.0
54,kg_cotton,78787500.0
54,m² land,39921746.754453905
54,kWh energy,29245493.415956713
55,m3_wood,7300112.0
55,kg_cotton,93637500.0
55,m² land,41767707.776917115
55,kWh energy,34682972.76814173
56,m3_wood,7257040.0
56,kg_cotton,106672500.0
56,m² land,39911073.19907048
56,kWh energy,39434007.14047603
57,m3_wood,7345984.0
57,kg_cotton,119790000.0
57,m² land,40835535.91014717
57,kWh energy,44309579.83115834
58,m3_wood,5566864.0
58,kg_cotton,130680000.0
58,m² land,29937596.576297443
58,kWh energy,48336673.896204546
59,m3_wood,5000736.0
59,kg_cotton,136455000.0
59,m² land,27906906.75445391
59,kWh energy,50540029.43454685
60,m3_wood,3547472.0
60,kg_cotton,144622500.0
60,m² land,19928750.4879938
60,kWh energy,53589446.553059705
61,m3_wood,3238848.0
61,kg_cotton,148912500.0
61,m² land,17963195.910147168
61,kWh energy,55216953.524399705
62,m3_wood,3054224.0
62,kg_cotton,152955000.0
62,m² land,16965967.77691712
62,kWh energy,56820358.17637206
63,m3_wood,2745232.0
63,kg_cotton,154275000.0
63,m² land,15900080.66615027
63,kWh energy,57384168.0137075
64,m3_wood,2923344.0
64,kg_cotton,156007500.0
64,m² land,15979723.377226954
64,kWh energy,58096574.67521018
65,m3_wood,2950848.0
65,kg_cotton,157080000.0
65,m² land,15993568.133230055
65,kWh energy,58540326.41804524
66,m3_wood,2845216.0
66,kg_cotton,156420000.0
66,m² land,15945033.555383423
66,kWh energy,58293508.372795574
67,m3_wood,2998352.0
67,kg_cotton,160050000.0
67,m² land,16021945.422153369
67,kWh energy,59588567.77691717
68,m3_wood,2968352.0
68,kg_cotton,160957500.0
68,m² land,16002450.844306739
68,kWh energy,59904780.79008527
69,m3_wood,2699088.0
69,kg_cotton,158812500.0
69,m² land,14064876.266460108
69,kWh energy,58978777.304415196
70,m3_wood,2729104.0
70,kg_cotton,160215000.0
70,m² land,14066880.0
70,kWh energy,59374587.55306951
71,m3_wood,2755360.0
71,kg_cotton,159555000.0
71,m² land,14080200.0
71,kWh energy,58988953.34316424
72,m3_wood,2888128.0
72,kg_cotton,160710000.0
72,m² land,15050660.0
72,kWh energy,59309222.69558489
73,m3_wood,2967504.0
73,kg_cotton,161452500.0
73,m² land,15099380.0
73,kWh energy,59507470.09715146
74,m3_wood,2935008.0
74,kg_cotton,160215000.0
74,m² land,15092260.0
74,kWh energy,59003606.506584115
75,m3_wood,2961264.0
75,kg_cotton,161865000.0
75,m² land,15092080.0
75,kWh energy,59534993.8032534
76,m3_wood,2740400.0
76,kg_cotton,162690000.0
76,m² land,14078502.711076684
76,kWh energy,59796687.45158802
77,m3_wood,2724144.0
77,kg_cotton,159307500.0
77,m² land,14074685.422153369
77,kWh energy,58531330.31503416
78,m3_wood,2666032.0
78,kg_cotton,158895000.0
78,m² land,14055040.0
78,kWh energy,58352752.444381416
79,m3_wood,2877152.0
79,kg_cotton,157822500.0
79,m² land,15976558.931061193
79,kWh energy,57959481.7480318
80,m3_wood,3039280.0
80,kg_cotton,157162500.0
80,m² land,16956600.0
80,kWh energy,57714345.78287866
81,m3_wood,3085520.0
81,kg_cotton,158152500.0
81,m² land,16965900.0
81,kWh energy,58071431.90143493
82,m3_wood,3042400.0
82,kg_cotton,160545000.0
82,m² land,16940000.0
82,kWh energy,58944183.965917975
83,m3_wood,2830288.0
83,kg_cotton,157657500.0
83,m² land,15926360.0
83,kWh energy,57940006.196746744
84,m3_wood,2973024.0
84,kg_cotton,158235000.0
84,m² land,16914280.0
84,kWh energy,58193641.75058099
85,m3_wood,3081136.0
85,kg_cotton,158730000.0
85,m² land,16967920.0
85,kWh energy,58455757.93958181
86,m3_wood,3014256.0
86,kg_cotton,159142500.0
86,m² land,17846300.0
86,kWh energy,58650193.78775242
87,m3_wood,3153776.0
87,kg_cotton,161452500.0
87,m² land,18834740.0
87,kWh energy,59525371.70773328
88,m3_wood,3289760.0
88,kg_cotton,161287500.0
88,m² land,18906200.0
88,kWh energy,59563195.122837216
89,m3_wood,3444128.0
89,kg_cotton,159142500.0
89,m² land,18969662.711076684
89,kWh energy,58903354.763749115
90,m3_wood,3420368.0
90,kg_cotton,158730000.0
90,m² land,18961965.42215337
90,kWh energy,58859757.93958179
91,m3_wood,3459984.0
91,kg_cotton,159142500.0
91,m² land,19889672.48644461
91,kWh energy,59084354.763749056
92,m3_wood,3732752.0
92,kg_cotton,161700000.0
92,m² land,20920940.0
92,kWh energy,60078923.484395534
93,m3_wood,3472848.0
93,kg_cotton,161122500.0
93,m² land,18987562.711076684
93,kWh energy,59924250.02353218
94,m3_wood,3462848.0
94,kg_cotton,161535000.0
94,m² land,18987060.0
94,kWh energy,60021723.09574879
95,m3_wood,3348224.0
95,kg_cotton,159060000.0
95,m² land,18017280.0
95,kWh energy,59090772.22053379
96,m3_wood,3316352.0
96,kg_cotton,158647500.0
96,m² land,18010440.0
96,kWh energy,58906238.57474831
97,m3_wood,3042352.0
97,kg_cotton,161122500.0
97,m² land,16959498.57474825
97,kWh energy,59760794.24839943
98,m3_wood,3281984.0
98,kg_cotton,130845000.0
98,m² land,17961982.711076684
98,kWh energy,48714283.98868901
99,m3_wood,3422608.0
99,kg_cotton,104197500.0
99,m² land,18027762.711076684
99,kWh energy,38935966.07623757
100,m3_wood,3497856.0
100,kg_cotton,83490000.0
100,m² land,18980082.711076684
100,kWh energy,31405097.211464085
101,m3_wood,3558112.0
101,kg_cotton,66495000.0
101,m² land,19933580.0
101,kWh energy,25189438.611350693
102,m3_wood,4115504.0
102,kg_cotton,53542500.0
102,m² land,22029100.0
102,kWh energy,20467061.459078997
103,m3_wood,3785632.0
103,kg_cotton,43147500.0
103,m² land,20048045.42215337
103,kWh energy,16681630.571759006
104,m3_wood,3721888.0
104,kg_cotton,36382500.0
104,m² land,20034865.42215337
104,kWh energy,14222042.655415092
105,m3_wood,3542272.0
105,kg_cotton,29452500.0
105,m² land,19032842.711076684
105,kWh energy,11716413.245546093
106,m3_wood,3454144.0
106,kg_cotton,24502500.0
106,m² land,19002185.42215337
106,kWh energy,9926090.992814545
107,m3_wood,3493520.0
107,kg_cotton,19882500.0
107,m² land,19008400.0
107,kWh energy,8348531.220220507
108,m3_wood,3675024.0
108,kg_cotton,13860000.0
108,m² land,19998450.797831137
108,kWh energy,6304253.2920216825
109,m3_wood,3562272.0
109,kg_cotton,10147500.0
109,m² land,19020340.0
109,kWh energy,5037718.74793393
110,m3_wood,3464144.0
110,kg_cotton,8827500.0
110,m² land,18984680.0
110,kWh energy,4559572.037180481
111,m3_wood,3290784.0
111,kg_cotton,8662500.0
111,m² land,17976980.0
111,kWh energy,4507533.3075135555
112,m3_wood,3456640.0
112,kg_cotton,7672500.0
112,m² land,18967300.0
112,kWh energy,4189300.9295120067
113,m3_wood,3376016.0
113,kg_cotton,6600000.0
113,m² land,18936020.0
113,kWh energy,3860549.1866769954
114,m3_wood,3253888.0
114,kg_cotton,6270000.0
114,m² land,17971362.711076684
114,kWh energy,3798471.7273431453
115,m3_wood,3193888.0
115,kg_cotton,6187500.0
115,m² land,17936860.0
115,kWh energy,3816452.3625096823
116,m3_wood,3017376.0
116,kg_cotton,6435000.0
116,m² land,16949293.55538342
116,kWh energy,3996510.4570100694
117,m3_wood,3050496.0
117,kg_cotton,6270000.0
117,m² land,16961120.0
117,kWh energy,3998971.727343145
118,m3_wood,2973616.0
118,kg_cotton,5857500.0
118,m² land,16931520.0
118,kWh energy,3929874.9031758322
119,m3_wood,3057360.0
119,kg_cotton,6022500.0
119,m² land,16955200.0
119,kWh energy,4054913.6328427577
120,m3_wood,2878608.0
120,kg_cotton,6022500.0
120,m² land,16852262.711076684
120,kWh energy,4090913.632842757
121,m3_wood,3089856.0
121,kg_cotton,5940000.0
121,m² land,16984820.0
121,kWh energy,4154894.2680092943
122,m3_wood,3082352.0
122,kg_cotton,6270000.0
122,m² land,16971940.0
122,kWh energy,4264471.727343145
123,m3_wood,3077984.0
123,kg_cotton,6517500.0
123,m² land,16983480.0
123,kWh energy,4342029.821843531
124,m3_wood,3139856.0
124,kg_cotton,6352500.0
124,m² land,16996320.0
124,kWh energy,4245491.092176607
125,m3_wood,2927104.0
125,kg_cotton,6435000.0
125,m² land,16008882.711076684
125,kWh energy,4260510.45701007
126,m3_wood,2983360.0
126,kg_cotton,6187500.0
126,m² land,16023705.422153369
126,kWh energy,4116452.362509682
127,m3_wood,2718752.0
127,kg_cotton,6270000.0
127,m² land,15863125.422153369
127,kWh energy,4086971.727343145
128,m3_wood,2859216.0
128,kg_cotton,6435000.0
128,m² land,15944848.133230053
128,kWh energy,4074010.45701007
129,m3_wood,3112384.0
129,kg_cotton,6435000.0
129,m² land,16974485.42215337
129,kWh energy,3989010.45701007
130,m3_wood,3248624.0
130,kg_cotton,6682500.0
130,m² land,17042280.0
130,kWh energy,3987568.551510457
131,m3_wood,3032752.0
131,kg_cotton,6600000.0
131,m² land,16035442.711076684
131,kWh energy,3890549.1866769944
132,m3_wood,2802512.0
132,kg_cotton,7095000.0
132,m² land,15030645.422153369
132,kWh energy,4040665.375677769
133,m3_wood,2814384.0
133,kg_cotton,7590000.0
133,m² land,15022988.133230053
133,kWh energy,4186281.5646785437
134,m3_wood,2592256.0
134,kg_cotton,7507500.0
134,m² land,14021822.711076684
134,kWh energy,4107762.1998450826
135,m3_wood,2416384.0
135,kg_cotton,7755000.0
135,m² land,13034980.0
135,kWh energy,4207820.294345469
136,m3_wood,2472640.0
136,kg_cotton,8002500.0
136,m² land,13036433.555383423
136,kWh energy,4306378.388845855
137,m3_wood,2265520.0
137,kg_cotton,8167500.0
137,m² land,12029973.555383423
137,kWh energy,4347917.1185127795
138,m3_wood,2393888.0
138,kg_cotton,8497500.0
138,m² land,13001360.0
138,kWh energy,4480494.5778466305
139,m3_wood,2476384.0
139,kg_cotton,7837500.0
139,m² land,13015480.0
139,kWh energy,4256339.65917893
140,m3_wood,2281136.0
140,kg_cotton,8002500.0
140,m² land,12005422.711076684
140,kWh energy,4356378.388845855
141,m3_wood,2214256.0
141,kg_cotton,7590000.0
141,m² land,12003320.0
141,kWh energy,4219281.564678543
142,m3_wood,2244256.0
142,kg_cotton,7012500.0
142,m² land,12015710.70487994
142,kWh energy,4048646.0108443066
143,m3_wood,2862800.0
143,kg_cotton,6682500.0
143,m² land,15950110.209140174
143,kWh energy,4011568.5515104565
144,m3_wood,3487264.0
144,kg_cotton,6847500.0
144,m² land,19005780.72811769
144,kWh energy,4149607.281177382
145,m3_wood,4190144.0
145,kg_cotton,6270000.0
145,m² land,22980720.340821058
145,kWh energy,3971471.7273431444
146,m3_wood,5380848.0
146,kg_cotton,6682500.0
146,m² land,29000929.775367714
146,kWh energy,4164068.5515104574
147,m3_wood,7248800.0
147,kg_cotton,7755000.0
147,m² land,39087082.0914015
147,kWh energy,4587320.294345468
148,m3_wood,10090000.0
148,kg_cotton,9735000.0
148,m² land,55009438.45081275
148,kWh energy,5340285.050348567
149,m3_wood,11127248.0
149,kg_cotton,14520000.0
149,m² land,60980643.91944139
149,kWh energy,7058908.2106893845
150,m3_wood,12678912.0
150,kg_cotton,20790000.0
150,m² land,65354934.8721911
150,kWh energy,9313379.938032532
151,m3_wood,12921088.0
151,kg_cotton,29122500.0
151,m² land,69085429.37257859
151,kWh energy,12270672.659630282
152,m3_wood,12901152.0
152,kg_cotton,38775000.0
152,m² land,68197954.28350054
152,kWh energy,15697101.471727332
153,m3_wood,10192000.0
153,kg_cotton,49417500.0
153,m² land,55040550.67389557
153,kWh energy,19466599.535244018
154,m3_wood,11657232.0
154,kg_cotton,60472500.0
154,m² land,61231043.8109984
154,kWh energy,23388194.422928
155,m3_wood,9952016.0
155,kg_cotton,72022500.0
155,m² land,49409510.673895575
155,kWh energy,27460405.499612752
156,m3_wood,6861936.0
156,kg_cotton,84975000.0
156,m² land,36075629.04724957
156,kWh energy,32009945.77846638
157,m3_wood,4169472.0
157,kg_cotton,98917500.0
157,m² land,21979774.144074224
157,kWh energy,36970718.43532149
158,m3_wood,4233824.0
158,kg_cotton,110797500.0
158,m² land,22096354.54686275
158,kWh energy,41247994.33566371
159,m3_wood,4266736.0
159,kg_cotton,121192500.0
159,m² land,22108135.18202939
159,kWh energy,44936946.94035633
160,m3_wood,3406960.0
160,kg_cotton,131505000.0
160,m² land,18049321.006971277
160,kWh energy,48577867.5445391
161,m3_wood,3200512.0
161,kg_cotton,136867500.0
161,m² land,17050350.658404313
161,kWh energy,50498463.132132284
162,m3_wood,3029008.0
162,kg_cotton,141652500.0
162,m² land,16052743.051897688
162,kWh energy,52179586.29247303
163,m3_wood,2872768.0
163,kg_cotton,145860000.0
163,m² land,15961640.836560767
163,kWh energy,53723601.32091771
164,m3_wood,2823776.0
164,kg_cotton,148912500.0
164,m² land,15015905.422153369
164,kWh energy,54822453.52439969
165,m3_wood,2065264.0
165,kg_cotton,152707500.0
165,m² land,11012142.711076684
165,kWh energy,56233844.30673903
166,m3_wood,2123648.0
166,kg_cotton,155182500.0
166,m² land,11958565.422153369
166,kWh energy,57110925.25174288
167,m3_wood,2467920.0
167,kg_cotton,156667500.0
167,m² land,13952932.920216808
167,kWh energy,57673273.81874522
168,m3_wood,2876512.0
168,kg_cotton,156750000.0
168,m² land,15940641.502711043
168,kWh energy,57727293.183578685
169,m3_wood,2808144.0
169,kg_cotton,158070000.0
169,m² land,15010439.9535244
169,kWh energy,58242603.020914115
170,m3_wood,2879024.0
170,kg_cotton,157162500.0
170,m² land,15945785.422153369
170,kWh energy,57984890.00774602
171,m3_wood,3021136.0
171,kg_cotton,157740000.0
171,m² land,16947882.432223044
171,kWh energy,58253025.56158022
172,m3_wood,3163632.0
172,kg_cotton,159967500.0
172,m² land,17004556.26646011
172,kWh energy,59109029.45856913
173,m3_wood,3113008.0
173,kg_cotton,159637500.0
173,m² land,17001760.0
173,kWh energy,59016970.95274991
174,m3_wood,3137376.0
174,kg_cotton,158482500.0
174,m² land,17009220.0
174,kWh energy,58621199.84508138
175,m3_wood,2750624.0
175,kg_cotton,161040000.0
175,m² land,14999782.711076684
175,kWh energy,59640800.15491875
176,m3_wood,2324496.0
176,kg_cotton,159225000.0
176,m² land,12989248.133230053
176,kWh energy,59010374.12858257
177,m3_wood,2163616.0
177,kg_cotton,157657500.0
177,m² land,11986590.844306739
177,kWh energy,58505006.196746714
178,m3_wood,2184240.0
178,kg_cotton,156420000.0
178,m² land,11987805.422153369
178,kWh energy,58099215.72424479
179,m3_wood,2174240.0
179,kg_cotton,156172500.0
179,m² land,11987300.0
179,kWh energy,58016157.62974443
180,m3_wood,2278256.0
180,kg_cotton,156750000.0
180,m² land,12925320.0
180,kWh energy,58239293.18357864
181,m3_wood,2560384.0
181,kg_cotton,158400000.0
181,m² land,13965480.0
181,kWh energy,58831148.89105704
182,m3_wood,2564736.0
182,kg_cotton,160875000.0
182,m² land,13984920.0
182,kWh energy,59659729.836060844
183,m3_wood,2549728.0
183,kg_cotton,160215000.0
183,m² land,13975200.0
183,kWh energy,59396916.02227154
184,m3_wood,2773360.0
184,kg_cotton,155430000.0
184,m² land,15919348.752904724
184,kWh energy,57565958.07489059
185,m3_wood,2756864.0
185,kg_cotton,153615000.0
185,m² land,15007082.711076684
185,kWh energy,56856025.73071615
186,m3_wood,2600992.0
186,kg_cotton,153285000.0
186,m² land,13998748.133230053
186,kWh energy,56707454.58922049
187,m3_wood,2516624.0
187,kg_cotton,152047500.0
187,m² land,13961280.0
187,kWh energy,56180664.11671852
188,m3_wood,2936496.0
188,kg_cotton,154687500.0
188,m² land,15974213.72579396
188,kWh energy,57113309.0627421
189,m3_wood,3089872.0
189,kg_cotton,155347500.0
189,m² land,16974111.01471726
189,kWh energy,57269977.80070055
190,m3_wood,3024256.0
190,kg_cotton,155017500.0
190,m² land,16957333.55538342
190,kWh energy,57121400.34136677
191,m3_wood,2549760.0
191,kg_cotton,154770000.0
191,m² land,13991765.422153369
191,kWh energy,56990845.01072448
192,m3_wood,2544144.0
192,kg_cotton,154852500.0
192,m² land,13993680.0
192,kWh energy,57003822.521056294
193,m3_wood,2559136.0
193,kg_cotton,153780000.0
193,m² land,13982920.0
193,kWh energy,56592244.525057405
194,m3_wood,2804000.0
194,kg_cotton,154770000.0
194,m² land,15922133.23005417
194,kWh energy,56965803.15622286
195,m3_wood,2731888.0
195,kg_cotton,151882500.0
195,m² land,14986360.0
195,kWh energy,55921119.06921347
196,m3_wood,2522256.0
196,kg_cotton,149572500.0
196,m² land,13982320.0
196,kWh energy,55121108.44306746
197,m3_wood,2643776.0
197,kg_cotton,145777500.0
197,m² land,14938220.0
197,kWh energy,53732217.66072819
198,m3_wood,2551632.0
198,kg_cotton,139342500.0
198,m² land,13992540.0
198,kWh energy,51430707.203718044
199,m3_wood,2579136.0
199,kg_cotton,132495000.0
199,m² land,13988760.0
199,kWh energy,48972099.92254065
200,m3_wood,2549760.0
200,kg_cotton,123172500.0
200,m² land,13987200.0
200,kWh energy,45670905.378521256
201,m3_wood,2583504.0
201,kg_cotton,110715000.0
201,m² land,13994880.0
201,kWh energy,41215841.06307357
202,m3_wood,2536624.0
202,kg_cotton,99412500.0
202,m² land,13975780.0
202,kWh energy,37190185.31703107
203,m3_wood,2373872.0
203,kg_cotton,89017500.0
203,m² land,12981842.711076684
203,kWh energy,33483894.655306015
0,m3_wood,nil
0,kg_cotton,nil
0,m² land,nil
0,kWh energy,nil
1,m3_wood,nil
1,kg_cotton,nil
1,m² land,nil
1,kWh energy,nil
2,m3_wood,302016.0
2,kg_cotton,25492500.0
2,m² land,136357.72269558563
2,kWh energy,10771537.648943173
3,m3_wood,23831778.0
3,kg_cotton,18975000.0
3,m² land,119440120.83656146
3,kWh energy,8810736.78798557
4,m3_wood,39634328.0
4,kg_cotton,14272500.0
4,m² land,198681851.60409653
4,kWh energy,7402274.3357968535
5,m3_wood,49888917.0
5,kg_cotton,10230000.0
5,m² land,255791819.58014345
5,kWh energy,5944651.440743602
6,m3_wood,58395058.0
6,kg_cotton,7012500.0
6,m² land,303876030.5946773
6,kWh energy,4781151.728037639
7,m3_wood,65167906.0
7,kg_cotton,5032500.0
7,m² land,342909195.7581574
7,kWh energy,4154202.7667270247
8,m3_wood,69066435.0
8,kg_cotton,3547500.0
8,m² land,366943569.84125084
8,kWh energy,3644516.182906789
9,m3_wood,72408273.0
9,kg_cotton,2310000.0
9,m² land,384978858.0418754
9,kWh energy,3194872.770916816
10,m3_wood,74427056.0
10,kg_cotton,1567500.0
10,m² land,397995822.744003
10,kWh energy,2925045.9810878607
11,m3_wood,76344912.0
11,kg_cotton,825000.0
11,m² land,407023171.02651995
11,kWh energy,2703708.5710047497
12,m3_wood,78161536.0
12,kg_cotton,247500.0
12,m² land,416050496.78234416
12,kWh energy,2538905.5881725946
13,m3_wood,78983616.0
13,kg_cotton,0.0
13,m² land,421890794.32455707
13,kWh energy,1879510.6202541557
14,m3_wood,79498800.0
14,kg_cotton,0.0
14,m² land,425590300.0
14,kWh energy,1500500.0
15,m3_wood,79243584.0
15,kg_cotton,0.0
15,m² land,426341980.0
15,kWh energy,1390000.0
16,m3_wood,78664304.0
16,kg_cotton,0.0
16,m² land,426140857.16227853
16,kWh energy,1303336.8734180517
17,m3_wood,77959520.0
17,kg_cotton,0.0
17,m² land,423961620.0
17,kWh energy,1261673.7468361035
18,m3_wood,77695216.0
18,kg_cotton,0.0
18,m² land,423858997.16227853
18,kWh energy,1315347.4936722072
19,m3_wood,77570304.0
19,kg_cotton,0.0
19,m² land,423727357.16227853
19,kWh energy,1292173.7468361035
20,m3_wood,77338224.0
20,kg_cotton,0.0
20,m² land,422619234.32455707
20,kWh energy,1308184.367090259
21,m3_wood,77175152.0
21,kg_cotton,0.0
21,m² land,422638417.16227853
21,kWh energy,1230245.1096537057
0,m3_wood,nil
0,kg_cotton,nil
0,m² land,nil
0,kWh energy,nil
1,m3_wood,nil
1,kg_cotton,nil
1,m² land,nil
1,kWh energy,nil
2,m3_wood,303888.0
2,kg_cotton,23595000.0
2,m² land,137135.36793183658
2,kWh energy,10105565.300071884
3,m3_wood,26895888.0
3,kg_cotton,17242500.0
3,m² land,136403923.903951
3,kWh energy,8206743.051670536
4,m3_wood,42415062.0
4,kg_cotton,11137500.0
4,m² land,214614687.05835402
4,kWh energy,6300452.202890044
5,m3_wood,55762295.0
5,kg_cotton,7260000.0
5,m² land,288729105.4075757
5,kWh energy,4872954.709527497
6,m3_wood,64050611.0
6,kg_cotton,5197500.0
6,m² land,335811388.11326873
6,kWh energy,4103562.303742017
7,m3_wood,68160579.0
7,kg_cotton,3465000.0
7,m² land,360844762.8172552
7,kWh energy,3575905.843633573
8,m3_wood,71775665.0
8,kg_cotton,2227500.0
8,m² land,381911697.11819094
8,kWh energy,3175375.789991523
9,m3_wood,74342578.0
9,kg_cotton,1072500.0
9,m² land,396924694.0082774
9,kWh energy,2753778.429159152
10,m3_wood,77329617.0
10,kg_cotton,660000.0
10,m² land,412950709.4866614
10,kWh energy,2646578.8668980715
11,m3_wood,78302497.0
11,kg_cotton,247500.0
11,m² land,416976507.4859823
11,kWh energy,2512819.1875263127
12,m3_wood,79586611.0
12,kg_cotton,165000.0
12,m² land,423011103.4620126
12,kWh energy,2519891.6691549607
13,m3_wood,79484768.0
13,kg_cotton,0.0
13,m² land,423853068.64911413
13,kWh energy,1851847.4936722075
14,m3_wood,79465952.0
14,kg_cotton,0.0
14,m² land,426582108.64911413
14,kWh energy,1478021.2405083105
15,m3_wood,78995456.0
15,kg_cotton,0.0
15,m² land,426357297.16227853
15,kWh energy,1375510.6202541555
16,m3_wood,78854576.0
16,kg_cotton,0.0
16,m² land,427207720.0
16,kWh energy,1326673.7468361035
17,m3_wood,78385008.0
17,kg_cotton,0.0
17,m² land,426026237.16227853
17,kWh energy,1327173.7468361035
18,m3_wood,78301744.0
18,kg_cotton,0.0
18,m² land,424891180.0
18,kWh energy,1355673.7468361035
19,m3_wood,78014928.0
19,kg_cotton,0.0
19,m² land,424785637.16227853
19,kWh energy,1352010.6202541555
20,m3_wood,77675968.0
20,kg_cotton,0.0
20,m² land,423704960.0
20,kWh energy,1303000.0
21,m3_wood,77017376.0
21,kg_cotton,0.0
21,m² land,421628174.32455707
21,kWh energy,1246847.4936722075
22,m3_wood,76419056.0
22,kg_cotton,0.0
22,m² land,420537140.0
22,kWh energy,1219500.0
23,m3_wood,76114096.0
23,kg_cotton,0.0
23,m² land,420483060.0
23,kWh energy,1184000.0
24,m3_wood,76080352.0
24,kg_cotton,0.0
24,m² land,420444160.0
24,kWh energy,1194500.0
25,m3_wood,76014080.0
25,kg_cotton,0.0
25,m² land,420385574.32455707
25,kWh energy,1185673.7468361035
26,m3_wood,76412288.0
26,kg_cotton,0.0
26,m² land,421399360.0
26,kWh energy,1261336.8734180517
27,m3_wood,76724032.0
27,kg_cotton,0.0
27,m² land,421506040.0
27,kWh energy,1293173.7468361035
28,m3_wood,76793600.0
28,kg_cotton,0.0
28,m² land,422419931.4868356
28,kWh energy,1387673.7468361035
29,m3_wood,77144640.0
29,kg_cotton,0.0
29,m² land,422638277.16227853
29,kWh energy,1445836.8734180517
30,m3_wood,77425153.0
30,kg_cotton,0.0
30,m² land,422736687.92469275
30,kWh energy,1563336.8734180517
31,m3_wood,77374944.0
31,kg_cotton,0.0
31,m² land,422824148.64911413
31,kWh energy,1703847.493672207
32,m3_wood,77955664.0
32,kg_cotton,0.0
32,m² land,423932057.16227853
32,kWh energy,1850510.6202541555
33,m3_wood,77880016.0
33,kg_cotton,0.0
33,m² land,422109520.0
33,kWh energy,2007173.7468361035
34,m3_wood,77925504.0
34,kg_cotton,0.0
34,m² land,422145880.0
34,kWh energy,2163673.7468361035
35,m3_wood,78504768.0
35,kg_cotton,0.0
35,m² land,422346777.16227853
35,kWh energy,2283336.8734180517
36,m3_wood,78467824.0
36,kg_cotton,0.0
36,m² land,422362317.16227853
36,kWh energy,2329173.7468361035
37,m3_wood,78325056.0
37,kg_cotton,0.0
37,m² land,421436380.0
37,kWh energy,2316000.0
38,m3_wood,78473840.0
38,kg_cotton,0.0
38,m² land,421475814.32455707
38,kWh energy,2306173.7468361035
39,m3_wood,78396400.0
39,kg_cotton,0.0
39,m² land,421493240.0
39,kWh energy,2242500.0
40,m3_wood,78386528.0
40,kg_cotton,0.0
40,m² land,421475657.16227853
40,kWh energy,2152510.6202541552
41,m3_wood,78629056.0
41,kg_cotton,0.0
41,m² land,423381780.0
41,kWh energy,2048836.8734180517
42,m3_wood,79166944.0
42,kg_cotton,0.0
42,m² land,424400857.16227853
42,kWh energy,1858173.7468361035
43,m3_wood,78716912.0
43,kg_cotton,0.0
43,m² land,423368017.16227853
43,kWh energy,1720673.7468361035
44,m3_wood,77930352.0
44,kg_cotton,0.0
44,m² land,421262940.0
44,kWh energy,1515347.4936722075
45,m3_wood,77704256.0
45,kg_cotton,0.0
45,m² land,421123797.16227853
45,kWh energy,1417673.7468361035
46,m3_wood,77272288.0
46,kg_cotton,0.0
46,m² land,420103860.0
46,kWh energy,1342836.8734180517
47,m3_wood,77258816.0
47,kg_cotton,0.0
47,m² land,420979020.0
47,kWh energy,1294500.0
48,m3_wood,76970304.0
48,kg_cotton,0.0
48,m² land,418950288.64911413
48,kWh energy,1271510.6202541555
49,m3_wood,18921536.0
49,kg_cotton,0.0
49,m² land,102980897.16227853
49,kWh energy,346010.6202541555
50,m3_wood,7320064.0
50,kg_cotton,10560000.0
50,m² land,39969007.11076684
50,kWh energy,4124309.2542630653
51,m3_wood,7292384.0
51,kg_cotton,27307500.0
51,m² land,39018691.510457
51,kWh energy,10335401.426615661
52,m3_wood,7344160.0
52,kg_cotton,42652500.0
52,m² land,40911133.33703635
52,kWh energy,16029461.076194558
53,m3_wood,7314336.0
53,kg_cotton,62782500.0
53,m² land,40874696.943931445
53,kWh energy,23450978.74411026
54,m3_wood,7318320.0
54,kg_cotton,76890000.0
54,m² land,39927788.79938032
54,kWh energy,28568927.985861517
55,m3_wood,7269888.0
55,kg_cotton,93060000.0
55,m² land,40779202.354763746
55,kWh energy,34514844.681928575
56,m3_wood,7317936.0
56,kg_cotton,107745000.0
56,m² land,40806426.754453905
56,kWh energy,39847050.39465093
57,m3_wood,5773088.0
57,kg_cotton,118552500.0
57,m² land,31859050.4879938
57,kWh energy,43837311.47737603
58,m3_wood,4782784.0
58,kg_cotton,127875000.0
58,m² land,25936192.176607274
58,kWh energy,47266889.13510311
59,m3_wood,3816496.0
59,kg_cotton,137610000.0
59,m² land,20980924.043377224
59,kWh energy,50873749.99950988
60,m3_wood,3517856.0
60,kg_cotton,143467500.0
60,m² land,19005586.08830364
60,kWh energy,53092784.87663466
61,m3_wood,3114224.0
61,kg_cotton,149325000.0
61,m² land,16983301.688613478
61,kWh energy,55330367.131259635
62,m3_wood,2963344.0
62,kg_cotton,151552500.0
62,m² land,16004226.08830364
62,kWh energy,56258163.67679938
63,m3_wood,2943952.0
63,kg_cotton,151057500.0
63,m² land,16002946.984122058
63,kWh energy,56144440.08454943
64,m3_wood,2764352.0
64,kg_cotton,154440000.0
64,m² land,15010413.302093849
64,kWh energy,57480621.45884498
65,m3_wood,2773728.0
65,kg_cotton,154770000.0
65,m² land,15019660.0
65,kWh energy,57656993.582151785
66,m3_wood,2576608.0
66,kg_cotton,152872500.0
66,m² land,14897362.711076684
66,kWh energy,57003084.08258901
67,m3_wood,2782720.0
67,kg_cotton,155017500.0
67,m² land,15029805.422153369
67,kWh energy,57749250.694841035
68,m3_wood,3097728.0
68,kg_cotton,156585000.0
68,m² land,16053645.29550858
68,kWh energy,58286023.859104015
69,m3_wood,3061472.0
69,kg_cotton,155925000.0
69,m² land,16048840.0
69,kWh energy,57953970.02584726
70,m3_wood,3038976.0
70,kg_cotton,158812500.0
70,m² land,16046720.0
70,kWh energy,58885446.76140742
71,m3_wood,3074000.0
71,kg_cotton,158565000.0
71,m² land,16060500.0
71,kWh energy,58657333.82178552
72,m3_wood,3022768.0
72,kg_cotton,159225000.0
72,m² land,16053437.162278527
72,kWh energy,58811795.16189125
73,m3_wood,3037136.0
73,kg_cotton,162442500.0
73,m² land,16046920.0
73,kWh energy,59870251.42400736
74,m3_wood,2896272.0
74,kg_cotton,159060000.0
74,m² land,15064340.0
74,kWh energy,58561987.03960409
75,m3_wood,2862528.0
75,kg_cotton,161700000.0
75,m² land,15052160.0
75,kWh energy,59463108.729697116
76,m3_wood,2528272.0
76,kg_cotton,163762500.0
76,m² land,13064342.711076684
76,kWh energy,60153872.863407984
77,m3_wood,2459520.0
77,kg_cotton,163185000.0
77,m² land,13038905.422153369
77,kWh energy,59912256.2630884
78,m3_wood,2417648.0
78,kg_cotton,165165000.0
78,m² land,13022560.0
78,kWh energy,60619563.07313681
79,m3_wood,2407664.0
79,kg_cotton,167640000.0
79,m² land,13000082.711076684
79,kWh energy,61493789.32841899
80,m3_wood,2200512.0
80,kg_cotton,168795000.0
80,m² land,11986522.711076684
80,kWh energy,61897597.20590567
81,m3_wood,2171792.0
81,kg_cotton,169785000.0
81,m² land,11983245.422153369
81,kWh energy,62280085.462639816
82,m3_wood,2245152.0
82,kg_cotton,168712500.0
82,m² land,12918440.0
82,kWh energy,61893531.600782715
83,m3_wood,2521024.0
83,kg_cotton,166485000.0
83,m² land,13964280.0
83,kWh energy,61096804.55146308
84,m3_wood,2613760.0
84,kg_cotton,166155000.0
84,m² land,14922700.0
84,kWh energy,61010144.96023284
85,m3_wood,2671248.0
85,kg_cotton,163597500.0
85,m² land,14955560.0
85,kWh energy,60182157.23427193
86,m3_wood,2717504.0
86,kg_cotton,162442500.0
86,m² land,14983380.0
86,kWh energy,59823188.24562544
87,m3_wood,2693744.0
87,kg_cotton,161205000.0
87,m² land,14971180.0
87,kWh energy,59434784.05203625
88,m3_wood,2690624.0
88,kg_cotton,161040000.0
88,m² land,14951780.0
88,kWh energy,59456751.64020744
89,m3_wood,2231104.0
89,kg_cotton,163845000.0
89,m² land,11992888.133230053
89,kWh energy,60555866.95688873
90,m3_wood,2183600.0
90,kg_cotton,164175000.0
90,m² land,11982516.26646011
90,kWh energy,60802485.48845687
91,m3_wood,2152352.0
91,kg_cotton,160627500.0
91,m² land,11971456.266460108
91,kWh energy,59577668.58892744
92,m3_wood,2190480.0
92,kg_cotton,160215000.0
92,m² land,11995170.844306739
92,kWh energy,59485740.071969315
93,m3_wood,2006480.0
93,kg_cotton,160297500.0
93,m² land,11004102.711076684
93,kWh energy,59550639.397877276
94,m3_wood,1985232.0
94,kg_cotton,161700000.0
94,m² land,10998105.422153369
94,kWh energy,60077468.600046195
95,m3_wood,1963360.0
95,kg_cotton,162855000.0
95,m² land,10969770.844306737
95,kWh energy,60492696.62005816
96,m3_wood,2033360.0
96,kg_cotton,161947500.0
96,m² land,10995205.422153369
96,kWh energy,60105182.625078954
97,m3_wood,2052736.0
97,kg_cotton,136950000.0
97,m² land,11004920.0
97,kWh energy,50964789.80918702
98,m3_wood,1856240.0
98,kg_cotton,111870000.0
98,m² land,9998862.711076684
98,kWh energy,41770148.15829284
99,m3_wood,1851248.0
99,kg_cotton,90090000.0
99,m² land,9997122.711076684
99,kWh energy,33780954.84757337
100,m3_wood,1882496.0
100,kg_cotton,73837500.0
100,m² land,10017182.711076684
100,kWh energy,27798673.579994377
101,m3_wood,1755632.0
101,kg_cotton,58410000.0
101,m² land,9981108.133230055
101,kWh energy,22186602.898842335
102,m3_wood,1878128.0
102,kg_cotton,47520000.0
102,m² land,10015228.133230055
102,kWh energy,18234408.885596026
103,m3_wood,1705376.0
103,kg_cotton,37372500.0
103,m² land,9020790.844306739
103,kWh energy,14590571.235947436
104,m3_wood,1506992.0
104,kg_cotton,30277500.0
104,m² land,8018893.555383423
104,kWh energy,12018393.224593284
105,m3_wood,1542896.0
105,kg_cotton,24997500.0
105,m² land,8935120.0
105,kWh energy,10149660.193089867
106,m3_wood,1718512.0
106,kg_cotton,19552500.0
106,m² land,9018140.0
106,kWh energy,8208706.351823017
107,m3_wood,1901264.0
107,kg_cotton,14767500.0
107,m² land,10022080.0
107,kWh energy,6509434.7159988405
108,m3_wood,1855008.0
108,kg_cotton,10972500.0
108,m² land,10007760.0
108,kWh energy,5170575.522850503
109,m3_wood,1790016.0
109,kg_cotton,9900000.0
109,m² land,9984520.0
109,kWh energy,4830323.780015491
110,m3_wood,1822512.0
110,kg_cotton,8497500.0
110,m² land,10000640.0
110,kWh energy,4331331.451264682
111,m3_wood,1826880.0
111,kg_cotton,8415000.0
111,m² land,9993600.0
111,kWh energy,4370136.324172901
112,m3_wood,2009648.0
112,kg_cotton,8085000.0
112,m² land,10993514.324557055
112,kWh energy,4295065.182677236
113,m3_wood,2039632.0
113,kg_cotton,7507500.0
113,m² land,11003494.324557055
113,kWh energy,4151103.3756791027
114,m3_wood,1887504.0
114,kg_cotton,6847500.0
114,m² land,10005940.0
114,kWh energy,3967781.028013485
115,m3_wood,1818752.0
115,kg_cotton,6930000.0
115,m² land,9984940.0
115,kWh energy,4026126.6460108445
116,m3_wood,1718768.0
116,kg_cotton,6352500.0
116,m² land,9926462.711076684
116,kWh energy,3855491.0921766073
117,m3_wood,1823744.0
117,kg_cotton,6105000.0
117,m² land,9996185.422153369
117,kWh energy,3869504.3604938216
118,m3_wood,1824992.0
118,kg_cotton,6187500.0
118,m² land,9983248.133230055
118,kWh energy,4006452.3625096823
119,m3_wood,2246384.0
119,kg_cotton,5610000.0
119,m² land,12918283.330751352
119,kWh energy,3834469.586574777
120,m3_wood,2298864.0
120,kg_cotton,5527500.0
120,m² land,12953080.0
120,kWh energy,3922265.854651055
121,m3_wood,2350736.0
121,kg_cotton,6105000.0
121,m² land,12969920.0
121,kWh energy,4179269.8710942715
122,m3_wood,2498144.0
122,kg_cotton,5775000.0
122,m² land,14860565.811392637
122,kWh energy,4097203.032014577
123,m3_wood,2730864.0
123,kg_cotton,6270000.0
123,m² land,15875080.0
123,kWh energy,4252319.221015352
124,m3_wood,2923360.0
124,kg_cotton,6105000.0
124,m² land,15966700.0
124,kWh energy,4152907.7263234784
125,m3_wood,2901488.0
125,kg_cotton,5857500.0
125,m² land,15978360.0
125,kWh energy,4005343.3139849044
126,m3_wood,2902112.0
126,kg_cotton,6105000.0
126,m² land,15987640.0
126,kWh energy,4062231.9640651583
127,m3_wood,2708112.0
127,kg_cotton,5280000.0
127,m² land,14991642.711076684
127,kWh energy,3728076.2227596478
128,m3_wood,2733744.0
128,kg_cotton,5197500.0
128,m² land,15009185.422153369
128,kWh energy,3636219.9845081335
129,m3_wood,2769376.0
129,kg_cotton,4950000.0
129,m² land,15013705.295508582
129,kWh energy,3457998.763425797
130,m3_wood,2546624.0
130,kg_cotton,5115000.0
130,m² land,13976282.711076684
130,kWh energy,3419200.6196746705
131,m3_wood,2409504.0
131,kg_cotton,5115000.0
131,m² land,12995365.29550858
131,kWh energy,3308874.366510774
132,m3_wood,2214880.0
132,kg_cotton,5280000.0
132,m² land,12003617.03563374
132,kWh energy,3292413.096177699
133,m3_wood,2144880.0
133,kg_cotton,5362500.0
133,m² land,11986600.0
133,kWh energy,3330051.3627258115
134,m3_wood,2242384.0
134,kg_cotton,5362500.0
134,m² land,12003980.0
134,kWh energy,3306432.461011162
135,m3_wood,2191760.0
135,kg_cotton,5692500.0
135,m² land,11987700.0
135,kWh energy,3396984.6489922698
136,m3_wood,2402640.0
136,kg_cotton,5857500.0
136,m² land,12995174.221533695
136,kWh energy,3471853.93423906
137,m3_wood,2375136.0
137,kg_cotton,5775000.0
137,m² land,12987420.0
137,kWh energy,3417004.0138257314
138,m3_wood,2373888.0
138,kg_cotton,5610000.0
138,m² land,13000360.0
138,kWh energy,3378291.537322703
139,m3_wood,2405136.0
139,kg_cotton,5032500.0
139,m² land,13002374.324557055
139,kWh energy,3167528.7485134145
140,m3_wood,2394496.0
140,kg_cotton,4867500.0
140,m² land,12993899.860573195
140,kWh energy,3144291.0006576446
141,m3_wood,2736272.0
141,kg_cotton,4702500.0
141,m² land,14988995.289739605
141,kWh energy,3108426.0178268235
142,m3_wood,2888128.0
142,kg_cotton,4620000.0
142,m² land,15987898.621161409
142,kWh energy,3123877.07922465
143,m3_wood,3157024.0
143,kg_cotton,4867500.0
143,m² land,17021584.174646303
143,kWh energy,3308935.173725037
144,m3_wood,4340176.0
144,kg_cotton,5032500.0
144,m² land,23054046.58404325
144,kWh energy,3406681.2548412085
145,m3_wood,7399136.0
145,kg_cotton,4537500.0
145,m² land,40937693.2689749
145,kWh energy,3294401.939258486
146,m3_wood,10461856.0
146,kg_cotton,3795000.0
146,m² land,56974718.99536686
146,kWh energy,3099890.7823392716
147,m3_wood,12210544.0
147,kg_cotton,5280000.0
147,m² land,67853831.61667116
147,kWh energy,3673044.633568721
148,m3_wood,15463744.0
148,kg_cotton,7507500.0
148,m² land,85881927.33336616
148,kWh energy,4504353.814784776
149,m3_wood,18065520.0
149,kg_cotton,12210000.0
149,m² land,98048792.04055491
149,kWh energy,6186944.97461576
150,m3_wood,20965824.0
150,kg_cotton,19552500.0
150,m² land,110427098.25107318
150,kWh energy,8828467.411182854
151,m3_wood,18476416.0
151,kg_cotton,28297500.0
151,m² land,99111870.97352229
151,kWh energy,11925721.117140926
152,m3_wood,17853280.0
152,kg_cotton,39600000.0
152,m² land,95111134.04069899
152,kWh energy,15951717.29058151
153,m3_wood,15790208.0
153,kg_cotton,50325000.0
153,m² land,84166605.02349593
153,kWh energy,19743809.395779014
154,m3_wood,11852816.0
154,kg_cotton,61545000.0
154,m² land,61267599.56099141
154,kWh energy,23727534.6280696
155,m3_wood,8414560.0
155,kg_cotton,74827500.0
155,m² land,45016073.2582028
155,kWh energy,28426783.9036481
156,m3_wood,4545680.0
156,kg_cotton,88605000.0
156,m² land,22250033.980419345
156,kWh energy,33299331.448323872
157,m3_wood,3786208.0
157,kg_cotton,99165000.0
157,m² land,20074627.808474287
157,kWh energy,37060935.36655985
158,m3_wood,3817664.0
158,kg_cotton,108900000.0
158,m² land,20981505.42595762
158,kWh energy,40499767.806980774
159,m3_wood,3887056.0
159,kg_cotton,115912500.0
159,m² land,20996455.004314072
159,kWh energy,43018664.2569308
160,m3_wood,3741232.0
160,kg_cotton,124162500.0
160,m² land,20019891.89504374
160,kWh energy,45940548.18214934
161,m3_wood,3320096.0
161,kg_cotton,131505000.0
161,m² land,17992870.42602627
161,kWh energy,48540887.38883706
162,m3_wood,2743728.0
162,kg_cotton,139590000.0
162,m² land,14976435.10457006
162,kWh energy,51393509.43205793
163,m3_wood,2811264.0
163,kg_cotton,144457500.0
163,m² land,15904561.688613478
163,kWh energy,53172396.07849973
164,m3_wood,2790256.0
164,kg_cotton,146520000.0
164,m² land,15022384.399690162
164,kWh energy,53916726.55579764
165,m3_wood,2618512.0
165,kg_cotton,147922500.0
165,m² land,14012650.844306739
165,kWh energy,54437644.2077011
166,m3_wood,2373888.0
166,kg_cotton,147345000.0
166,m² land,13004860.0
166,kWh energy,54201485.39793633
167,m3_wood,1847152.0
167,kg_cotton,154275000.0
167,m² land,10919893.369481005
167,kWh energy,56772706.81152
168,m3_wood,2172384.0
168,kg_cotton,153697500.0
168,m² land,11974000.526723431
168,kWh energy,56590983.94516204
169,m3_wood,2378896.0
169,kg_cotton,155100000.0
169,m² land,12972528.133230055
169,kWh energy,57128246.816315934
170,m3_wood,2194896.0
170,kg_cotton,154357500.0
170,m² land,11994127.420604179
170,kWh energy,56862074.54823698
171,m3_wood,2068384.0
171,kg_cotton,154275000.0
171,m² land,11021927.248732708
171,kWh energy,56916618.36178536
172,m3_wood,1858128.0
172,kg_cotton,150727500.0
172,m² land,10018170.844306739
172,kWh energy,55672633.155046724
173,m3_wood,1846512.0
173,kg_cotton,148995000.0
173,m² land,10920656.26646011
173,kWh energy,55103600.13678027
174,m3_wood,2279520.0
174,kg_cotton,149572500.0
174,m² land,12939443.051897697
174,kWh energy,55388559.928356186
175,m3_wood,2751248.0
175,kg_cotton,149902500.0
175,m² land,14963377.792025333
175,kWh energy,55544360.54002071
176,m3_wood,2593488.0
176,kg_cotton,152955000.0
176,m² land,13994862.711076684
176,kWh energy,56715311.689655066
177,m3_wood,2431360.0
177,kg_cotton,153532500.0
177,m² land,13010208.133230053
177,kWh energy,56935251.39050558
178,m3_wood,2206736.0
178,kg_cotton,153862500.0
178,m² land,11994430.844306739
178,kWh energy,57090081.56336686
179,m3_wood,2011488.0
179,kg_cotton,153697500.0
179,m² land,11002438.977536792
179,kWh energy,57065449.20333796
180,m3_wood,2172000.0
180,kg_cotton,153285000.0
180,m² land,12885989.55577192
180,kWh energy,56900509.187914506
181,m3_wood,2283888.0
181,kg_cotton,153450000.0
181,m² land,12955291.486835582
181,kWh energy,56993386.80642164
182,m3_wood,2368864.0
182,kg_cotton,149407500.0
182,m² land,13001580.0
182,kWh energy,55497298.058930576
183,m3_wood,2336992.0
183,kg_cotton,149325000.0
183,m² land,12967740.0
183,kWh energy,55447185.94194653
184,m3_wood,2459472.0
184,kg_cotton,150150000.0
184,m² land,13019893.05964367
184,kWh energy,55669213.29849414
185,m3_wood,2570640.0
185,kg_cotton,152295000.0
185,m² land,14892211.360190794
185,kWh energy,56420967.07444518
186,m3_wood,2877760.0
186,kg_cotton,153037500.0
186,m² land,15949562.734326802
186,kWh energy,56636642.656553805
187,m3_wood,3178000.0
187,kg_cotton,150480000.0
187,m² land,17007514.748257145
187,kWh energy,55659582.26916784
188,m3_wood,3009264.0
188,kg_cotton,150150000.0
188,m² land,16928048.581486806
188,kWh energy,55454018.59529326
189,m3_wood,3069872.0
189,kg_cotton,151717500.0
189,m² land,16997808.30364056
189,kWh energy,55965169.692636535
190,m3_wood,3263888.0
190,kg_cotton,151552500.0
190,m² land,17989868.133230053
190,kWh energy,55846012.93946623
191,m3_wood,3094880.0
191,kg_cotton,153862500.0
191,m² land,16974660.0
191,kWh energy,56602529.8834505
192,m3_wood,3109264.0
192,kg_cotton,154027500.0
192,m² land,16982733.725793913
192,kWh energy,56679638.10933748
193,m3_wood,3093616.0
193,kg_cotton,152460000.0
193,m² land,16973141.82657934
193,kWh energy,56059875.56532856
194,m3_wood,2802144.0
194,kg_cotton,153532500.0
194,m² land,15916689.775367929
194,kWh energy,56445453.561327465
195,m3_wood,2927136.0
195,kg_cotton,152377500.0
195,m² land,15987420.0
195,kWh energy,56057141.3814248
196,m3_wood,2940880.0
196,kg_cotton,147757500.0
196,m² land,15989600.0
196,kWh energy,54411512.725883596
197,m3_wood,2968016.0
197,kg_cotton,143962500.0
197,m² land,16912002.57164987
197,kWh energy,53098927.22777146
198,m3_wood,3027392.0
198,kg_cotton,135052500.0
198,m² land,16972717.162278526
198,kWh energy,49855141.1099846
199,m3_wood,3145136.0
199,kg_cotton,125730000.0
199,m² land,17903725.99535244
199,kWh energy,46481289.75722139
200,m3_wood,3052384.0
200,kg_cotton,115995000.0
200,m² land,16962480.0
200,kWh energy,42998064.720049605
201,m3_wood,3065504.0
201,kg_cotton,105517500.0
201,m² land,16968925.29550858
201,kWh energy,39253638.11260169
202,m3_wood,3099872.0
202,kg_cotton,92482500.0
202,m² land,16986408.133230053
202,kWh energy,34608366.815049425
203,m3_wood,3292272.0
203,kg_cotton,80025000.0
203,m² land,18896106.841985352
203,kWh energy,30130613.306827616
204,m3_wood,3377872.0
204,kg_cotton,66247500.0
204,m² land,18927340.0
204,kWh energy,25248507.764397297
205,m3_wood,3083616.0
205,kg_cotton,55275000.0
205,m² land,16977522.711076684
205,kWh energy,21377876.518213987
206,m3_wood,2962736.0
206,kg_cotton,47190000.0
206,m² land,16004495.381962761
206,kWh energy,18555396.632638246
207,m3_wood,2988352.0
207,kg_cotton,39352500.0
207,m² land,16013066.258714141
207,kWh energy,15786677.012384817
208,m3_wood,2862112.0
208,kg_cotton,33495000.0
208,m² land,15954693.05964367
208,kWh energy,13700662.955372248
209,m3_wood,2983984.0
209,kg_cotton,27637500.0
209,m² land,16010480.0
209,kWh energy,11635028.29144412
210,m3_wood,2798736.0
210,kg_cotton,23100000.0
210,m² land,15005422.711076684
210,kWh energy,10011988.49695643
211,m3_wood,2594112.0
211,kg_cotton,20625000.0
211,m² land,13999648.133230053
211,kWh energy,9147857.009247068
212,m3_wood,2562240.0
212,kg_cotton,18315000.0
212,m² land,14001805.422153369
212,kWh energy,8302634.729235834
213,m3_wood,2536000.0
213,kg_cotton,16500000.0
213,m² land,13993477.162278527
213,kWh energy,7653863.496221209
214,m3_wood,2352624.0
214,kg_cotton,15757500.0
214,m² land,12980282.711076684
214,kWh energy,7298777.662454645
215,m3_wood,2011504.0
215,kg_cotton,14520000.0
215,m² land,10993948.133230053
215,kWh energy,6785650.316534657
216,m3_wood,2022128.0
216,kg_cotton,14107500.0
216,m² land,10990228.133230053
216,kWh energy,6591697.665434737
217,m3_wood,2033376.0
217,kg_cotton,13695000.0
217,m² land,11000510.844306739
217,kWh energy,6428418.76117092
218,m3_wood,2186112.0
218,kg_cotton,12705000.0
218,m² land,11985325.946166912
218,kWh energy,6003580.117131091
219,m3_wood,2185504.0
219,kg_cotton,12622500.0
219,m² land,11997857.162278527
219,kWh energy,5968884.990039311
220,m3_wood,2304512.0
220,kg_cotton,13200000.0
220,m² land,12956640.0
220,kWh energy,6158488.954682619
221,m3_wood,2276384.0
221,kg_cotton,12952500.0
221,m² land,12946888.64911411
221,kWh energy,6046888.6507371515
222,m3_wood,2328256.0
222,kg_cotton,12210000.0
222,m² land,12970931.014717236
222,kWh energy,5762457.610292131
223,m3_wood,2034624.0
223,kg_cotton,13035000.0
223,m² land,11014282.711076684
223,kWh energy,6026858.610076003
224,m3_wood,2272016.0
224,kg_cotton,13447500.0
224,m² land,12926956.90898895
224,kWh energy,6173830.214690482
225,m3_wood,2481376.0
225,kg_cotton,12870000.0
225,m² land,13022220.0
225,kWh energy,5999489.324829211
226,m3_wood,2246128.0
226,kg_cotton,12870000.0
226,m² land,12005660.0
226,kWh energy,6041288.29121815
227,m3_wood,2232384.0
227,kg_cotton,12622500.0
227,m² land,12016980.0
227,kWh energy,6032098.659326742
228,m3_wood,2107376.0
228,kg_cotton,12705000.0
228,m² land,11954154.197912266
228,kWh energy,6103298.088834493
229,m3_wood,2102400.0
229,kg_cotton,12540000.0
229,m² land,11949316.935132861
229,kWh energy,6055009.798273239
230,m3_wood,2240512.0
230,kg_cotton,11962500.0
230,m² land,12012760.0
230,kWh energy,5873782.629499309
231,m3_wood,2223632.0
231,kg_cotton,12045000.0
231,m² land,12008100.0
231,kWh energy,5927577.555966534
232,m3_wood,2042128.0
232,kg_cotton,12210000.0
232,m² land,11004660.0
232,kWh energy,6050843.889204795
233,m3_wood,1696000.0
233,kg_cotton,13200000.0
233,m² land,9002005.422153369
233,kWh energy,6462321.525684702
234,m3_wood,1705376.0
234,kg_cotton,13200000.0
234,m² land,9011225.422153369
234,kWh energy,6513846.797037442
235,m3_wood,1650384.0
235,kg_cotton,14190000.0
235,m² land,8990780.0
235,kWh energy,6914409.730618858
236,m3_wood,1654768.0
236,kg_cotton,13695000.0
236,m² land,8994378.988857865
236,kWh energy,6748059.620208562
237,m3_wood,1646000.0
237,kg_cotton,14437500.0
237,m² land,8990503.653158678
237,kWh energy,7039518.36782473
238,m3_wood,1629744.0
238,kg_cotton,14932500.0
238,m² land,8986680.0
238,kWh energy,7216190.280158298
239,m3_wood,1580368.0
239,kg_cotton,14932500.0
239,m² land,8970937.162278527
239,kWh energy,7233312.185681386
240,m3_wood,1589744.0
240,kg_cotton,14850000.0
240,m² land,8980180.0
240,kWh energy,7108416.173803195
241,m3_wood,1744992.0
241,kg_cotton,14520000.0
241,m² land,9962400.340821035
241,kWh energy,6945480.872114524
242,m3_wood,1583488.0
242,kg_cotton,14520000.0
242,m² land,8963338.988857865
242,kWh energy,6926386.104541743
243,m3_wood,1486976.0
243,kg_cotton,14190000.0
243,m² land,8012117.366382607
243,kWh energy,6787978.089628024
244,m3_wood,1799104.0
244,kg_cotton,13942500.0
244,m² land,9040462.13245784
244,kWh energy,6646263.186383874
245,m3_wood,1657856.0
245,kg_cotton,13530000.0
245,m² land,8986397.796284633
245,kWh energy,6385125.289982354
246,m3_wood,1694720.0
246,kg_cotton,14355000.0
246,m² land,9035890.875290424
246,kWh energy,6582149.493896846
247,m3_wood,1766560.0
247,kg_cotton,14190000.0
247,m² land,9054957.547627622
247,kWh energy,6480235.98378276
248,m3_wood,1421376.0
248,kg_cotton,15592500.0
248,m² land,7983437.254010162
248,kWh energy,6998735.780154631
249,m3_wood,1645328.0
249,kg_cotton,18315000.0
249,m² land,9009539.101256184
249,kWh energy,7927889.470757476
250,m3_wood,1727824.0
250,kg_cotton,21202500.0
250,m² land,9009467.646101303
250,kWh energy,8918706.232368743
251,m3_wood,1853472.0
251,kg_cotton,24090000.0
251,m² land,9100246.662747724
251,kWh energy,9973295.551805329
252,m3_wood,2111936.0
252,kg_cotton,28957500.0
252,m² land,9148942.762996124
252,kWh energy,11674900.169950504
253,m3_wood,2122864.0
253,kg_cotton,35970000.0
253,m² land,8341242.694660599
253,kWh energy,14180558.816471176
254,m3_wood,1796352.0
254,kg_cotton,43065000.0
254,m² land,8144784.577917656
254,kWh energy,16683148.378090711
255,m3_wood,2057712.0
255,kg_cotton,50902500.0
255,m² land,8269701.400140953
255,kWh energy,19517261.732305873
256,m3_wood,1877648.0
256,kg_cotton,60720000.0
256,m² land,8220144.705841027
256,kWh energy,23055974.532548223
257,m3_wood,2046288.0
257,kg_cotton,70125000.0
257,m² land,7337913.812472257
257,kWh energy,26496650.534372017
258,m3_wood,1871392.0
258,kg_cotton,78540000.0
258,m² land,8181831.491035729
258,kWh energy,29545493.072783276
259,m3_wood,1955472.0
259,kg_cotton,88605000.0
259,m² land,9156785.04715199
259,kWh energy,33205996.602900002
260,m3_wood,1889776.0
260,kg_cotton,100732500.0
260,m² land,9103597.443841904
260,kWh energy,37631968.4529718
261,m3_wood,632000.0
261,kg_cotton,107250000.0
261,m² land,3027226.0883036405
261,kWh energy,39992555.13535899
262,m3_wood,146240.0
262,kg_cotton,114180000.0
262,m² land,79114.15518324172
262,kWh energy,42544942.84072962
263,m3_wood,25616.0
263,kg_cotton,122760000.0
263,m² land,10028.850268095392
263,kWh energy,45677905.10349344
264,m3_wood,18736.0
264,kg_cotton,124575000.0
264,m² land,7916.04640704818
264,kWh energy,46378465.83242573
265,m3_wood,0.0
265,kg_cotton,129360000.0
265,m² land,2521.502711054212
265,kWh energy,48121740.62088297
266,m3_wood,624.0
266,kg_cotton,133897500.0
266,m² land,353.55538342370255
266,kWh energy,49792300.50609611
267,m3_wood,7248.0
267,kg_cotton,135382500.0
267,m² land,0.0
267,kWh energy,50314987.9619387
268,m3_wood,0.0
268,kg_cotton,138187500.0
268,m² land,0.0
268,kWh energy,51313976.92185624
269,m3_wood,0.0
269,kg_cotton,142477500.0
269,m² land,1.8265793387782878
269,kWh energy,52864052.252205506
270,m3_wood,16.0
270,kg_cotton,142807500.0
270,m² land,0.0
270,kWh energy,52943371.81738459
271,m3_wood,10624.0
271,kg_cotton,145282500.0
271,m² land,0.0
271,kWh energy,53796609.57113224
272,m3_wood,0.0
272,kg_cotton,147097500.0
272,m² land,0.0
272,kWh energy,54408547.35493347
273,m3_wood,0.0
273,kg_cotton,144127500.0
273,m² land,0.0
273,kWh energy,53282763.78661644
274,m3_wood,0.0
274,kg_cotton,143880000.0
274,m² land,0.0
274,kWh energy,53119001.49329995
275,m3_wood,0.0
275,kg_cotton,146685000.0
275,m² land,0.0
275,kWh energy,54117214.74275911
276,m3_wood,0.0
276,kg_cotton,149242500.0
276,m² land,0.0
276,kWh energy,54996108.579358496
277,m3_wood,0.0
277,kg_cotton,146850000.0
277,m² land,7.248732708259297
277,kWh energy,54137629.131084554
278,m3_wood,0.0
278,kg_cotton,144540000.0
278,m² land,0.0
278,kWh energy,53266555.326556645
279,m3_wood,107600.0
279,kg_cotton,144540000.0
279,m² land,0.0
279,kWh energy,53231036.37304205
280,m3_wood,8128.0
280,kg_cotton,147262500.0
280,m² land,0.0
280,kWh energy,54169694.36606087
281,m3_wood,0.0
281,kg_cotton,144292500.0
281,m² land,0.0
281,kWh energy,53086947.826561615
282,m3_wood,0.0
282,kg_cotton,144952500.0
282,m² land,0.0
282,kWh energy,53379032.11179846
283,m3_wood,0.0
283,kg_cotton,145942500.0
283,m² land,0.0
283,kWh energy,53774954.02494552
284,m3_wood,0.0
284,kg_cotton,145035000.0
284,m² land,0.0
284,kWh energy,53510481.980411835
285,m3_wood,8752.0
285,kg_cotton,144127500.0
285,m² land,0.0
285,kWh energy,53204263.78661643
286,m3_wood,0.0
286,kg_cotton,143137500.0
286,m² land,0.0
286,kWh energy,52891779.67090164
287,m3_wood,0.0
287,kg_cotton,140580000.0
287,m² land,0.0
287,kWh energy,51974970.143017516
288,m3_wood,0.0
288,kg_cotton,140332500.0
288,m² land,0.0
288,kWh energy,51918618.2627555
289,m3_wood,0.0
289,kg_cotton,140085000.0
289,m² land,0.0
289,kWh energy,51875340.181129515
290,m3_wood,0.0
290,kg_cotton,140662500.0
290,m² land,0.0
290,kWh energy,52139893.60306737
291,m3_wood,0.0
291,kg_cotton,138517500.0
291,m² land,0.0
291,kWh energy,51393473.38650463
292,m3_wood,0.0
292,kg_cotton,140167500.0
292,m² land,0.0
292,kWh energy,51990930.17939394
293,m3_wood,0.0
293,kg_cotton,140167500.0
293,m² land,0.0
293,kWh energy,52022568.03462313
294,m3_wood,0.0
294,kg_cotton,138847500.0
294,m² land,0.0
294,kWh energy,51532189.83827856
295,m3_wood,0.0
295,kg_cotton,137445000.0
295,m² land,0.0
295,kWh energy,51024067.98755894
296,m3_wood,0.0
296,kg_cotton,137362500.0
296,m² land,0.0
296,kWh energy,50973146.555503346
297,m3_wood,0.0
297,kg_cotton,138517500.0
297,m² land,0.0
297,kWh energy,51337815.44054998
298,m3_wood,0.0
298,kg_cotton,134970000.0
298,m² land,0.0
298,kWh energy,50067275.40126184
299,m3_wood,0.0
299,kg_cotton,131505000.0
299,m² land,0.0
299,kWh energy,48764096.7682805
300,m3_wood,0.0
300,kg_cotton,125895000.0
300,m² land,0.0
300,kWh energy,46728097.87950855
301,m3_wood,0.0
301,kg_cotton,120780000.0
301,m² land,0.0
301,kWh energy,44839327.76361383
302,m3_wood,0.0
302,kg_cotton,111292500.0
302,m² land,0.0
302,kWh energy,41350815.61426394
303,m3_wood,0.0
303,kg_cotton,102960000.0
303,m² land,0.0
303,kWh energy,38296860.90329514
304,m3_wood,0.0
304,kg_cotton,94710000.0
304,m² land,0.0
304,kWh energy,35300856.060939744
305,m3_wood,0.0
305,kg_cotton,86212500.0
305,m² land,0.0
305,kWh energy,32170179.402996622
306,m3_wood,0.0
306,kg_cotton,75570000.0
306,m² land,0.0
306,kWh energy,28316218.109298237
307,m3_wood,0.0
307,kg_cotton,65257500.0
307,m² land,0.0
307,kWh energy,24567773.370973516
308,m3_wood,0.0
308,kg_cotton,56925000.0
308,m² land,0.0
308,kWh energy,21598175.36514863
309,m3_wood,0.0
309,kg_cotton,49582500.0
309,m² land,0.0
309,kWh energy,18972417.140574437
310,m3_wood,0.0
310,kg_cotton,41250000.0
310,m² land,0.0
310,kWh energy,15993940.323457967
311,m3_wood,3760.0
311,kg_cotton,35062500.0
311,m² land,0.0
311,kWh energy,13834015.247723226
312,m3_wood,8768.0
312,kg_cotton,30690000.0
312,m² land,0.0
312,kWh energy,12295870.009835072
313,m3_wood,624.0
313,kg_cotton,25987500.0
313,m² land,0.0
313,kWh energy,10650197.855318548
314,m3_wood,624.0
314,kg_cotton,22935000.0
314,m² land,0.0
314,kWh energy,9580493.9921568
315,m3_wood,0.0
315,kg_cotton,20872500.0
315,m² land,0.0
315,kWh energy,8916329.806645952
316,m3_wood,0.0
316,kg_cotton,19470000.0
316,m² land,0.0
316,kWh energy,8474261.66383692
317,m3_wood,0.0
317,kg_cotton,16912500.0
317,m² land,0.0
317,kWh energy,7590538.001044309
318,m3_wood,0.0
318,kg_cotton,16417500.0
318,m² land,0.0
318,kWh energy,7414701.973742572
319,m3_wood,0.0
319,kg_cotton,15345000.0
319,m² land,0.0
319,kWh energy,7058494.455774856
320,m3_wood,0.0
320,kg_cotton,14850000.0
320,m² land,0.0
320,kWh energy,6924164.597486651
321,m3_wood,0.0
321,kg_cotton,14272500.0
321,m² land,0.0
321,kWh energy,6775054.315005157
322,m3_wood,0.0
322,kg_cotton,12952500.0
322,m² land,0.0
322,kWh energy,6332728.288013359
323,m3_wood,0.0
323,kg_cotton,13530000.0
323,m² land,0.0
323,kWh energy,6517474.008954905
324,m3_wood,0.0
324,kg_cotton,13365000.0
324,m² land,0.0
324,kWh energy,6444942.387248038
325,m3_wood,0.0
325,kg_cotton,13365000.0
325,m² land,0.0
325,kWh energy,6433067.606800873
326,m3_wood,2224.0
326,kg_cotton,13282500.0
326,m² land,0.0
326,kWh energy,6378690.399612588
327,m3_wood,0.0
327,kg_cotton,12705000.0
327,m² land,0.0
327,kWh energy,6095243.243713041
328,m3_wood,0.0
328,kg_cotton,12622500.0
328,m² land,0.0
328,kWh energy,6064272.051219443
329,m3_wood,0.0
329,kg_cotton,12540000.0
329,m² land,0.0
329,kWh energy,6013856.9786879765
330,m3_wood,0.0
330,kg_cotton,12045000.0
330,m² land,0.0
330,kWh energy,5786569.329844852
331,m3_wood,0.0
331,kg_cotton,12540000.0
331,m² land,0.0
331,kWh energy,5926655.945076916
332,m3_wood,0.0
332,kg_cotton,11880000.0
332,m² land,0.0
332,kWh energy,5625030.600177927
333,m3_wood,0.0
333,kg_cotton,12292500.0
333,m² land,0.0
333,kWh energy,5742407.478905555
334,m3_wood,0.0
334,kg_cotton,12705000.0
334,m² land,0.0
334,kWh energy,5889523.2565874215
335,m3_wood,5632.0
335,kg_cotton,12952500.0
335,m² land,0.0
335,kWh energy,5958774.05143847
336,m3_wood,0.0
336,kg_cotton,13695000.0
336,m² land,0.0
336,kWh energy,6225119.004660108
337,m3_wood,0.0
337,kg_cotton,14107500.0
337,m² land,0.0
337,kWh energy,6364540.066569101
338,m3_wood,0.0
338,kg_cotton,14272500.0
338,m² land,0.0
338,kWh energy,6431055.941652439
339,m3_wood,0.0
339,kg_cotton,14107500.0
339,m² land,0.0
339,kWh energy,6382829.951261698
340,m3_wood,0.0
340,kg_cotton,15015000.0
340,m² land,0.0
340,kWh energy,6727741.234182688
341,m3_wood,0.0
341,kg_cotton,15427500.0
341,m² land,0.0
341,kWh energy,6906350.694026371
342,m3_wood,0.0
342,kg_cotton,15015000.0
342,m² land,0.0
342,kWh energy,6741439.115160662
343,m3_wood,0.0
343,kg_cotton,15097500.0
343,m² land,0.0
343,kWh energy,6768735.374066949
344,m3_wood,0.0
344,kg_cotton,15180000.0
344,m² land,0.0
344,kWh energy,6831852.270331348
345,m3_wood,0.0
345,kg_cotton,14767500.0
345,m² land,0.0
345,kWh energy,6722795.72355877
346,m3_wood,0.0
346,kg_cotton,14025000.0
346,m² land,0.0
346,kWh energy,6462184.618439458
347,m3_wood,0.0
347,kg_cotton,14437500.0
347,m² land,0.0
347,kWh energy,6650218.264224917
348,m3_wood,12512.0
348,kg_cotton,15015000.0
348,m² land,0.0
348,kWh energy,6854779.141211801
349,m3_wood,0.0
349,kg_cotton,15757500.0
349,m² land,0.0
349,kWh energy,7166440.7890365925
350,m3_wood,0.0
350,kg_cotton,16995000.0
350,m² land,0.0
350,kWh energy,7642835.512154593
351,m3_wood,5008.0
351,kg_cotton,19057500.0
351,m² land,0.0
351,kWh energy,8339457.488220363
352,m3_wood,8752.0
352,kg_cotton,20707500.0
352,m² land,0.0
352,kWh energy,8928944.733089704
353,m3_wood,0.0
353,kg_cotton,23512500.0
353,m² land,0.0
353,kWh energy,9919615.773103796
354,m3_wood,0.0
354,kg_cotton,26400000.0
354,m² land,0.0
354,kWh energy,10901268.270922242
355,m3_wood,3760.0
355,kg_cotton,31267500.0
355,m² land,0.0
355,kWh energy,12669360.253391042
356,m3_wood,60128.0
356,kg_cotton,37950000.0
356,m² land,5.757464171653851
356,kWh energy,14989681.564832445
357,m3_wood,58128.0
357,kg_cotton,45210000.0
357,m² land,0.0
357,kWh energy,17585659.365213335
358,m3_wood,9104.0
358,kg_cotton,54037500.0
358,m² land,0.0
358,kWh energy,20717866.05858642
359,m3_wood,9120.0
359,kg_cotton,61545000.0
359,m² land,0.0
359,kWh energy,23388144.05931298
360,m3_wood,0.0
360,kg_cotton,68640000.0
360,m² land,0.0
360,kWh energy,25891593.47870956
361,m3_wood,1264.0
361,kg_cotton,77467500.0
361,m² land,0.0
361,kWh energy,29061570.74831724
362,m3_wood,17504.0
362,kg_cotton,87120000.0
362,m² land,0.0
362,kWh energy,32544744.83146464
363,m3_wood,624.0
363,kg_cotton,98257500.0
363,m² land,0.0
363,kWh energy,36550211.74570962
364,m3_wood,0.0
364,kg_cotton,102217500.0
364,m² land,0.0
364,kWh energy,37982200.88211764
365,m3_wood,12512.0
365,kg_cotton,107002500.0
365,m² land,0.0
365,kWh energy,39698971.76950586
366,m3_wood,10000.0
366,kg_cotton,108570000.0
366,m² land,0.0
366,kWh energy,40248283.978008844
367,m3_wood,3760.0
367,kg_cotton,113932500.0
367,m² land,0.0
367,kWh energy,42179639.48775094
368,m3_wood,0.0
368,kg_cotton,119790000.0
368,m² land,0.0
368,kWh energy,44268171.19967052
369,m3_wood,1888.0
369,kg_cotton,123585000.0
369,m² land,0.0
369,kWh energy,45678498.80362792
370,m3_wood,0.0
370,kg_cotton,124080000.0
370,m² land,0.0
370,kWh energy,45875822.34407793
371,m3_wood,0.0
371,kg_cotton,125400000.0
371,m² land,0.0
371,kWh energy,46408475.37266962
372,m3_wood,0.0
372,kg_cotton,126637500.0
372,m² land,0.0
372,kWh energy,46882509.08822768
373,m3_wood,1264.0
373,kg_cotton,128700000.0
373,m² land,0.0
373,kWh energy,47663514.178000994
374,m3_wood,0.0
374,kg_cotton,130267500.0
374,m² land,0.0
374,kWh energy,48222924.319281906
375,m3_wood,0.0
375,kg_cotton,132907500.0
375,m² land,0.0
375,kWh energy,49207111.21575095
376,m3_wood,0.0
376,kg_cotton,131175000.0
376,m² land,0.0
376,kWh energy,48600403.57243711
377,m3_wood,0.0
377,kg_cotton,130102500.0
377,m² land,0.0
377,kWh energy,48221207.55293492
378,m3_wood,171888.0
378,kg_cotton,129360000.0
378,m² land,0.0
378,kWh energy,47976303.79926483
379,m3_wood,0.0
379,kg_cotton,128782500.0
379,m² land,0.0
379,kWh energy,47766976.68229084
380,m3_wood,0.0
380,kg_cotton,130515000.0
380,m² land,0.0
380,kWh energy,48384254.97160761
381,m3_wood,0.0
381,kg_cotton,127050000.0
381,m² land,0.0
381,kWh energy,47119051.06727351
382,m3_wood,0.0
382,kg_cotton,126802500.0
382,m² land,0.0
382,kWh energy,47040102.40401655
383,m3_wood,0.0
383,kg_cotton,126307500.0
383,m² land,0.0
383,kWh energy,46853749.54879734
384,m3_wood,0.0
384,kg_cotton,125235000.0
384,m² land,0.0
384,kWh energy,46459066.164971516
385,m3_wood,0.0
385,kg_cotton,124410000.0
385,m² land,0.0
385,kWh energy,46136127.25815853
386,m3_wood,0.0
386,kg_cotton,125977500.0
386,m² land,0.0
386,kWh energy,46685877.16649099
387,m3_wood,0.0
387,kg_cotton,124657500.0
387,m² land,0.0
387,kWh energy,46171248.531040765
388,m3_wood,0.0
388,kg_cotton,123502500.0
388,m² land,0.0
388,kWh energy,45755797.35869793
389,m3_wood,0.0
389,kg_cotton,123007500.0
389,m² land,0.0
389,kWh energy,45597463.197993785
390,m3_wood,0.0
390,kg_cotton,125152500.0
390,m² land,0.0
390,kWh energy,46379728.880234495
391,m3_wood,0.0
391,kg_cotton,123750000.0
391,m² land,0.0
391,kWh energy,45827094.39383854
392,m3_wood,0.0
392,kg_cotton,122760000.0
392,m² land,0.0
392,kWh energy,45440477.76491852
393,m3_wood,0.0
393,kg_cotton,121687500.0
393,m² land,0.0
393,kWh energy,45025915.5572291
394,m3_wood,0.0
394,kg_cotton,121687500.0
394,m² land,0.0
394,kWh energy,45060629.22651653
395,m3_wood,0.0
395,kg_cotton,120367500.0
395,m² land,0.0
395,kWh energy,44566344.66053389
396,m3_wood,0.0
396,kg_cotton,120450000.0
396,m² land,0.0
396,kWh energy,44599427.203749254
397,m3_wood,0.0
397,kg_cotton,118305000.0
397,m² land,0.0
397,kWh energy,43798804.816364504
398,m3_wood,0.0
398,kg_cotton,116655000.0
398,m² land,0.0
398,kWh energy,43229088.99210961
399,m3_wood,0.0
399,kg_cotton,115417500.0
399,m² land,0.0
399,kWh energy,42787854.24294046
400,m3_wood,0.0
400,kg_cotton,114427500.0
400,m² land,0.0
400,kWh energy,42432023.05394967
401,m3_wood,0.0
401,kg_cotton,109230000.0
401,m² land,0.0
401,kWh energy,40536043.147292584
402,m3_wood,0.0
402,kg_cotton,104197500.0
402,m² land,0.0
402,kWh energy,38733569.24390064
403,m3_wood,0.0
403,kg_cotton,99825000.0
403,m² land,0.0
403,kWh energy,37135536.58988895
404,m3_wood,0.0
404,kg_cotton,94132500.0
404,m² land,0.0
404,kWh energy,35126844.58944746
405,m3_wood,0.0
405,kg_cotton,84892500.0
405,m² land,0.0
405,kWh energy,31818531.55503227
406,m3_wood,0.0
406,kg_cotton,77385000.0
406,m² land,0.0
406,kWh energy,29122007.158616506
407,m3_wood,0.0
407,kg_cotton,71280000.0
407,m² land,0.0
407,kWh energy,26957890.052849576
408,m3_wood,0.0
408,kg_cotton,62865000.0
408,m² land,0.0
408,kWh energy,23910969.684957836
409,m3_wood,0.0
409,kg_cotton,55687500.0
409,m² land,0.0
409,kWh energy,21326676.24258992
410,m3_wood,0.0
410,kg_cotton,50407500.0
410,m² land,0.0
410,kWh energy,19432201.26663789
411,m3_wood,0.0
411,kg_cotton,44962500.0
411,m² land,0.0
411,kWh energy,17494074.815745823
412,m3_wood,0.0
412,kg_cotton,40260000.0
412,m² land,0.0
412,kWh energy,15807338.345636558
413,m3_wood,0.0
413,kg_cotton,35970000.0
413,m² land,0.0
413,kWh energy,14263621.994853042
414,m3_wood,0.0
414,kg_cotton,31350000.0
414,m² land,0.0
414,kWh energy,12579711.311015246
415,m3_wood,0.0
415,kg_cotton,26565000.0
415,m² land,0.0
415,kWh energy,10868115.437449383
416,m3_wood,0.0
416,kg_cotton,24172500.0
416,m² land,0.0
416,kWh energy,10041721.28627689
417,m3_wood,0.0
417,kg_cotton,22522500.0
417,m² land,0.0
417,kWh energy,9444340.307445826
418,m3_wood,0.0
418,kg_cotton,20625000.0
418,m² land,0.0
418,kWh energy,8698252.75863101
419,m3_wood,0.0
419,kg_cotton,19882500.0
419,m² land,0.0
419,kWh energy,8419288.991784189
420,m3_wood,32224.0
420,kg_cotton,19222500.0
420,m² land,0.0
420,kWh energy,8203527.807078212
421,m3_wood,0.0
421,kg_cotton,17737500.0
421,m² land,0.0
421,kWh energy,7630543.400268898
422,m3_wood,0.0
422,kg_cotton,17572500.0
422,m² land,0.0
422,kWh energy,7558998.352763787
423,m3_wood,3760.0
423,kg_cotton,15922500.0
423,m² land,0.0
423,kWh energy,6994098.4204181675
424,m3_wood,0.0
424,kg_cotton,15675000.0
424,m² land,0.0
424,kWh energy,6894432.044457285
425,m3_wood,0.0
425,kg_cotton,15840000.0
425,m² land,0.0
425,kWh energy,6937121.265029788
0,m3_wood,nil
0,kg_cotton,nil
0,m² land,nil
0,kWh energy,nil
1,m3_wood,nil
1,kg_cotton,nil
1,m² land,nil
1,kWh energy,nil
2,m3_wood,300144.0
2,kg_cotton,24172500.0
2,m² land,135474.34546862973
2,kWh energy,10310754.769309407
3,m3_wood,24444961.0
3,kg_cotton,18315000.0
3,m² land,122507221.85902455
3,kWh energy,8579999.968943875
4,m3_wood,38976586.0
4,kg_cotton,13447500.0
4,m² land,194730657.37834883
4,kWh energy,7096412.386441956
5,m3_wood,49476998.0
5,kg_cotton,9487500.0
5,m² land,252827038.5387776
5,kWh energy,5657477.157242442
6,m3_wood,57749938.0
6,kg_cotton,7177500.0
6,m² land,300892961.2304467
6,kWh energy,4768684.740511232
7,m3_wood,62386768.0
7,kg_cotton,4207500.0
7,m² land,328945775.5538341
7,kWh energy,3790080.127134735
8,m3_wood,68365569.0
8,kg_cotton,2062500.0
8,m² land,363936197.79078364
8,kWh energy,3086504.4893225157
9,m3_wood,72823009.0
9,kg_cotton,1402500.0
9,m² land,388970159.57109946
9,kWh energy,2847274.390907544
10,m3_wood,74284769.0
10,kg_cotton,825000.0
10,m² land,396003455.1126332
10,kWh energy,2681214.888842935
11,m3_wood,75705873.0
11,kg_cotton,495000.0
11,m² land,403020144.91557425
11,kWh energy,2580800.5560910334
12,m3_wood,76745536.0
12,kg_cotton,165000.0
12,m² land,407053236.2617412
12,kWh energy,2521391.6691549607
13,m3_wood,77379089.0
13,kg_cotton,0.0
13,m² land,410898320.0
13,kWh energy,1859679.1926519324
14,m3_wood,76839056.0
14,kg_cotton,0.0
14,m² land,411534960.0
14,kWh energy,1440673.7468361035
15,m3_wood,75524464.0
15,kg_cotton,0.0
15,m² land,407275534.32455707
15,kWh energy,1303510.6202541552
16,m3_wood,74839280.0
16,kg_cotton,0.0
16,m² land,406085320.0
16,kWh energy,1265500.0
17,m3_wood,74141392.0
17,kg_cotton,0.0
17,m² land,403955997.16227853
17,kWh energy,1192336.8734180517
18,m3_wood,73877680.0
18,kg_cotton,0.0
18,m² land,403843100.0
18,kWh energy,1215173.7468361037
19,m3_wood,73993664.0
19,kg_cotton,0.0
19,m² land,404785580.0
19,kWh energy,1222000.0
20,m3_wood,74248320.0
20,kg_cotton,0.0
20,m² land,405677877.16227853
20,kWh energy,1255336.8734180517
21,m3_wood,74187360.0
21,kg_cotton,0.0
21,m² land,406610677.16227853
21,kWh energy,1219173.7468361035
22,m3_wood,73912400.0
22,kg_cotton,0.0
22,m² land,406537500.0
22,kWh energy,1188500.0
23,m3_wood,73856192.0
23,kg_cotton,0.0
23,m² land,406470240.0
23,kWh energy,1171500.0
24,m3_wood,73811488.0
24,kg_cotton,0.0
24,m² land,407352860.0
24,kWh energy,1184500.0
25,m3_wood,73756128.0
25,kg_cotton,0.0
25,m² land,406458660.0
25,kWh energy,1196673.7468361035
26,m3_wood,73618272.0
26,kg_cotton,0.0
26,m² land,405487271.4868356
26,kWh energy,1187510.6202541557
27,m3_wood,73871552.0
27,kg_cotton,0.0
27,m² land,406478417.16227853
27,kWh energy,1235673.7468361035
28,m3_wood,73442096.0
28,kg_cotton,0.0
28,m² land,404504120.0
28,kWh energy,1310173.7468361035
29,m3_wood,73782976.0
29,kg_cotton,0.0
29,m² land,403686197.16227853
29,kWh energy,1413836.8734180517
30,m3_wood,73871072.0
30,kg_cotton,0.0
30,m² land,401864340.0
30,kWh energy,1544000.0
31,m3_wood,73651792.0
31,kg_cotton,0.0
31,m² land,402833217.16227853
31,kWh energy,1675847.4936722072
32,m3_wood,74446272.0
32,kg_cotton,0.0
32,m² land,403967317.16227853
32,kWh energy,1839836.8734180517
33,m3_wood,74481152.0
33,kg_cotton,0.0
33,m² land,404070940.0
33,kWh energy,1961500.0
34,m3_wood,74694784.0
34,kg_cotton,0.0
34,m² land,404250457.16227853
34,kWh energy,2091173.7468361035
35,m3_wood,74903440.0
35,kg_cotton,0.0
35,m² land,404334394.32455707
35,kWh energy,2269673.7468361035
36,m3_wood,75420880.0
36,kg_cotton,0.0
36,m² land,404448280.0
36,kWh energy,2338347.493672207
37,m3_wood,75205248.0
37,kg_cotton,0.0
37,m² land,404398800.0
37,kWh energy,2353173.7468361035
38,m3_wood,75497760.0
38,kg_cotton,0.0
38,m² land,404541551.4868356
38,kWh energy,2319510.6202541552
39,m3_wood,75541600.0
39,kg_cotton,0.0
39,m² land,404529974.32455707
39,kWh energy,2236673.7468361035
40,m3_wood,75526320.0
40,kg_cotton,0.0
40,m² land,405518760.0
40,kWh energy,2153000.0
41,m3_wood,75876096.0
41,kg_cotton,0.0
41,m² land,406553774.32455707
41,kWh energy,1959500.0
42,m3_wood,75684672.0
42,kg_cotton,0.0
42,m² land,407470793.7360854
42,kWh energy,1823673.7468361035
43,m3_wood,75511056.0
43,kg_cotton,0.0
43,m² land,407331320.0
43,kWh energy,1681500.0
44,m3_wood,75559984.0
44,kg_cotton,0.0
44,m² land,407258254.32455707
44,kWh energy,1559173.7468361035
45,m3_wood,75421392.0
45,kg_cotton,0.0
45,m² land,407176460.0
45,kWh energy,1440000.0
46,m3_wood,75210880.0
46,kg_cotton,0.0
46,m² land,407093354.32455707
46,kWh energy,1359673.7468361037
47,m3_wood,74794048.0
47,kg_cotton,0.0
47,m² land,406992380.0
47,kWh energy,1287000.0
48,m3_wood,74596912.0
48,kg_cotton,0.0
48,m² land,407860617.16227853
48,kWh energy,1284173.7468361035
49,m3_wood,74246448.0
49,kg_cotton,0.0
49,m² land,405789491.4868356
49,kWh energy,1241847.4936722075
50,m3_wood,53326384.0
50,kg_cotton,9982500.0
50,m² land,290856522.2743824
50,kWh energy,4628491.620332318
51,m3_wood,40642400.0
51,kg_cotton,24255000.0
51,m² land,222803618.54084274
51,kWh energy,9637172.292101175
52,m3_wood,12691152.0
52,kg_cotton,38775000.0
52,m² land,68961840.66615032
52,kWh energy,14542394.120278073
53,m3_wood,7322576.0
53,kg_cotton,51562500.0
53,m² land,39982636.048113026
53,kWh energy,19127357.76243565
54,m3_wood,7266384.0
54,kg_cotton,71362500.0
54,m² land,39904554.14115247
54,kWh energy,26421459.082177203
55,m3_wood,7364048.0
55,kg_cotton,86955000.0
55,m² land,42757548.79938032
55,kWh energy,32194284.17770576
56,m3_wood,6442176.0
56,kg_cotton,101475000.0
56,m² land,37674164.04337722
56,kWh energy,37562359.81739302
57,m3_wood,5796208.0
57,kg_cotton,115747500.0
57,m² land,31867724.043377224
57,kWh energy,42774485.64404047
58,m3_wood,4775904.0
58,kg_cotton,126885000.0
58,m² land,25945919.643687062
58,kWh energy,46944068.30736695
59,m3_wood,3941136.0
59,kg_cotton,136207500.0
59,m² land,21942613.199070483
59,kWh energy,50380699.67300456
60,m3_wood,3566864.0
60,kg_cotton,144045000.0
60,m² land,19943713.199070487
60,kWh energy,53380895.15911611
61,m3_wood,3397232.0
61,kg_cotton,147840000.0
61,m² land,18964266.08830364
61,kWh energy,54894562.789124615
62,m3_wood,3439744.0
62,kg_cotton,150975000.0
62,m² land,19871933.55538342
62,kWh energy,56153010.30666144
63,m3_wood,3682112.0
63,kg_cotton,153367500.0
63,m² land,20008960.0
63,kWh energy,57091410.775672086
64,m3_wood,3691216.0
64,kg_cotton,154852500.0
64,m² land,20004520.0
64,kWh energy,57677608.85176883
65,m3_wood,3890864.0
65,kg_cotton,155430000.0
65,m² land,21008580.0
65,kWh energy,57950181.22722128
66,m3_wood,3938336.0
66,kg_cotton,155347500.0
66,m² land,21040420.0
66,kWh energy,57950223.90355874
67,m3_wood,3886832.0
67,kg_cotton,156172500.0
67,m² land,20079542.711076684
67,kWh energy,58225172.293415
68,m3_wood,3739968.0
68,kg_cotton,156997500.0
68,m² land,20015462.711076684
68,kWh energy,58436611.20022803
69,m3_wood,3843344.0
69,kg_cotton,155265000.0
69,m² land,20997688.133230053
69,kWh energy,57704204.53872532
70,m3_wood,4118992.0
70,kg_cotton,156502500.0
70,m² land,21122639.366776057
70,kWh energy,58094007.64690358
71,m3_wood,3971856.0
71,kg_cotton,159142500.0
71,m² land,20127322.711076684
71,kWh energy,58938184.18211802
72,m3_wood,3802864.0
72,kg_cotton,157657500.0
72,m² land,19130641.73472263
72,kWh energy,58277822.97943944
73,m3_wood,3687248.0
73,kg_cotton,158482500.0
73,m² land,19100065.42215337
73,kWh energy,58411497.674259484
74,m3_wood,3870240.0
74,kg_cotton,157410000.0
74,m² land,20989381.332300544
74,kWh energy,57966752.24926257
75,m3_wood,3844384.0
75,kg_cotton,157575000.0
75,m² land,20086987.306317355
75,kWh energy,57966450.952878416
76,m3_wood,4001520.0
76,kg_cotton,159142500.0
76,m² land,21064909.13289669
76,kWh energy,58501731.57219048
77,m3_wood,4102400.0
77,kg_cotton,160297500.0
77,m² land,22023500.0
77,kWh energy,58911559.54040263
78,m3_wood,4091168.0
78,kg_cotton,160297500.0
78,m² land,22018460.0
78,kWh energy,58865999.51465386
79,m3_wood,3842784.0
79,kg_cotton,159637500.0
79,m² land,20994982.711076684
79,kWh energy,58597831.960309796
80,m3_wood,3661280.0
80,kg_cotton,157905000.0
80,m² land,19978102.711076684
80,kWh energy,57935230.58303418
81,m3_wood,3500400.0
81,kg_cotton,159060000.0
81,m² land,18994060.0
81,kWh energy,58382552.23340817
82,m3_wood,3366656.0
82,kg_cotton,159555000.0
82,m² land,18954320.0
82,kWh energy,58551337.866829045
83,m3_wood,3325392.0
83,kg_cotton,158482500.0
83,m² land,18928740.0
83,kWh energy,58219422.99741208
84,m3_wood,3431904.0
84,kg_cotton,156832500.0
84,m² land,19890357.162278526
84,kWh energy,57659171.54054982
85,m3_wood,3292528.0
85,kg_cotton,154605000.0
85,m² land,19802637.162278526
85,kWh energy,56864818.13446651
86,m3_wood,3590640.0
86,kg_cotton,153945000.0
86,m² land,19933300.0
86,kWh energy,56701483.15112445
87,m3_wood,3587504.0
87,kg_cotton,157740000.0
87,m² land,19940380.0
87,kWh energy,58167704.489043675
88,m3_wood,3361008.0
88,kg_cotton,154605000.0
88,m² land,19814720.0
88,kWh energy,57095968.625372104
89,m3_wood,3143520.0
89,kg_cotton,154440000.0
89,m² land,17910942.711076684
89,kWh energy,57170260.45128501
90,m3_wood,3247264.0
90,kg_cotton,154275000.0
90,m² land,18880580.0
90,kWh energy,57199234.35729444
91,m3_wood,2947984.0
91,kg_cotton,158400000.0
91,m² land,16913985.42215337
91,kWh energy,58773148.891057
92,m3_wood,2923360.0
92,kg_cotton,157905000.0
92,m² land,15980200.0
92,kWh energy,58647475.84151257
93,m3_wood,2963984.0
93,kg_cotton,160627500.0
93,m² land,16000480.0
93,kWh energy,59708350.66902391
94,m3_wood,2783104.0
94,kg_cotton,159225000.0
94,m² land,14992880.0
94,kWh energy,59224939.33495863
95,m3_wood,2547856.0
95,kg_cotton,160792500.0
95,m² land,14003322.711076684
95,kWh energy,59735332.538147144
96,m3_wood,2855248.0
96,kg_cotton,159637500.0
96,m² land,15955617.460640367
96,kWh energy,59294099.33750777
97,m3_wood,3000224.0
97,kg_cotton,157492500.0
97,m² land,16036280.0
97,kWh energy,58482621.12319052
98,m3_wood,3045856.0
98,kg_cotton,148087500.0
98,m² land,16054820.0
98,kWh energy,55016671.42633051
99,m3_wood,2896496.0
99,kg_cotton,133815000.0
99,m² land,16883437.03563374
99,kWh energy,49758840.26365604
100,m3_wood,3281344.0
100,kg_cotton,108817500.0
100,m² land,17080822.711076684
100,kWh energy,40600953.76560242
101,m3_wood,3323616.0
101,kg_cotton,88192500.0
101,m² land,17079520.0
101,kWh energy,32981555.696693204
102,m3_wood,3322992.0
102,kg_cotton,68640000.0
102,m² land,17083740.0
102,kWh energy,25817428.32413348
103,m3_wood,3260512.0
103,kg_cotton,55027500.0
103,m² land,17062148.133230053
103,kWh energy,20866463.73399191
104,m3_wood,3291136.0
104,kg_cotton,43477500.0
104,m² land,17063925.42215337
104,kWh energy,16699167.360205587
105,m3_wood,3246768.0
105,kg_cotton,34650000.0
105,m² land,17041970.844306737
105,kWh energy,13563932.196443163
106,m3_wood,3189264.0
106,kg_cotton,29287500.0
106,m² land,17026585.42215337
106,kWh energy,11632849.244526427
107,m3_wood,3123024.0
107,kg_cotton,22770000.0
107,m² land,17002780.0
107,kWh energy,9314137.342586385
108,m3_wood,3074896.0
108,kg_cotton,17160000.0
108,m² land,16992120.0
108,kWh energy,7327439.43562558
109,m3_wood,3146768.0
109,kg_cotton,13530000.0
109,m² land,16996460.0
109,kWh energy,6093436.892047663
110,m3_wood,3074288.0
110,kg_cotton,11302500.0
110,m² land,16978862.711076684
110,kWh energy,5321602.4394788705
111,m3_wood,3096768.0
111,kg_cotton,9900000.0
111,m² land,16984960.0
111,kWh energy,4889940.666307926
112,m3_wood,3096400.0
112,kg_cotton,9157500.0
112,m² land,17884000.0
112,kWh energy,4644586.318132475
113,m3_wood,2963632.0
113,kg_cotton,8662500.0
113,m² land,16922540.0
113,kWh energy,4532495.400484444
114,m3_wood,3242016.0
114,kg_cotton,8415000.0
114,m² land,17956520.0
114,kWh energy,4501812.086431219
115,m3_wood,3248256.0
115,kg_cotton,8497500.0
115,m² land,17950297.162278526
115,kWh energy,4584668.324682733
116,m3_wood,3038000.0
116,kg_cotton,8992500.0
116,m² land,16941477.162278526
116,kWh energy,4831855.876501109
117,m3_wood,2815248.0
117,kg_cotton,9487500.0
117,m² land,15944565.422153369
117,kWh energy,5090900.702684284
118,m3_wood,2853360.0
118,kg_cotton,9075000.0
118,m² land,15953645.422153369
118,kWh energy,5046272.289326045
119,m3_wood,2899232.0
119,kg_cotton,8745000.0
119,m² land,16906988.133230053
119,kWh energy,4988506.432057504
120,m3_wood,3216992.0
120,kg_cotton,8250000.0
120,m² land,17943334.887683965
120,kWh energy,4869610.230182347
121,m3_wood,3304480.0
121,kg_cotton,7920000.0
121,m² land,17977600.0
121,kWh energy,4768195.897430445
122,m3_wood,3080480.0
122,kg_cotton,8250000.0
122,m² land,16980100.0
122,kWh energy,4911447.103600399
123,m3_wood,3211968.0
123,kg_cotton,8332500.0
123,m² land,17944779.907048795
123,kWh energy,4945455.848179706
124,m3_wood,3147616.0
124,kg_cotton,8415000.0
124,m² land,17904169.10921766
124,kWh energy,4934648.959849271
125,m3_wood,3071728.0
125,kg_cotton,8002500.0
125,m² land,16984665.42215337
125,kWh energy,4741052.135681959
126,m3_wood,2911488.0
126,kg_cotton,8332500.0
126,m² land,15992362.711076684
126,kWh energy,4800792.721597757
127,m3_wood,2887744.0
127,kg_cotton,8167500.0
127,m² land,15971685.422153369
127,kWh energy,4701417.11851278
128,m3_wood,2956496.0
128,kg_cotton,8497500.0
128,m² land,16010628.133230055
128,kWh energy,4773331.451264681
129,m3_wood,2996496.0
129,kg_cotton,8415000.0
129,m² land,16008120.0
129,kWh energy,4660312.086431219
130,m3_wood,2939008.0
130,kg_cotton,7837500.0
130,m² land,15988760.0
130,kWh energy,4364339.65917893
131,m3_wood,2929632.0
131,kg_cotton,8332500.0
131,m² land,15993040.0
131,kWh energy,4444966.468433861
132,m3_wood,2748144.0
132,kg_cotton,8002500.0
132,m² land,14994682.711076684
132,kWh energy,4270552.135681959
133,m3_wood,2563520.0
133,kg_cotton,8250000.0
133,m² land,13985402.711076684
133,kWh energy,4337610.230182346
134,m3_wood,2527264.0
134,kg_cotton,8167500.0
134,m² land,13985085.422153369
134,kWh energy,4310908.78525238
135,m3_wood,2541024.0
135,kg_cotton,8332500.0
135,m² land,13983280.0
135,kWh energy,4344292.721597757
136,m3_wood,2507264.0
136,kg_cotton,7260000.0
136,m² land,13970580.0
136,kWh energy,3954377.852180797
137,m3_wood,2365136.0
137,kg_cotton,7012500.0
137,m² land,12977922.711076684
137,kWh energy,3850982.8842623574
138,m3_wood,2267648.0
138,kg_cotton,6765000.0
138,m² land,12921083.594113082
138,kWh energy,3780422.774339755
139,m3_wood,2383264.0
139,kg_cotton,6682500.0
139,m² land,12991585.422153369
139,kWh energy,3767068.551510457
140,m3_wood,2446640.0
140,kg_cotton,6682500.0
140,m² land,13935800.0
140,kWh energy,3781416.0451826635
141,m3_wood,2756272.0
141,kg_cotton,6022500.0
141,m² land,14980840.0
141,kWh energy,3571924.2530969125
142,m3_wood,2732512.0
142,kg_cotton,5610000.0
142,m² land,14977640.0
142,kWh energy,3451049.2826527804
143,m3_wood,2907136.0
143,kg_cotton,6022500.0
143,m² land,15977351.486835582
143,kWh energy,3693731.5527462536
144,m3_wood,2903376.0
144,kg_cotton,6270000.0
144,m² land,15980237.815646783
144,kWh energy,3839971.727343145
145,m3_wood,2749376.0
145,kg_cotton,6435000.0
145,m² land,14993082.711076684
145,kWh energy,3988184.2038461734
146,m3_wood,2947120.0
146,kg_cotton,6600000.0
146,m² land,16017326.646010838
146,kWh energy,4074498.643971511
147,m3_wood,3317216.0
147,kg_cotton,7260000.0
147,m² land,19796056.06506575
147,kWh energy,4396166.198315581
148,m3_wood,4180992.0
148,kg_cotton,8910000.0
148,m² land,22976263.588693183
148,kWh energy,5035890.368402881
149,m3_wood,5022848.0
149,kg_cotton,10312500.0
149,m² land,25182133.286601648
149,kWh energy,5584744.841924486
150,m3_wood,6142224.0
150,kg_cotton,13860000.0
150,m² land,32148366.197745167
150,kWh energy,6841370.1783141205
151,m3_wood,6757216.0
151,kg_cotton,18975000.0
151,m² land,31458878.244115345
151,kWh energy,8631265.513761664
152,m3_wood,6475344.0
152,kg_cotton,26895000.0
152,m² land,33209512.7690345
152,kWh energy,11423936.13983937
153,m3_wood,7224496.0
153,kg_cotton,35722500.0
153,m² land,34455395.92624616
153,kWh energy,14533120.760896305
154,m3_wood,8612544.0
154,kg_cotton,43972500.0
154,m² land,45112811.052426346
154,kWh energy,17429992.05043849
155,m3_wood,7893296.0
155,kg_cotton,55522500.0
155,m² land,39391277.6291273
155,kWh energy,21475497.791096225
156,m3_wood,6490880.0
156,kg_cotton,67650000.0
156,m² land,34977651.01124088
156,kWh energy,25728632.767750006
157,m3_wood,5060432.0
157,kg_cotton,80520000.0
157,m² land,26137645.604063623
157,kWh energy,30285946.33032091
158,m3_wood,4111392.0
158,kg_cotton,93307500.0
158,m² land,21101766.368916914
158,kWh energy,34840530.01140401
159,m3_wood,3999536.0
159,kg_cotton,101970000.0
159,m² land,21054814.27022762
159,kWh energy,37923455.91566834
160,m3_wood,3344064.0
160,kg_cotton,112860000.0
160,m² land,18897390.86548774
160,kWh energy,41809559.46375785
161,m3_wood,3599712.0
161,kg_cotton,122100000.0
161,m² land,19012684.626224335
161,kWh energy,45125054.578269504
162,m3_wood,3216112.0
162,kg_cotton,131917500.0
162,m² land,17029776.58448455
162,kWh energy,48647809.58795694
163,m3_wood,3052736.0
163,kg_cotton,135795000.0
163,m² land,16060476.870642878
163,kWh energy,50042487.11232766
164,m3_wood,2780016.0
164,kg_cotton,138435000.0
164,m² land,15006022.711076684
164,kWh energy,50952814.138447754
165,m3_wood,2589136.0
165,kg_cotton,140827500.0
165,m² land,14011420.0
165,kWh energy,51818554.646081574
166,m3_wood,2751248.0
166,kg_cotton,141322500.0
166,m² land,14982702.525174253
166,kWh energy,52006137.94728385
167,m3_wood,2796256.0
167,kg_cotton,147840000.0
167,m² land,15009327.95027902
167,kWh energy,54410225.92827859
168,m3_wood,2913392.0
168,kg_cotton,147427500.0
168,m² land,15999240.0
168,kWh energy,54317175.344400816
169,m3_wood,2985888.0
169,kg_cotton,148830000.0
169,m² land,16012360.0
169,kWh energy,54893502.53114746
170,m3_wood,2735024.0
170,kg_cotton,148087500.0
170,m² land,14974679.046013577
170,kWh energy,54654428.195846364
171,m3_wood,2896512.0
171,kg_cotton,147427500.0
171,m² land,15964240.170410499
171,kWh energy,54445835.31834969
172,m3_wood,2947760.0
172,kg_cotton,146355000.0
172,m² land,15988700.0
172,kWh energy,54091184.660925604
173,m3_wood,2886512.0
173,kg_cotton,147757500.0
173,m² land,15962640.0
173,kWh energy,54711556.950750925
174,m3_wood,3021152.0
174,kg_cotton,146437500.0
174,m² land,16961531.01471725
174,kWh energy,54277178.75440633
175,m3_wood,2779008.0
175,kg_cotton,148335000.0
175,m² land,15920342.711076684
175,kWh energy,55032282.091530606
176,m3_wood,2888992.0
176,kg_cotton,145282500.0
176,m² land,15976745.422153369
176,kWh energy,53955339.28772868
177,m3_wood,2850880.0
177,kg_cotton,145282500.0
177,m² land,15945210.348566974
177,kWh energy,53971602.362510756
178,m3_wood,2954256.0
178,kg_cotton,146190000.0
178,m² land,16918097.644657776
178,kWh energy,54321016.26046523
179,m3_wood,2994240.0
179,kg_cotton,145035000.0
179,m² land,16946300.0
179,kWh energy,53908906.41278116
180,m3_wood,2968640.0
180,kg_cotton,144787500.0
180,m² land,16921982.711076684
180,kWh energy,53819232.58177119
181,m3_wood,3353504.0
181,kg_cotton,145447500.0
181,m² land,18934372.25406657
181,kWh energy,54028558.9602813
182,m3_wood,3498996.2263057036
182,kg_cotton,145530000.0
182,m² land,18987380.950920615
182,kWh energy,53998623.68719292
183,m3_wood,3545344.0
183,kg_cotton,144292500.0
183,m² land,19006365.90240123
183,kWh energy,53539720.630814485
184,m3_wood,3152352.0
184,kg_cotton,143385000.0
184,m² land,17011461.688613474
184,kWh energy,53147183.379904754
185,m3_wood,3193216.0
185,kg_cotton,144045000.0
185,m² land,17953624.570100665
185,kWh energy,53310960.365492195
186,m3_wood,3107984.0
186,kg_cotton,142147500.0
186,m² land,16989498.977536794
186,kWh energy,52555514.97432247
187,m3_wood,2804976.0
187,kg_cotton,144292500.0
187,m² land,15013300.526723454
187,kWh energy,53270911.056743406
188,m3_wood,2983328.0
188,kg_cotton,146602500.0
188,m² land,16001127.498063464
188,kWh energy,54054934.31856579
189,m3_wood,2763120.0
189,kg_cotton,144787500.0
189,m² land,15001421.688613478
189,kWh energy,53364608.24042972
190,m3_wood,2789376.0
190,kg_cotton,141570000.0
190,m² land,15023744.399690162
190,kWh energy,52163235.24742094
191,m3_wood,2591008.0
191,kg_cotton,145365000.0
191,m² land,14007762.711076684
191,kWh energy,53517921.83094402
192,m3_wood,2543520.0
192,kg_cotton,146932500.0
192,m² land,13966336.90898895
192,kWh energy,54075710.783516474
193,m3_wood,2524160.0
193,kg_cotton,144540000.0
193,m² land,13955562.33114232
193,kWh energy,53199010.21090588
194,m3_wood,2772512.0
194,kg_cotton,142807500.0
194,m² land,15008549.924442839
194,kWh energy,52583333.01957219
195,m3_wood,2579760.0
195,kg_cotton,144705000.0
195,m² land,14002162.45778711
195,kWh energy,53279578.51434164
196,m3_wood,2559760.0
196,kg_cotton,144705000.0
196,m² land,13996700.0
196,kWh energy,53274354.22479999
197,m3_wood,2567888.0
197,kg_cotton,142642500.0
197,m² land,14004854.748257168
197,kWh energy,52553596.4089273
198,m3_wood,2768752.0
198,kg_cotton,141982500.0
198,m² land,15015108.30364056
198,kWh energy,52350447.8080978
199,m3_wood,2741888.0
199,kg_cotton,136537500.0
199,m² land,14995860.0
199,kWh energy,50427226.589632876
200,m3_wood,2367008.0
200,kg_cotton,129195000.0
200,m² land,13001261.82657934
200,kWh energy,47854876.76269102
201,m3_wood,2041504.0
201,kg_cotton,122182500.0
201,m² land,11004394.497465417
201,kWh energy,45368472.857692
202,m3_wood,1696016.0
202,kg_cotton,114097500.0
202,m² land,9007760.0
202,kWh energy,42510506.74500351
203,m3_wood,1696000.0
203,kg_cotton,105600000.0
203,m² land,9006560.0
203,kWh energy,39454012.16715687
204,m3_wood,1465120.0
204,kg_cotton,91905000.0
204,m² land,7991900.0
204,kWh energy,34560668.08283334
205,m3_wood,1463872.0
205,kg_cotton,78622500.0
205,m² land,7991680.0
205,kWh energy,29829969.34996037
206,m3_wood,1476368.0
206,kg_cotton,67155000.0
206,m² land,8001636.266460109
206,kWh energy,25762321.86297639
207,m3_wood,1271120.0
207,kg_cotton,58162500.0
207,m² land,6995902.711076684
207,kWh energy,22538418.447578203
208,m3_wood,1086496.0
208,kg_cotton,48757500.0
208,m² land,5995622.711076684
208,kWh energy,19173253.06600855
209,m3_wood,1206480.0
209,kg_cotton,40837500.0
209,m² land,6041643.377226956
209,kWh energy,16281700.463434141
210,m3_wood,1299248.0
210,kg_cotton,33660000.0
210,m² land,7005628.133230054
210,kWh energy,13704636.640059764
211,m3_wood,1333872.0
211,kg_cotton,28957500.0
211,m² land,7931999.184804315
211,kWh energy,12002861.384710053
212,m3_wood,1460752.0
212,kg_cotton,23347500.0
212,m² land,7989940.0
212,kWh energy,9978617.95427442
213,m3_wood,1440752.0
213,kg_cotton,19965000.0
213,m² land,7988940.0
213,kWh energy,8728665.320761137
214,m3_wood,1564752.0
214,kg_cotton,18810000.0
214,m² land,9838760.0
214,kWh energy,8273076.293189162
215,m3_wood,1660640.0
215,kg_cotton,16252500.0
215,m² land,8994982.711076684
215,kWh energy,7321630.776673377
216,m3_wood,1480752.0
216,kg_cotton,15345000.0
216,m² land,7995448.133230055
216,kWh energy,6944881.871898395
217,m3_wood,1636640.0
217,kg_cotton,14685000.0
217,m² land,8995231.486835582
217,kWh energy,6663176.410525212
218,m3_wood,1541360.0
218,kg_cotton,13695000.0
218,m² land,8020813.865220757
218,kWh energy,6242467.28845419
219,m3_wood,1654128.0
219,kg_cotton,13117500.0
219,m² land,8992076.172501476
219,kWh energy,6008390.610585835
220,m3_wood,1673488.0
220,kg_cotton,14272500.0
220,m² land,9000005.64911165
220,kWh energy,6453155.400416126
221,m3_wood,1660384.0
221,kg_cotton,14107500.0
221,m² land,8997982.711076684
221,kWh energy,6372585.081558273
222,m3_wood,1580384.0
222,kg_cotton,14932500.0
222,m² land,8980485.422153369
222,kWh energy,6690734.505025598
223,m3_wood,1449504.0
223,kg_cotton,14685000.0
223,m² land,7988880.0
223,kWh energy,6600663.774848839
224,m3_wood,1506976.0
224,kg_cotton,15427500.0
224,m² land,8030726.97134003
224,kWh energy,6870956.960064653
225,m3_wood,1449504.0
225,kg_cotton,15757500.0
225,m² land,7984380.0
225,kWh energy,7024028.101560317
226,m3_wood,1663776.0
226,kg_cotton,15180000.0
226,m² land,9908151.486835582
226,kWh energy,6858097.883753112
227,m3_wood,1840000.0
227,kg_cotton,14932500.0
227,m² land,9991000.0
227,kWh energy,6837090.331958205
228,m3_wood,1868752.0
228,kg_cotton,14767500.0
228,m² land,9991871.486835582
228,kWh energy,6852708.411035046
229,m3_wood,1893120.0
229,kg_cotton,15262500.0
229,m² land,10008400.0
229,kWh energy,7101830.9178740075
230,m3_wood,1872496.0
230,kg_cotton,15592500.0
230,m² land,10007120.0
230,kWh energy,7257713.66143498
231,m3_wood,1814992.0
231,kg_cotton,15510000.0
231,m² land,9987240.0
231,kWh energy,7236899.632628551
232,m3_wood,1801872.0
232,kg_cotton,15180000.0
232,m² land,9985340.0
232,kWh energy,7167474.679622492
233,m3_wood,1832496.0
233,kg_cotton,14850000.0
233,m² land,10005120.0
233,kWh energy,7070583.602801117
234,m3_wood,1841264.0
234,kg_cotton,14850000.0
234,m² land,10000060.0
234,kWh energy,7095026.742257445
235,m3_wood,1830624.0
235,kg_cotton,15015000.0
235,m² land,9999780.0
235,kWh energy,7151540.20057163
236,m3_wood,1811248.0
236,kg_cotton,14932500.0
236,m² land,9977512.703330725
236,kWh energy,7148891.313769363
237,m3_wood,1761248.0
237,kg_cotton,15097500.0
237,m² land,9978560.0
237,kWh energy,7214027.976214165
238,m3_wood,1964624.0
238,kg_cotton,15262500.0
238,m² land,10982929.635941118
238,kWh energy,7264686.744806613
239,m3_wood,1972752.0
239,kg_cotton,15427500.0
239,m² land,10973880.0
239,kWh energy,7285382.283217301
240,m3_wood,1918768.0
240,kg_cotton,14437500.0
240,m² land,10040034.784351762
240,kWh energy,6911143.587377566
241,m3_wood,1808752.0
241,kg_cotton,14685000.0
241,m² land,9979948.133230053
241,kWh energy,6929461.442630246
242,m3_wood,1839376.0
242,kg_cotton,13942500.0
242,m² land,9990733.555383421
242,kWh energy,6616234.749826036
243,m3_wood,1800624.0
243,kg_cotton,13695000.0
243,m² land,9971637.459333817
243,kWh energy,6458831.448647198
244,m3_wood,1828128.0
244,kg_cotton,13365000.0
244,m² land,9980660.0
244,kWh energy,6321834.983998888
245,m3_wood,1788752.0
245,kg_cotton,13530000.0
245,m² land,9974440.0
245,kWh energy,6306229.5405984195
246,m3_wood,1996496.0
246,kg_cotton,13612500.0
246,m² land,11017996.14675355
246,kWh energy,6283928.970106169
247,m3_wood,2022736.0
247,kg_cotton,13942500.0
247,m² land,11005656.407377206
247,kWh energy,6372577.941082275
248,m3_wood,2023984.0
248,kg_cotton,13777500.0
248,m² land,10988614.034170292
248,kWh energy,6278850.813480659
249,m3_wood,2010256.0
249,kg_cotton,14107500.0
249,m² land,10979405.868495591
249,kWh energy,6406820.869565358
250,m3_wood,1983376.0
250,kg_cotton,15180000.0
250,m² land,10983754.604447424
250,kWh energy,6797185.196276834
251,m3_wood,2134000.0
251,kg_cotton,16500000.0
251,m² land,11063418.549941726
251,kWh energy,7233439.310279438
252,m3_wood,2357696.0
252,kg_cotton,19965000.0
252,m² land,11132786.770582952
252,kWh energy,8476282.20705357
253,m3_wood,2222112.0
253,kg_cotton,24750000.0
253,m² land,11123836.405886568
253,kWh energy,10155227.318142317
254,m3_wood,2622384.0
254,kg_cotton,29700000.0
254,m² land,12192836.37036565
254,kWh energy,11966080.771289848
255,m3_wood,2246896.0
255,kg_cotton,35475000.0
255,m² land,10202990.161232704
255,kWh energy,14046754.229535716
256,m3_wood,2447808.0
256,kg_cotton,43477500.0
256,m² land,11174596.774769714
256,kWh energy,16970088.393514276
257,m3_wood,2104624.0
257,kg_cotton,50985000.0
257,m² land,11067852.23565273
257,kWh energy,19702056.807597738
258,m3_wood,2659744.0
258,kg_cotton,60060000.0
258,m² land,12177828.897471678
258,kWh energy,23019586.991078537
259,m3_wood,2275648.0
259,kg_cotton,69465000.0
259,m² land,10254205.581147168
259,kWh energy,26409030.37010032
260,m3_wood,2355632.0
260,kg_cotton,80025000.0
260,m² land,10206424.08985261
260,kWh energy,30221257.492466986
261,m3_wood,2332768.0
261,kg_cotton,89925000.0
261,m² land,10287966.692486234
261,kWh energy,33809510.47765489
262,m3_wood,1565584.0
262,kg_cotton,98505000.0
262,m² land,5300670.441517991
262,kWh energy,36955620.48651529
263,m3_wood,186976.0
263,kg_cotton,107250000.0
263,m² land,75056.421378692
263,kWh energy,40093842.60328244
264,m3_wood,300224.0
264,kg_cotton,114427500.0
264,m² land,48103.28412111613
264,kWh energy,42693976.80108817
265,m3_wood,267728.0
265,kg_cotton,121027500.0
265,m² land,231837.75367918622
265,kWh energy,45110488.080736056
266,m3_wood,35616.0
266,kg_cotton,126720000.0
266,m² land,11996.25096814256
266,kWh energy,47183962.109474204
267,m3_wood,44992.0
267,kg_cotton,130432500.0
267,m² land,13839.147947300498
267,kWh energy,48534632.493368946
268,m3_wood,12496.0
268,kg_cotton,131505000.0
268,m² land,7735.309065190821
268,kWh energy,48889716.807206035
269,m3_wood,16864.0
269,kg_cotton,132247500.0
269,m² land,5535.445391082607
269,kWh energy,49071835.36737443
270,m3_wood,11248.0
270,kg_cotton,134145000.0
270,m² land,1065.4221533694808
270,kWh energy,49691940.732492894
271,m3_wood,4992.0
271,kg_cotton,134887500.0
271,m² land,2841.8590239807963
271,kWh energy,49926602.380317725
272,m3_wood,0.0
272,kg_cotton,133897500.0
272,m² land,342.71107668474053
272,kWh energy,49535026.81105994
273,m3_wood,0.0
273,kg_cotton,132000000.0
273,m² land,4524.926413611466
273,kWh energy,48819613.0090812
274,m3_wood,0.0
274,kg_cotton,135712500.0
274,m² land,112.73026512607666
274,kWh energy,50172667.643894404
275,m3_wood,21872.0
275,kg_cotton,134392500.0
275,m² land,3646.9713400089686
275,kWh energy,49619744.085471645
276,m3_wood,27504.0
276,kg_cotton,136620000.0
276,m² land,255.24399690162656
276,kWh energy,50392027.99533494
277,m3_wood,624.0
277,kg_cotton,138022500.0
277,m² land,1948.050350962566
277,kWh energy,50842223.22429437
278,m3_wood,13120.0
278,kg_cotton,139590000.0
278,m² land,4712.347017768156
278,kWh energy,51415541.91203223
279,m3_wood,14992.0
279,kg_cotton,135960000.0
279,m² land,4870.8288148207885
279,kWh energy,50114659.407379806
280,m3_wood,11248.0
280,kg_cotton,137445000.0
280,m² land,5573.555383423703
280,kWh energy,50657079.4860244
281,m3_wood,11248.0
281,kg_cotton,138187500.0
281,m² land,5575.381962762481
281,kWh energy,50943680.95927578
282,m3_wood,10624.0
282,kg_cotton,138435000.0
282,m² land,5290.844306738962
282,kWh energy,51060560.28770949
283,m3_wood,16.0
283,kg_cotton,137857500.0
283,m² land,0.0
283,kWh energy,50880739.50114562
284,m3_wood,11248.0
284,kg_cotton,139342500.0
284,m² land,0.0
284,kWh energy,51435710.12249566
285,m3_wood,15616.0
285,kg_cotton,137775000.0
285,m² land,3589.326103784144
285,kWh energy,50918679.06407792
286,m3_wood,0.0
286,kg_cotton,136950000.0
286,m² land,0.0
286,kWh energy,50664209.70528491
287,m3_wood,0.0
287,kg_cotton,137362500.0
287,m² land,0.0
287,kWh energy,50845601.19342517
288,m3_wood,0.0
288,kg_cotton,137775000.0
288,m² land,0.0
288,kWh energy,51033582.28108294
289,m3_wood,47264.0
289,kg_cotton,136455000.0
289,m² land,6743.075880713761
289,kWh energy,50616758.65828825
290,m3_wood,164000.0
290,kg_cotton,135135000.0
290,m² land,101227.94732762918
290,kWh energy,50146000.50086926
291,m3_wood,640.0
291,kg_cotton,137115000.0
291,m² land,1369.0162664437241
291,kWh energy,50878513.78415562
292,m3_wood,10000.0
292,kg_cotton,139342500.0
292,m² land,1016.4290169402957
292,kWh energy,51707799.70944114
293,m3_wood,0.0
293,kg_cotton,140992500.0
293,m² land,0.0
293,kWh energy,52332129.00835583
294,m3_wood,0.0
294,kg_cotton,141487500.0
294,m² land,0.0
294,kWh energy,52510808.37573845
295,m3_wood,0.0
295,kg_cotton,141487500.0
295,m² land,0.0
295,kWh energy,52528184.29339653
296,m3_wood,83744.0
296,kg_cotton,140662500.0
296,m² land,38303.90395037129
296,kWh energy,52186065.321909234
297,m3_wood,15616.0
297,kg_cotton,138517500.0
297,m² land,10568.133230054222
297,kWh energy,51370274.368315734
298,m3_wood,8752.0
298,kg_cotton,139755000.0
298,m² land,8945.422153369482
298,kWh energy,51752688.04494833
299,m3_wood,19376.0
299,kg_cotton,137610000.0
299,m² land,9728.133230054222
299,kWh energy,50927391.91072751
300,m3_wood,0.0
300,kg_cotton,136537500.0
300,m² land,0.0
300,kWh energy,50491967.55826723
301,m3_wood,0.0
301,kg_cotton,129855000.0
301,m² land,0.0
301,kWh energy,48031761.15152762
302,m3_wood,14992.0
302,kg_cotton,123502500.0
302,m² land,5779.814705573022
302,kWh energy,45707952.13944752
303,m3_wood,8752.0
303,kg_cotton,119542500.0
303,m² land,1062.7110766847404
303,kWh energy,44237858.36364852
304,m3_wood,74976.0
304,kg_cotton,112035000.0
304,m² land,44852.071694009894
304,kWh energy,41512259.1415607
305,m3_wood,16224.0
305,kg_cotton,102630000.0
305,m² land,8389.767847724259
305,kWh energy,38072052.83658152
306,m3_wood,8752.0
306,kg_cotton,93802500.0
306,m² land,2.7110766847405112
306,kWh energy,34857980.79940106
307,m3_wood,0.0
307,kg_cotton,84810000.0
307,m² land,0.0
307,kWh energy,31623624.77407528
308,m3_wood,0.0
308,kg_cotton,76147500.0
308,m² land,0.0
308,kWh energy,28528029.425390746
309,m3_wood,0.0
309,kg_cotton,65917500.0
309,m² land,0.0
309,kWh energy,24823698.819472328
310,m3_wood,0.0
310,kg_cotton,57502500.0
310,m² land,0.0
310,kWh energy,21823242.559973724
311,m3_wood,0.0
311,kg_cotton,49417500.0
311,m² land,0.0
311,kWh energy,18924420.62035262
312,m3_wood,0.0
312,kg_cotton,41085000.0
312,m² land,0.0
312,kWh energy,15975808.841640467
313,m3_wood,0.0
313,kg_cotton,34897500.0
313,m² land,0.0
313,kWh energy,13816394.386159891
314,m3_wood,0.0
314,kg_cotton,30525000.0
314,m² land,0.0
314,kWh energy,12321507.042426465
315,m3_wood,0.0
315,kg_cotton,25905000.0
315,m² land,0.0
315,kWh energy,10693778.43868518
316,m3_wood,0.0
316,kg_cotton,23017500.0
316,m² land,0.0
316,kWh energy,9693757.478257759
317,m3_wood,51248.0
317,kg_cotton,22440000.0
317,m² land,22256.448587588966
317,kWh energy,9563452.480003383
318,m3_wood,5632.0
318,kg_cotton,21120000.0
318,m² land,3042.7110766847404
318,kWh energy,9183574.283658814
319,m3_wood,10000.0
319,kg_cotton,18232500.0
319,m² land,5005.422153369481
319,kWh energy,8191078.594584134
320,m3_wood,108112.0
320,kg_cotton,17490000.0
320,m² land,54235.782711841166
320,kWh energy,7984222.2309864685
321,m3_wood,100016.0
321,kg_cotton,18067500.0
321,m² land,60121.85902399614
321,kWh energy,8199665.084470044
322,m3_wood,0.0
322,kg_cotton,15592500.0
322,m² land,4505.422153369481
322,kWh energy,7306056.8526912145
323,m3_wood,0.0
323,kg_cotton,15592500.0
323,m² land,0.0
323,kWh energy,7320414.695046039
324,m3_wood,0.0
324,kg_cotton,16005000.0
324,m² land,0.0
324,kWh energy,7482672.630373084
325,m3_wood,0.0
325,kg_cotton,15510000.0
325,m² land,253.15194905549288
325,kWh energy,7263782.746336112
326,m3_wood,0.0
326,kg_cotton,15757500.0
326,m² land,0.0
326,kWh energy,7276029.238771189
327,m3_wood,0.0
327,kg_cotton,15675000.0
327,m² land,67.24873270825931
327,kWh energy,7163147.7291669315
328,m3_wood,141872.0
328,kg_cotton,15427500.0
328,m² land,63806.28969780489
328,kWh energy,7068049.712215217
329,m3_wood,63744.0
329,kg_cotton,16170000.0
329,m² land,31976.266460108443
329,kWh energy,7308880.804460142
330,m3_wood,20000.0
330,kg_cotton,16500000.0
330,m² land,5505.422153369481
330,kWh energy,7399335.059663371
331,m3_wood,20000.0
331,kg_cotton,15592500.0
331,m² land,5508.133230054222
331,kWh energy,7015958.919913338
332,m3_wood,10000.0
332,kg_cotton,16830000.0
332,m² land,5010.844306738962
332,kWh energy,7422822.053840409
333,m3_wood,0.0
333,kg_cotton,15922500.0
333,m² land,0.0
333,kWh energy,7043753.213739717
334,m3_wood,0.0
334,kg_cotton,15922500.0
334,m² land,0.0
334,kWh energy,7038566.831227243
335,m3_wood,0.0
335,kg_cotton,16170000.0
335,m² land,0.0
335,kWh energy,7117798.6725637335
336,m3_wood,0.0
336,kg_cotton,15922500.0
336,m² land,0.0
336,kWh energy,7032341.663474313
337,m3_wood,0.0
337,kg_cotton,15097500.0
337,m² land,0.0
337,kWh energy,6719911.089921731
338,m3_wood,0.0
338,kg_cotton,14602500.0
338,m² land,0.0
338,kWh energy,6566487.601271615
339,m3_wood,0.0
339,kg_cotton,14520000.0
339,m² land,0.0
339,kWh energy,6528300.807440232
340,m3_wood,0.0
340,kg_cotton,13365000.0
340,m² land,0.0
340,kWh energy,6073747.671475162
341,m3_wood,0.0
341,kg_cotton,13942500.0
341,m² land,0.0
341,kWh energy,6296481.158087277
342,m3_wood,0.0
342,kg_cotton,13530000.0
342,m² land,0.0
342,kWh energy,6194898.985018554
343,m3_wood,0.0
343,kg_cotton,12787500.0
343,m² land,0.0
343,kWh energy,5952879.494838937
344,m3_wood,93520.0
344,kg_cotton,12870000.0
344,m² land,2006.663601115346
344,kWh energy,6006750.384189038
345,m3_wood,2496.0
345,kg_cotton,12705000.0
345,m² land,222.71107668474053
345,kWh energy,5968630.659836577
346,m3_wood,0.0
346,kg_cotton,12952500.0
346,m² land,5.4221533694810224
346,kWh energy,6090430.860182233
347,m3_wood,0.0
347,kg_cotton,13282500.0
347,m² land,20.170410506427288
347,kWh energy,6274995.683839712
348,m3_wood,624.0
348,kg_cotton,13942500.0
348,m² land,1062.7110766847404
348,kWh energy,6514690.524958742
349,m3_wood,0.0
349,kg_cotton,14025000.0
349,m² land,0.0
349,kWh energy,6580182.6030172445
350,m3_wood,3760.0
350,kg_cotton,14520000.0
350,m² land,459.2974462917773
350,kWh energy,6786662.95221103
351,m3_wood,0.0
351,kg_cotton,15427500.0
351,m² land,0.0
351,kWh energy,7082518.123024291
352,m3_wood,0.0
352,kg_cotton,16335000.0
352,m² land,573.642914857599
352,kWh energy,7418258.422967333
353,m3_wood,6240.0
353,kg_cotton,18727500.0
353,m² land,2.7110766847405112
353,kWh energy,8258301.0496231895
354,m3_wood,0.0
354,kg_cotton,20625000.0
354,m² land,0.0
354,kWh energy,8896145.355381858
355,m3_wood,9488.0
355,kg_cotton,22770000.0
355,m² land,45.250889860093594
355,kWh energy,9647073.026993653
356,m3_wood,3120.0
356,kg_cotton,27142500.0
356,m² land,0.0
356,kWh energy,11103062.59334892
357,m3_wood,92224.0
357,kg_cotton,32670000.0
357,m² land,0.0
357,kWh energy,13116746.316103572
358,m3_wood,43584.0
358,kg_cotton,37455000.0
358,m² land,0.0
358,kWh energy,14773983.197531726
359,m3_wood,76224.0
359,kg_cotton,43230000.0
359,m² land,0.0
359,kWh energy,16818731.33262495
360,m3_wood,56256.0
360,kg_cotton,51480000.0
360,m² land,3.857474789467787
360,kWh energy,19750480.555247396
361,m3_wood,40000.0
361,kg_cotton,58987500.0
361,m² land,0.0
361,kWh energy,22420580.506721877
362,m3_wood,28736.0
362,kg_cotton,67815000.0
362,m² land,0.0
362,kWh energy,25557928.2669328
363,m3_wood,0.0
363,kg_cotton,74580000.0
363,m² land,0.0
363,kWh energy,27947097.17796225
364,m3_wood,3744.0
364,kg_cotton,81427500.0
364,m² land,0.0
364,kWh energy,30405699.27851232
365,m3_wood,0.0
365,kg_cotton,90090000.0
365,m² land,0.0
365,kWh energy,33564140.97108614
366,m3_wood,0.0
366,kg_cotton,96937500.0
366,m² land,0.0
366,kWh energy,36014116.71487251
367,m3_wood,0.0
367,kg_cotton,103620000.0
367,m² land,0.0
367,kWh energy,38445445.188531905
368,m3_wood,8752.0
368,kg_cotton,108982500.0
368,m² land,0.0
368,kWh energy,40400449.161185354
369,m3_wood,640.0
369,kg_cotton,113355000.0
369,m² land,0.0
369,kWh energy,42011969.179520644
370,m3_wood,1872.0
370,kg_cotton,116820000.0
370,m² land,0.0
370,kWh energy,43251448.79431312
371,m3_wood,0.0
371,kg_cotton,119707500.0
371,m² land,0.0
371,kWh energy,44292890.775477216
372,m3_wood,0.0
372,kg_cotton,122595000.0
372,m² land,0.0
372,kWh energy,45398468.59644829
373,m3_wood,0.0
373,kg_cotton,123090000.0
373,m² land,0.0
373,kWh energy,45632040.56058181
374,m3_wood,0.0
374,kg_cotton,124492500.0
374,m² land,0.0
374,kWh energy,46198982.346627094
375,m3_wood,0.0
375,kg_cotton,128617500.0
375,m² land,0.0
375,kWh energy,47721411.803059794
376,m3_wood,4384.0
376,kg_cotton,129030000.0
376,m² land,0.0
376,kWh energy,47889245.29344555
377,m3_wood,10624.0
377,kg_cotton,126967500.0
377,m² land,0.0
377,kWh energy,47144181.31513431
378,m3_wood,2496.0
378,kg_cotton,125895000.0
378,m² land,0.0
378,kWh energy,46769497.931308486
379,m3_wood,0.0
379,kg_cotton,124987500.0
379,m² land,0.0
379,kWh energy,46427828.005796775
380,m3_wood,3760.0
380,kg_cotton,125317500.0
380,m² land,0.0
380,kWh energy,46571024.366845325
381,m3_wood,0.0
381,kg_cotton,123750000.0
381,m² land,0.0
381,kWh energy,46002980.67275119
382,m3_wood,0.0
382,kg_cotton,124822500.0
382,m² land,0.0
382,kWh energy,46385566.136371195
383,m3_wood,0.0
383,kg_cotton,125400000.0
383,m² land,0.0
383,kWh energy,46613967.91762054
384,m3_wood,0.0
384,kg_cotton,125565000.0
384,m² land,0.0
384,kWh energy,46624110.01969219
385,m3_wood,0.0
385,kg_cotton,124657500.0
385,m² land,0.0
385,kWh energy,46258976.85142677
386,m3_wood,0.0
386,kg_cotton,125565000.0
386,m² land,0.0
386,kWh energy,46548696.18243305
387,m3_wood,0.0
387,kg_cotton,123090000.0
387,m² land,0.0
387,kWh energy,45611357.18187781
388,m3_wood,0.0
388,kg_cotton,123172500.0
388,m² land,0.0
388,kWh energy,45665653.55577715
389,m3_wood,0.0
389,kg_cotton,121605000.0
389,m² land,0.0
389,kWh energy,45109836.166646875
390,m3_wood,0.0
390,kg_cotton,123090000.0
390,m² land,0.0
390,kWh energy,45631407.8859799
391,m3_wood,0.0
391,kg_cotton,121852500.0
391,m² land,0.0
391,kWh energy,45128332.21997626
392,m3_wood,41008.0
392,kg_cotton,120945000.0
392,m² land,0.0
392,kWh energy,44743630.70527368
393,m3_wood,0.0
393,kg_cotton,121687500.0
393,m² land,0.0
393,kWh energy,44992361.849318504
394,m3_wood,1872.0
394,kg_cotton,119212500.0
394,m² land,0.0
394,kWh energy,44098837.76485831
395,m3_wood,0.0
395,kg_cotton,119955000.0
395,m² land,0.0
395,kWh energy,44386410.96294848
396,m3_wood,0.0
396,kg_cotton,118470000.0
396,m² land,0.0
396,kWh energy,43865396.11673112
397,m3_wood,0.0
397,kg_cotton,119212500.0
397,m² land,0.0
397,kWh energy,44141673.50106548
398,m3_wood,36640.0
398,kg_cotton,118057500.0
398,m² land,0.0
398,kWh energy,43734708.814835005
399,m3_wood,0.0
399,kg_cotton,113850000.0
399,m² land,0.0
399,kWh energy,42217199.08960874
400,m3_wood,0.0
400,kg_cotton,113520000.0
400,m² land,0.0
400,kWh energy,42134186.83665095
401,m3_wood,0.0
401,kg_cotton,113437500.0
401,m² land,0.0
401,kWh energy,42135548.57010284
402,m3_wood,0.0
402,kg_cotton,111787500.0
402,m² land,0.0
402,kWh energy,41577607.565523
403,m3_wood,0.0
403,kg_cotton,107250000.0
403,m² land,0.0
403,kWh energy,39939130.94941722
404,m3_wood,0.0
404,kg_cotton,103537500.0
404,m² land,0.0
404,kWh energy,38626052.18046215
405,m3_wood,4384.0
405,kg_cotton,97680000.0
405,m² land,0.0
405,kWh energy,36513846.72170645
406,m3_wood,9376.0
406,kg_cotton,92895000.0
406,m² land,0.0
406,kWh energy,34806229.87920381
407,m3_wood,0.0
407,kg_cotton,88770000.0
407,m² land,0.0
407,kWh energy,33334315.34544128
408,m3_wood,0.0
408,kg_cotton,81922500.0
408,m² land,0.0
408,kWh energy,30865271.242645763
409,m3_wood,0.0
409,kg_cotton,74167500.0
409,m² land,0.0
409,kWh energy,28069341.517056935
410,m3_wood,111616.0
410,kg_cotton,66990000.0
410,m² land,0.0
410,kWh energy,25501150.458707538
411,m3_wood,0.0
411,kg_cotton,59895000.0
411,m² land,0.0
411,kWh energy,22927923.041858766
412,m3_wood,0.0
412,kg_cotton,52965000.0
412,m² land,0.0
412,kWh energy,20381396.344048005
413,m3_wood,0.0
413,kg_cotton,48262500.0
413,m² land,0.0
413,kWh energy,18653779.912864268
414,m3_wood,0.0
414,kg_cotton,41662500.0
414,m² land,0.0
414,kWh energy,16258077.070076594
415,m3_wood,0.0
415,kg_cotton,36547500.0
415,m² land,0.0
415,kWh energy,14427300.636343697
416,m3_wood,0.0
416,kg_cotton,31597500.0
416,m² land,0.0
416,kWh energy,12639551.433812235
417,m3_wood,0.0
417,kg_cotton,26895000.0
417,m² land,0.0
417,kWh energy,10905173.943268672
418,m3_wood,0.0
418,kg_cotton,23100000.0
418,m² land,0.0
418,kWh energy,9540507.450470988
419,m3_wood,0.0
419,kg_cotton,20625000.0
419,m² land,0.0
419,kWh energy,8610076.99637269
420,m3_wood,0.0
420,kg_cotton,19470000.0
420,m² land,0.0
420,kWh energy,8194764.667645354
421,m3_wood,0.0
421,kg_cotton,17737500.0
421,m² land,0.0
421,kWh energy,7605604.563228538
422,m3_wood,0.0
422,kg_cotton,17160000.0
422,m² land,0.0
422,kWh energy,7402062.63975621
423,m3_wood,0.0
423,kg_cotton,16912500.0
423,m² land,0.0
423,kWh energy,7280460.320388523
424,m3_wood,0.0
424,kg_cotton,16912500.0
424,m² land,0.0
424,kWh energy,7260561.40579949
425,m3_wood,0.0
425,kg_cotton,16500000.0
425,m² land,0.0
425,kWh energy,7132108.754699571
426,m3_wood,0.0
426,kg_cotton,16665000.0
426,m² land,0.0
426,kWh energy,7195698.027071981
427,m3_wood,0.0
427,kg_cotton,16500000.0
427,m² land,0.0
427,kWh energy,7164646.661728681
428,m3_wood,0.0
428,kg_cotton,16665000.0
428,m² land,0.0
428,kWh energy,7261609.577337384
429,m3_wood,0.0
429,kg_cotton,17077500.0
429,m² land,0.0
429,kWh energy,7480399.101855355
430,m3_wood,0.0
430,kg_cotton,17077500.0
430,m² land,0.0
430,kWh energy,7510706.401504697
431,m3_wood,0.0
431,kg_cotton,17655000.0
431,m² land,0.0
431,kWh energy,7709360.908853487
432,m3_wood,0.0
432,kg_cotton,17572500.0
432,m² land,0.0
432,kWh energy,7687534.244370688
433,m3_wood,0.0
433,kg_cotton,17572500.0
433,m² land,0.0
433,kWh energy,7700860.497534582
434,m3_wood,0.0
434,kg_cotton,16665000.0
434,m² land,0.0
434,kWh energy,7417814.913364413
435,m3_wood,0.0
435,kg_cotton,17242500.0
435,m² land,0.0
435,kWh energy,7667281.0227785185
436,m3_wood,0.0
436,kg_cotton,17242500.0
436,m² land,0.0
436,kWh energy,7726776.720362547
437,m3_wood,0.0
437,kg_cotton,17160000.0
437,m² land,0.0
437,kWh energy,7685657.407328991
438,m3_wood,0.0
438,kg_cotton,17160000.0
438,m² land,0.0
438,kWh energy,7653464.706978332
439,m3_wood,0.0
439,kg_cotton,17902500.0
439,m² land,0.0
439,kWh energy,7897488.499573917
440,m3_wood,0.0
440,kg_cotton,19305000.0
440,m² land,0.0
440,kWh energy,8419468.192648351
441,m3_wood,0.0
441,kg_cotton,19800000.0
441,m² land,0.0
441,kWh energy,8592400.286130408
442,m3_wood,0.0
442,kg_cotton,19305000.0
442,m² land,0.0
442,kWh energy,8350648.257322644
443,m3_wood,0.0
443,kg_cotton,19387500.0
443,m² land,0.0
443,kWh energy,8343104.443774249
444,m3_wood,0.0
444,kg_cotton,20542500.0
444,m² land,0.0
444,kWh energy,8725309.207855774
445,m3_wood,0.0
445,kg_cotton,20707500.0
445,m² land,0.0
445,kWh energy,8748034.320035174
446,m3_wood,0.0
446,kg_cotton,20542500.0
446,m² land,0.0
446,kWh energy,8697945.047662765
447,m3_wood,0.0
447,kg_cotton,22605000.0
447,m² land,0.0
447,kWh energy,9372397.5793084
448,m3_wood,0.0
448,kg_cotton,22027500.0
448,m² land,0.0
448,kWh energy,9141060.991863104
449,m3_wood,0.0
449,kg_cotton,22440000.0
449,m² land,0.0
449,kWh energy,9256009.340547053
450,m3_wood,0.0
450,kg_cotton,21945000.0
450,m² land,0.0
450,kWh energy,9077111.123249682
451,m3_wood,0.0
451,kg_cotton,22687500.0
451,m² land,0.0
451,kWh energy,9334785.406750841
452,m3_wood,0.0
452,kg_cotton,23842500.0
452,m² land,0.0
452,kWh energy,9769838.54271591
453,m3_wood,0.0
453,kg_cotton,23512500.0
453,m² land,0.0
453,kWh energy,9625015.824903704
454,m3_wood,0.0
454,kg_cotton,24832500.0
454,m² land,0.0
454,kWh energy,10090662.535657149
455,m3_wood,98528.0
455,kg_cotton,25657500.0
455,m² land,0.0
455,kWh energy,10380188.754993862
456,m3_wood,2512.0
456,kg_cotton,28050000.0
456,m² land,0.0
456,kWh energy,11235750.335164273
457,m3_wood,624.0
457,kg_cotton,29700000.0
457,m² land,0.0
457,kWh energy,11878124.996157147
458,m3_wood,73088.0
458,kg_cotton,33165000.0
458,m² land,0.0
458,kWh energy,13094981.406818992
459,m3_wood,3136.0
459,kg_cotton,36712500.0
459,m² land,0.0
459,kWh energy,14404226.782134151
460,m3_wood,29744.0
460,kg_cotton,41415000.0
460,m² land,0.0
460,kWh energy,16137887.43818518
461,m3_wood,2496.0
461,kg_cotton,47520000.0
461,m² land,0.0
461,kWh energy,18391219.350450434
462,m3_wood,6256.0
462,kg_cotton,51562500.0
462,m² land,0.0
462,kWh energy,19876278.795744363
463,m3_wood,0.0
463,kg_cotton,57832500.0
463,m² land,0.0
463,kWh energy,22185227.267156977
464,m3_wood,96656.0
464,kg_cotton,62287500.0
464,m² land,0.0
464,kWh energy,23762285.60384031
465,m3_wood,17232.0
465,kg_cotton,66907500.0
465,m² land,0.0
465,kWh energy,25417238.49712319
466,m3_wood,0.0
466,kg_cotton,72517500.0
466,m² land,0.0
466,kWh energy,27420783.638756663
467,m3_wood,116608.0
467,kg_cotton,77220000.0
467,m² land,0.0
467,kWh energy,29118025.28949324
468,m3_wood,0.0
468,kg_cotton,80767500.0
468,m² land,0.0
468,kWh energy,30352433.791390326
469,m3_wood,30640.0
469,kg_cotton,84975000.0
469,m² land,0.0
469,kWh energy,31875839.266000494
470,m3_wood,0.0
470,kg_cotton,86707500.0
470,m² land,0.0
470,kWh energy,32501747.064714078
471,m3_wood,0.0
471,kg_cotton,88935000.0
471,m² land,0.0
471,kWh energy,33276962.615568236
472,m3_wood,0.0
472,kg_cotton,93142500.0
472,m² land,0.0
472,kWh energy,34783567.986578576
473,m3_wood,0.0
473,kg_cotton,95700000.0
473,m² land,0.0
473,kWh energy,35675636.707224965
474,m3_wood,0.0
474,kg_cotton,98917500.0
474,m² land,0.0
474,kWh energy,36796321.30229908
475,m3_wood,0.0
475,kg_cotton,98010000.0
475,m² land,0.0
475,kWh energy,36431710.51175286
476,m3_wood,4384.0
476,kg_cotton,100320000.0
476,m² land,0.0
476,kWh energy,37255834.858986214
477,m3_wood,44096.0
477,kg_cotton,99990000.0
477,m² land,0.0
477,kWh energy,37092056.36604134
478,m3_wood,0.0
478,kg_cotton,101722500.0
478,m² land,0.0
478,kWh energy,37699974.526009545
479,m3_wood,0.0
479,kg_cotton,102217500.0
479,m² land,0.0
479,kWh energy,37850634.939877585
480,m3_wood,0.0
480,kg_cotton,100237500.0
480,m² land,0.0
480,kWh energy,37137225.90720728
481,m3_wood,8128.0
481,kg_cotton,101145000.0
481,m² land,0.0
481,kWh energy,37469325.19928804
482,m3_wood,0.0
482,kg_cotton,101557500.0
482,m² land,0.0
482,kWh energy,37635187.37265913
483,m3_wood,0.0
483,kg_cotton,100402500.0
483,m² land,0.0
483,kWh energy,37204108.965341315
484,m3_wood,0.0
484,kg_cotton,102382500.0
484,m² land,0.0
484,kWh energy,37957067.40350624
485,m3_wood,0.0
485,kg_cotton,103042500.0
485,m² land,0.0
485,kWh energy,38232592.80020511
486,m3_wood,20384.0
486,kg_cotton,102630000.0
486,m² land,0.0
486,kWh energy,38123507.73350284
487,m3_wood,0.0
487,kg_cotton,101970000.0
487,m² land,0.0
487,kWh energy,37888665.2951118
488,m3_wood,5024.0
488,kg_cotton,101557500.0
488,m² land,0.0
488,kWh energy,37775586.287248164
489,m3_wood,0.0
489,kg_cotton,102795000.0
489,m² land,0.0
489,kWh energy,38230594.73145349
490,m3_wood,0.0
490,kg_cotton,101475000.0
490,m² land,0.0
490,kWh energy,37776400.1477538
491,m3_wood,0.0
491,kg_cotton,101145000.0
491,m² land,0.0
491,kWh energy,37685805.35499013
492,m3_wood,27504.0
492,kg_cotton,101887500.0
492,m² land,0.0
492,kWh energy,38016410.14227125
493,m3_wood,0.0
493,kg_cotton,98505000.0
493,m² land,0.0
493,kWh energy,36777502.46301194
494,m3_wood,0.0
494,kg_cotton,100897500.0
494,m² land,0.0
494,kWh energy,37668813.60407669
495,m3_wood,0.0
495,kg_cotton,100402500.0
495,m² land,0.0
495,kWh energy,37516672.14372319
496,m3_wood,0.0
496,kg_cotton,100402500.0
496,m² land,0.0
496,kWh energy,37521215.23137962
497,m3_wood,0.0
497,kg_cotton,100650000.0
497,m² land,0.0
497,kWh energy,37538385.90975645
498,m3_wood,0.0
498,kg_cotton,98340000.0
498,m² land,0.0
498,kWh energy,36633143.79801933
499,m3_wood,0.0
499,kg_cotton,98835000.0
499,m² land,0.0
499,kWh energy,36753048.33315489
500,m3_wood,0.0
500,kg_cotton,96525000.0
500,m² land,0.0
500,kWh energy,35942173.54681587
501,m3_wood,0.0
501,kg_cotton,94132500.0
501,m² land,0.0
501,kWh energy,35065313.000256516
502,m3_wood,0.0
502,kg_cotton,90667500.0
502,m² land,0.0
502,kWh energy,33773493.35941288
503,m3_wood,11616.0
503,kg_cotton,88605000.0
503,m² land,0.0
503,kWh energy,32964326.021268953
504,m3_wood,0.0
504,kg_cotton,87615000.0
504,m² land,0.0
504,kWh energy,32582283.178412955
505,m3_wood,16256.0
505,kg_cotton,84232500.0
505,m² land,0.0
505,kWh energy,31357982.902402796
506,m3_wood,19376.0
506,kg_cotton,82582500.0
506,m² land,0.0
506,kWh energy,30762771.367991872
507,m3_wood,8128.0
507,kg_cotton,78622500.0
507,m² land,0.0
507,kWh energy,29315427.1530872
508,m3_wood,0.0
508,kg_cotton,73177500.0
508,m² land,0.0
508,kWh energy,27305626.955359038
509,m3_wood,0.0
509,kg_cotton,70867500.0
509,m² land,0.0
509,kWh energy,26457408.977763787
510,m3_wood,6880.0
510,kg_cotton,65917500.0
510,m² land,0.0
510,kWh energy,24657973.392719846
511,m3_wood,0.0
511,kg_cotton,63525000.0
511,m² land,0.0
511,kWh energy,23844849.771378458
512,m3_wood,0.0
512,kg_cotton,59565000.0
512,m² land,0.0
512,kWh energy,22406982.300543237
513,m3_wood,0.0
513,kg_cotton,53377500.0
513,m² land,0.0
513,kWh energy,20228757.380208235
514,m3_wood,0.0
514,kg_cotton,47850000.0
514,m² land,0.0
514,kWh energy,18277872.62384252
515,m3_wood,0.0
515,kg_cotton,44055000.0
515,m² land,0.0
515,kWh energy,16970163.921599757
516,m3_wood,0.0
516,kg_cotton,41250000.0
516,m² land,0.0
516,kWh energy,15996691.899774501
517,m3_wood,0.0
517,kg_cotton,37207500.0
517,m² land,0.0
517,kWh energy,14587342.97113493
518,m3_wood,0.0
518,kg_cotton,33742500.0
518,m² land,0.0
518,kWh energy,13396010.694614954
519,m3_wood,0.0
519,kg_cotton,32092500.0
519,m² land,0.0
519,kWh energy,12830022.31253474
520,m3_wood,0.0
520,kg_cotton,30030000.0
520,m² land,0.0
520,kWh energy,12161501.42187994
521,m3_wood,0.0
521,kg_cotton,27885000.0
521,m² land,0.0
521,kWh energy,11421868.41424111
522,m3_wood,0.0
522,kg_cotton,26895000.0
522,m² land,0.0
522,kWh energy,11078042.40587765
523,m3_wood,0.0
523,kg_cotton,26647500.0
523,m² land,0.0
523,kWh energy,10963622.16660647
524,m3_wood,0.0
524,kg_cotton,24915000.0
524,m² land,0.0
524,kWh energy,10306565.014198184
525,m3_wood,0.0
525,kg_cotton,24750000.0
525,m² land,0.0
525,kWh energy,10264708.364627764
526,m3_wood,0.0
526,kg_cotton,23595000.0
526,m² land,0.0
526,kWh energy,9796617.32163358
527,m3_wood,0.0
527,kg_cotton,23430000.0
527,m² land,0.0
527,kWh energy,9739892.209454179
528,m3_wood,107232.0
528,kg_cotton,22687500.0
528,m² land,0.0
528,kWh energy,9427610.522703862
529,m3_wood,0.0
529,kg_cotton,22687500.0
529,m² land,0.0
529,kWh energy,9429872.719274562
530,m3_wood,0.0
530,kg_cotton,22440000.0
530,m² land,0.0
530,kWh energy,9298172.467129001
531,m3_wood,7504.0
531,kg_cotton,22522500.0
531,m² land,0.0
531,kWh energy,9303028.705380514
532,m3_wood,16880.0
532,kg_cotton,23017500.0
532,m² land,0.0
532,kWh energy,9502125.940866731
533,m3_wood,0.0
533,kg_cotton,23182500.0
533,m² land,0.0
533,kWh energy,9522878.339821089
534,m3_wood,0.0
534,kg_cotton,23265000.0
534,m² land,0.0
534,kWh energy,9544951.412565134
535,m3_wood,0.0
535,kg_cotton,22275000.0
535,m² land,0.0
535,kWh energy,9151083.194756594
536,m3_wood,0.0
536,kg_cotton,21202500.0
536,m² land,0.0
536,kWh energy,8719199.914530557
537,m3_wood,0.0
537,kg_cotton,21037500.0
537,m² land,0.0
537,kWh energy,8638843.264960138
538,m3_wood,0.0
538,kg_cotton,20377500.0
538,m² land,0.0
538,kWh energy,8408194.664130624
539,m3_wood,0.0
539,kg_cotton,19717500.0
539,m² land,0.0
539,kWh energy,8169694.538784472
540,m3_wood,17856.0
540,kg_cotton,20542500.0
540,m² land,0.0
540,kWh energy,8473375.551442724
541,m3_wood,0.0
541,kg_cotton,20790000.0
541,m² land,0.0
541,kWh energy,8555528.413515892
542,m3_wood,0.0
542,kg_cotton,20130000.0
542,m² land,0.0
542,kWh energy,8357530.303591956
543,m3_wood,0.0
543,kg_cotton,20212500.0
543,m² land,0.0
543,kWh energy,8385700.159330998
544,m3_wood,0.0
544,kg_cotton,21945000.0
544,m² land,0.0
544,kWh energy,9076374.198031718
545,m3_wood,0.0
545,kg_cotton,21202500.0
545,m² land,0.0
545,kWh energy,8829818.81624521
546,m3_wood,0.0
546,kg_cotton,21615000.0
546,m² land,0.0
546,kWh energy,8973120.97643955
547,m3_wood,0.0
547,kg_cotton,20955000.0
547,m² land,0.0
547,kWh energy,8755785.993097564
548,m3_wood,0.0
548,kg_cotton,21037500.0
548,m² land,0.0
548,kWh energy,8803535.965310797
549,m3_wood,0.0
549,kg_cotton,20377500.0
549,m² land,0.0
549,kWh energy,8577755.827090262
550,m3_wood,0.0
550,kg_cotton,20707500.0
550,m² land,0.0
550,kWh energy,8719100.663622124
551,m3_wood,0.0
551,kg_cotton,21367500.0
551,m² land,0.0
551,kWh energy,8924232.326359298
552,m3_wood,0.0
552,kg_cotton,21450000.0
552,m² land,0.0
552,kWh energy,8956412.802352492
553,m3_wood,0.0
553,kg_cotton,21037500.0
553,m² land,0.0
553,kWh energy,8821811.675769208
554,m3_wood,0.0
554,kg_cotton,21862500.0
554,m² land,0.0
554,kWh energy,9143354.833198259
555,m3_wood,1248.0
555,kg_cotton,23182500.0
555,m² land,0.0
555,kWh energy,9577372.021982905
556,m3_wood,0.0
556,kg_cotton,24832500.0
556,m² land,0.0
556,kWh energy,10135240.365137596
557,m3_wood,0.0
557,kg_cotton,25905000.0
557,m² land,0.0
557,kWh energy,10470058.451559557
558,m3_wood,1248.0
558,kg_cotton,26977500.0
558,m² land,0.0
558,kWh energy,10832810.194394564
559,m3_wood,0.0
559,kg_cotton,29205000.0
559,m² land,0.0
559,kWh energy,11620260.383472916
560,m3_wood,0.0
560,kg_cotton,30937500.0
560,m² land,0.0
560,kWh energy,12223054.461099163
561,m3_wood,0.0
561,kg_cotton,32835000.0
561,m² land,0.0
561,kWh energy,12848229.322437705
562,m3_wood,0.0
562,kg_cotton,36217500.0
562,m² land,0.0
562,kWh energy,14064453.784389617
563,m3_wood,0.0
563,kg_cotton,40425000.0
563,m² land,0.0
563,kWh energy,15587516.06774356
564,m3_wood,0.0
564,kg_cotton,44055000.0
564,m² land,0.0
564,kWh energy,16875899.70960684
565,m3_wood,624.0
565,kg_cotton,47602500.0
565,m² land,0.0
565,kWh energy,18148757.668798454
566,m3_wood,11248.0
566,kg_cotton,50902500.0
566,m² land,0.0
566,kWh energy,19381963.90312779
567,m3_wood,0.0
567,kg_cotton,55275000.0
567,m² land,0.0
567,kWh energy,20923620.63948144
568,m3_wood,11872.0
568,kg_cotton,59235000.0
568,m² land,0.0
568,kWh energy,22388625.965545878
569,m3_wood,0.0
569,kg_cotton,63360000.0
569,m² land,0.0
569,kWh energy,23850467.85045529
570,m3_wood,43504.0
570,kg_cotton,64432500.0
570,m² land,0.0
570,kWh energy,24182725.911128487
571,m3_wood,0.0
571,kg_cotton,67320000.0
571,m² land,0.0
571,kWh energy,25249441.587328784
572,m3_wood,0.0
572,kg_cotton,69630000.0
572,m² land,0.0
572,kWh energy,26094763.815540116
573,m3_wood,0.0
573,kg_cotton,73672500.0
573,m² land,0.0
573,kWh energy,27626787.36922713
574,m3_wood,0.0
574,kg_cotton,76890000.0
574,m² land,0.0
574,kWh energy,28800928.876644813
575,m3_wood,0.0
575,kg_cotton,81097500.0
575,m² land,0.0
575,kWh energy,30326386.031171337
576,m3_wood,0.0
576,kg_cotton,85717500.0
576,m² land,0.0
576,kWh energy,32016026.185178038
577,m3_wood,0.0
577,kg_cotton,87367500.0
577,m² land,0.0
577,kWh energy,32635926.117523674
578,m3_wood,0.0
578,kg_cotton,86542500.0
578,m² land,0.0
578,kWh energy,32334783.011894494
579,m3_wood,3744.0
579,kg_cotton,85882500.0
579,m² land,0.0
579,kWh energy,32106159.68241772
580,m3_wood,0.0
580,kg_cotton,85635000.0
580,m² land,0.0
580,kWh energy,31966607.90575551
581,m3_wood,0.0
581,kg_cotton,86707500.0
581,m² land,0.0
581,kWh energy,32382935.462648734
582,m3_wood,0.0
582,kg_cotton,85222500.0
582,m² land,0.0
582,kWh energy,31798840.49995721
583,m3_wood,0.0
583,kg_cotton,86130000.0
583,m² land,0.0
583,kWh energy,32125623.009345327
584,m3_wood,0.0
584,kg_cotton,85882500.0
584,m² land,0.0
584,kWh energy,32000707.072490156
585,m3_wood,0.0
585,kg_cotton,86460000.0
585,m² land,0.0
585,kWh energy,32196098.505056877
586,m3_wood,0.0
586,kg_cotton,87697500.0
586,m² land,0.0
586,kWh energy,32631139.416664474
587,m3_wood,0.0
587,kg_cotton,88605000.0
587,m² land,0.0
587,kWh energy,32922572.416958164
588,m3_wood,0.0
588,kg_cotton,87367500.0
588,m² land,0.0
588,kWh energy,32499093.54652155
589,m3_wood,0.0
589,kg_cotton,89760000.0
589,m² land,0.0
589,kWh energy,33411774.028406605
590,m3_wood,0.0
590,kg_cotton,89760000.0
590,m² land,0.0
590,kWh energy,33465274.02840662
591,m3_wood,0.0
591,kg_cotton,88605000.0
591,m² land,0.0
591,kWh energy,33035741.8613783
592,m3_wood,0.0
592,kg_cotton,88935000.0
592,m² land,0.0
592,kWh energy,33100074.062233813
593,m3_wood,0.0
593,kg_cotton,87532500.0
593,m² land,0.0
593,kWh energy,32540870.079617776
594,m3_wood,0.0
594,kg_cotton,85717500.0
594,m² land,0.0
594,kWh energy,31904236.70183237
595,m3_wood,0.0
595,kg_cotton,86790000.0
595,m² land,0.0
595,kWh energy,32273888.496467266
596,m3_wood,0.0
596,kg_cotton,84645000.0
596,m² land,0.0
596,kWh energy,31535302.878900837
597,m3_wood,0.0
597,kg_cotton,84562500.0
597,m² land,0.0
597,kWh energy,31506334.056772858
598,m3_wood,0.0
598,kg_cotton,85387500.0
598,m² land,0.0
598,kWh energy,31851848.777644075
599,m3_wood,0.0
599,kg_cotton,84315000.0
599,m² land,0.0
599,kWh energy,31480883.365521632
600,m3_wood,0.0
600,kg_cotton,83737500.0
600,m² land,0.0
600,kWh energy,31291574.06485129
601,m3_wood,0.0
601,kg_cotton,82335000.0
601,m² land,0.0
601,kWh energy,30831431.245194912
602,m3_wood,0.0
602,kg_cotton,83407500.0
602,m² land,0.0
602,kWh energy,31214996.605517443
603,m3_wood,45616.0
603,kg_cotton,81922500.0
603,m² land,0.0
603,kWh energy,30666866.0102185
604,m3_wood,0.0
604,kg_cotton,80107500.0
604,m² land,0.0
604,kWh energy,29985458.9373969
605,m3_wood,0.0
605,kg_cotton,78870000.0
605,m² land,0.0
605,kWh energy,29576973.749122106
606,m3_wood,0.0
606,kg_cotton,75982500.0
606,m² land,0.0
606,kWh energy,28563310.631049503
607,m3_wood,0.0
607,kg_cotton,74745000.0
607,m² land,0.0
607,kWh energy,28146968.737630744
608,m3_wood,0.0
608,kg_cotton,73920000.0
608,m² land,0.0
608,kWh energy,27839547.634549424
609,m3_wood,0.0
609,kg_cotton,71610000.0
609,m² land,0.0
609,kWh energy,26970470.67738848
610,m3_wood,0.0
610,kg_cotton,69877500.0
610,m² land,0.0
610,kWh energy,26320415.5404024
611,m3_wood,0.0
611,kg_cotton,66660000.0
611,m² land,0.0
611,kWh energy,25119670.93215152
612,m3_wood,0.0
612,kg_cotton,61792500.0
612,m² land,0.0
612,kWh energy,23342678.89788283
613,m3_wood,35360.0
613,kg_cotton,55110000.0
613,m² land,0.0
613,kWh energy,20922324.015659813
614,m3_wood,0.0
614,kg_cotton,53542500.0
614,m² land,0.0
614,kWh energy,20295949.76598584
615,m3_wood,0.0
615,kg_cotton,50655000.0
615,m² land,0.0
615,kWh energy,19264536.208807565
616,m3_wood,0.0
616,kg_cotton,48345000.0
616,m² land,0.0
616,kWh energy,18437444.587976005
617,m3_wood,0.0
617,kg_cotton,45210000.0
617,m² land,0.0
617,kWh energy,17305474.964291573
618,m3_wood,0.0
618,kg_cotton,41910000.0
618,m² land,0.0
618,kWh energy,16115613.05842935
619,m3_wood,0.0
619,kg_cotton,38775000.0
619,m² land,0.0
619,kWh energy,14971728.719274417
620,m3_wood,0.0
620,kg_cotton,35805000.0
620,m² land,0.0
620,kWh energy,13874063.17446069
621,m3_wood,0.0
621,kg_cotton,34815000.0
621,m² land,0.0
621,kWh energy,13496205.576906297
622,m3_wood,0.0
622,kg_cotton,32092500.0
622,m² land,0.0
622,kWh energy,12534792.84236584
623,m3_wood,0.0
623,kg_cotton,28462500.0
623,m² land,0.0
623,kWh energy,11227340.841493398
624,m3_wood,0.0
624,kg_cotton,25987500.0
624,m² land,0.0
624,kWh energy,10314690.400269488
625,m3_wood,0.0
625,kg_cotton,25905000.0
625,m² land,0.0
625,kWh energy,10328851.100110315
626,m3_wood,0.0
626,kg_cotton,23842500.0
626,m² land,0.0
626,kWh energy,9615661.643246721
627,m3_wood,0.0
627,kg_cotton,22275000.0
627,m² land,0.0
627,kWh energy,9066775.89510725
628,m3_wood,0.0
628,kg_cotton,22192500.0
628,m² land,0.0
628,kWh energy,9056152.279657727
629,m3_wood,0.0
629,kg_cotton,22027500.0
629,m² land,12.822363384068012
629,kWh energy,8999944.105570665
630,m3_wood,0.0
630,kg_cotton,21532500.0
630,m² land,0.0
630,kWh energy,8817506.844033308
631,m3_wood,0.0
631,kg_cotton,21532500.0
631,m² land,0.0
631,kWh energy,8828358.368549949
632,m3_wood,0.0
632,kg_cotton,20460000.0
632,m² land,0.0
632,kWh energy,8448707.711125901
633,m3_wood,0.0
633,kg_cotton,19717500.0
633,m² land,0.0
633,kWh energy,8169546.063301111
634,m3_wood,0.0
634,kg_cotton,20625000.0
634,m² land,0.0
634,kWh energy,8557614.903401807
635,m3_wood,0.0
635,kg_cotton,20790000.0
635,m² land,0.0
635,kWh energy,8650433.645943115
636,m3_wood,0.0
636,kg_cotton,21532500.0
636,m² land,0.0
636,kWh energy,8930934.18260817
637,m3_wood,0.0
637,kg_cotton,21945000.0
637,m² land,0.0
637,kWh energy,9155581.549480967
638,m3_wood,0.0
638,kg_cotton,21697500.0
638,m² land,0.0
638,kWh energy,9010866.64623682
639,m3_wood,0.0
639,kg_cotton,21450000.0
639,m² land,0.0
639,kWh energy,8885933.771289265
640,m3_wood,0.0
640,kg_cotton,21285000.0
640,m² land,0.0
640,kWh energy,8793257.186393136
641,m3_wood,0.0
641,kg_cotton,21202500.0
641,m² land,1.8265793387782878
641,kWh energy,8730225.1858833
642,m3_wood,0.0
642,kg_cotton,21945000.0
642,m² land,0.0
642,kWh energy,8997537.324613668
643,m3_wood,0.0
643,kg_cotton,23677500.0
643,m² land,0.0
643,kWh energy,9587649.322143411
644,m3_wood,0.0
644,kg_cotton,23430000.0
644,m² land,0.0
644,kWh energy,9503779.625577712
645,m3_wood,0.0
645,kg_cotton,24502500.0
645,m² land,0.0
645,kWh energy,9878604.02983786
646,m3_wood,0.0
646,kg_cotton,23512500.0
646,m² land,0.0
646,kWh energy,9482909.558865422
647,m3_wood,24128.0
647,kg_cotton,23512500.0
647,m² land,0.0
647,kWh energy,9514472.737247275
648,m3_wood,0.0
648,kg_cotton,24667500.0
648,m² land,0.0
648,kWh energy,9891151.092765186
649,m3_wood,0.0
649,kg_cotton,26070000.0
649,m² land,0.0
649,kWh energy,10422043.473315902
650,m3_wood,20272.0
650,kg_cotton,26070000.0
650,m² land,0.0
650,kWh energy,10397392.982410328
651,m3_wood,0.0
651,kg_cotton,26895000.0
651,m² land,0.0
651,kWh energy,10689199.214621413
652,m3_wood,0.0
652,kg_cotton,27885000.0
652,m² land,0.0
652,kWh energy,10988217.923335534
653,m3_wood,0.0
653,kg_cotton,28792500.0
653,m² land,0.0
653,kWh energy,11329905.665150875
654,m3_wood,0.0
654,kg_cotton,29205000.0
654,m² land,0.0
654,kWh energy,11529741.42995836
655,m3_wood,0.0
655,kg_cotton,30195000.0
655,m² land,0.0
655,kWh energy,11907954.854445359
656,m3_wood,8128.0
656,kg_cotton,30690000.0
656,m² land,0.0
656,kWh energy,12075577.361284314
657,m3_wood,0.0
657,kg_cotton,30607500.0
657,m² land,0.0
657,kWh energy,12043731.743286958
658,m3_wood,0.0
658,kg_cotton,32010000.0
658,m² land,0.0
658,kWh energy,12564616.668788612
659,m3_wood,0.0
659,kg_cotton,32587500.0
659,m² land,0.0
659,kWh energy,12774921.66704299
660,m3_wood,0.0
660,kg_cotton,33742500.0
660,m² land,0.0
660,kWh energy,13218417.064253049
661,m3_wood,0.0
661,kg_cotton,35805000.0
661,m² land,0.0
661,kWh energy,13929646.443567965
662,m3_wood,0.0
662,kg_cotton,37125000.0
662,m² land,0.0
662,kWh energy,14394468.916579736
663,m3_wood,44112.0
663,kg_cotton,38445000.0
663,m² land,0.0
663,kWh energy,14885815.523733377
664,m3_wood,0.0
664,kg_cotton,40507500.0
664,m² land,0.0
664,kWh energy,15606022.79690065
665,m3_wood,0.0
665,kg_cotton,42900000.0
665,m² land,0.0
665,kWh energy,16492578.059232876
666,m3_wood,0.0
666,kg_cotton,44632500.0
666,m² land,0.0
666,kWh energy,17117041.58127926
667,m3_wood,0.0
667,kg_cotton,47190000.0
667,m² land,0.0
667,kWh energy,18034393.46743313
668,m3_wood,0.0
668,kg_cotton,49335000.0
668,m² land,0.0
668,kWh energy,18813350.712813646
669,m3_wood,0.0
669,kg_cotton,50160000.0
669,m² land,0.0
669,kWh energy,19093370.61431217
670,m3_wood,0.0
670,kg_cotton,52305000.0
670,m² land,0.0
670,kWh energy,19864147.795018386
671,m3_wood,0.0
671,kg_cotton,53790000.0
671,m² land,0.0
671,kWh energy,20375684.759955414
672,m3_wood,0.0
672,kg_cotton,57420000.0
672,m² land,0.0
672,kWh energy,21728529.357578706
673,m3_wood,18112.0
673,kg_cotton,59400000.0
673,m² land,0.0
673,kWh energy,22435767.80861799
674,m3_wood,0.0
674,kg_cotton,61627500.0
674,m² land,0.0
674,kWh energy,23222929.65156156
675,m3_wood,0.0
675,kg_cotton,63442500.0
675,m² land,0.0
675,kWh energy,23890444.12763232
676,m3_wood,0.0
676,kg_cotton,65752500.0
676,m² land,0.0
676,kWh energy,24724891.575396497
677,m3_wood,0.0
677,kg_cotton,67897500.0
677,m² land,0.0
677,kWh energy,25474350.836199205
678,m3_wood,0.0
678,kg_cotton,69547500.0
678,m² land,0.0
678,kWh energy,26061017.008531947
679,m3_wood,0.0
679,kg_cotton,70867500.0
679,m² land,0.0
679,kWh energy,26546589.042438045
680,m3_wood,0.0
680,kg_cotton,70125000.0
680,m² land,0.0
680,kWh energy,26304455.818599094
681,m3_wood,0.0
681,kg_cotton,70207500.0
681,m² land,0.0
681,kWh energy,26332619.356499955
682,m3_wood,0.0
682,kg_cotton,70785000.0
682,m² land,0.0
682,kWh energy,26499710.68546688
683,m3_wood,0.0
683,kg_cotton,71032500.0
683,m² land,0.0
683,kWh energy,26614551.95804677
684,m3_wood,0.0
684,kg_cotton,71940000.0
684,m² land,0.0
684,kWh energy,26959028.045996897
685,m3_wood,0.0
685,kg_cotton,73590000.0
685,m² land,0.0
685,kWh energy,27579592.24213533
686,m3_wood,0.0
686,kg_cotton,70950000.0
686,m² land,0.0
686,kWh energy,26635605.242066424
687,m3_wood,0.0
687,kg_cotton,70702500.0
687,m² land,0.0
687,kWh energy,26545996.60486057
688,m3_wood,0.0
688,kg_cotton,69465000.0
688,m² land,0.0
688,kWh energy,26041068.277129397
689,m3_wood,0.0
689,kg_cotton,69382500.0
689,m² land,0.0
689,kWh energy,26035969.933032617
690,m3_wood,0.0
690,kg_cotton,68475000.0
690,m² land,0.0
690,kWh energy,25754150.653826263
691,m3_wood,0.0
691,kg_cotton,68970000.0
691,m² land,0.0
691,kWh energy,25947208.84507248
692,m3_wood,0.0
692,kg_cotton,67897500.0
692,m² land,0.0
692,kWh energy,25540957.102237493
693,m3_wood,0.0
693,kg_cotton,67485000.0
693,m² land,0.0
693,kWh energy,25359235.05851732
694,m3_wood,0.0
694,kg_cotton,69712500.0
694,m² land,0.0
694,kWh energy,26104902.082088187
695,m3_wood,0.0
695,kg_cotton,68145000.0
695,m² land,0.0
695,kWh energy,25513565.73944334
696,m3_wood,0.0
696,kg_cotton,67072500.0
696,m² land,0.0
696,kWh energy,25105934.035533864
697,m3_wood,0.0
697,kg_cotton,66990000.0
697,m² land,0.0
697,kWh energy,25118924.153743677
698,m3_wood,0.0
698,kg_cotton,67320000.0
698,m² land,0.0
698,kWh energy,25239783.64137413
699,m3_wood,0.0
699,kg_cotton,65835000.0
699,m² land,0.0
699,kWh energy,24737341.444009915
700,m3_wood,0.0
700,kg_cotton,64597500.0
700,m² land,0.0
700,kWh energy,24264683.646109868
701,m3_wood,0.0
701,kg_cotton,62287500.0
701,m² land,0.0
701,kWh energy,23426924.59628037
702,m3_wood,0.0
702,kg_cotton,61875000.0
702,m² land,0.0
702,kWh energy,23288049.787232913
703,m3_wood,0.0
703,kg_cotton,61710000.0
703,m² land,0.0
703,kWh energy,23223523.69324236
704,m3_wood,0.0
704,kg_cotton,61792500.0
704,m² land,0.0
704,kWh energy,23242404.06563575
705,m3_wood,68496.0
705,kg_cotton,62122500.0
705,m² land,0.0
705,kWh energy,23362082.61038056
706,m3_wood,0.0
706,kg_cotton,60885000.0
706,m² land,0.0
706,kWh energy,22902477.383180242
707,m3_wood,0.0
707,kg_cotton,59400000.0
707,m² land,0.0
707,kWh energy,22338781.58150522
708,m3_wood,0.0
708,kg_cotton,57420000.0
708,m² land,0.0
708,kWh energy,21624199.93920969
709,m3_wood,0.0
709,kg_cotton,56512500.0
709,m² land,0.0
709,kWh energy,21312885.84063064
710,m3_wood,0.0
710,kg_cotton,55027500.0
710,m² land,0.0
710,kWh energy,20737049.909304682
711,m3_wood,0.0
711,kg_cotton,54037500.0
711,m² land,0.0
711,kWh energy,20374210.12805398
712,m3_wood,0.0
712,kg_cotton,52800000.0
712,m² land,0.0
712,kWh energy,19986140.77988854
713,m3_wood,0.0
713,kg_cotton,51810000.0
713,m² land,0.0
713,kWh energy,19608167.445824604
714,m3_wood,0.0
714,kg_cotton,49335000.0
714,m² land,0.0
714,kWh energy,18714689.60165392
715,m3_wood,0.0
715,kg_cotton,47272500.0
715,m² land,0.0
715,kWh energy,17969425.46794298
716,m3_wood,147200.0
716,kg_cotton,44137500.0
716,m² land,0.0
716,kWh energy,16871488.57066033
717,m3_wood,0.0
717,kg_cotton,42157500.0
717,m² land,0.0
717,kWh energy,16199683.788606089
718,m3_wood,0.0
718,kg_cotton,38445000.0
718,m² land,0.0
718,kWh energy,14849227.073998777
719,m3_wood,0.0
719,kg_cotton,36712500.0
719,m² land,0.0
719,kWh energy,14203688.875105048
720,m3_wood,0.0
720,kg_cotton,35557500.0
720,m² land,0.0
720,kWh energy,13827506.217171174
721,m3_wood,6256.0
721,kg_cotton,34732500.0
721,m² land,0.0
721,kWh energy,13532982.013256676
722,m3_wood,0.0
722,kg_cotton,33165000.0
722,m² land,0.0
722,kWh energy,12953995.179706244
723,m3_wood,2832.0
723,kg_cotton,33412500.0
723,m² land,0.0
723,kWh energy,13090826.969242828
724,m3_wood,0.0
724,kg_cotton,31432500.0
724,m² land,0.0
724,kWh energy,12357156.877212696
725,m3_wood,0.0
725,kg_cotton,30607500.0
725,m² land,0.0
725,kWh energy,12065539.042936293
726,m3_wood,0.0
726,kg_cotton,29865000.0
726,m² land,0.0
726,kWh energy,11799478.48052247
727,m3_wood,0.0
727,kg_cotton,28875000.0
727,m² land,0.0
727,kWh energy,11465038.751071677
728,m3_wood,0.0
728,kg_cotton,29040000.0
728,m² land,0.0
728,kWh energy,11541675.41351648
729,m3_wood,0.0
729,kg_cotton,27802500.0
729,m² land,0.0
729,kWh energy,11088567.021111049
730,m3_wood,21872.0
730,kg_cotton,26400000.0
730,m² land,0.0
730,kWh energy,10546761.074872715
731,m3_wood,13744.0
731,kg_cotton,26400000.0
731,m² land,0.0
731,kWh energy,10549070.389944265
732,m3_wood,0.0
732,kg_cotton,26317500.0
732,m² land,0.0
732,kWh energy,10565099.552394075
733,m3_wood,0.0
733,kg_cotton,26400000.0
733,m² land,0.0
733,kWh energy,10615633.56832612
734,m3_wood,0.0
734,kg_cotton,27307500.0
734,m² land,0.0
734,kWh energy,10929314.992303284
735,m3_wood,0.0
735,kg_cotton,27967500.0
735,m² land,0.0
735,kWh energy,11147957.275294611
736,m3_wood,0.0
736,kg_cotton,28957500.0
736,m² land,0.0
736,kWh energy,11440064.433743322
737,m3_wood,0.0
737,kg_cotton,29287500.0
737,m² land,0.0
737,kWh energy,11547966.130818855
738,m3_wood,0.0
738,kg_cotton,30030000.0
738,m² land,0.0
738,kWh energy,11750202.455491
739,m3_wood,0.0
739,kg_cotton,29452500.0
739,m² land,0.0
739,kWh energy,11532242.663915083
740,m3_wood,0.0
740,kg_cotton,29040000.0
740,m² land,0.0
740,kWh energy,11364620.568395026
741,m3_wood,0.0
741,kg_cotton,29122500.0
741,m² land,0.0
741,kWh energy,11412114.66187575
742,m3_wood,0.0
742,kg_cotton,30442500.0
742,m² land,0.0
742,kWh energy,11969387.729392905
743,m3_wood,0.0
743,kg_cotton,29782500.0
743,m² land,0.0
743,kWh energy,11723921.208659898
744,m3_wood,0.0
744,kg_cotton,29205000.0
744,m² land,0.0
744,kWh energy,11556521.442832746
745,m3_wood,0.0
745,kg_cotton,29287500.0
745,m² land,0.0
745,kWh energy,11560703.934248151
746,m3_wood,0.0
746,kg_cotton,27967500.0
746,m² land,0.0
746,kWh energy,11055781.51303629
747,m3_wood,0.0
747,kg_cotton,28215000.0
747,m² land,0.0
747,kWh energy,11204983.780604072
748,m3_wood,0.0
748,kg_cotton,27967500.0
748,m² land,0.0
748,kWh energy,11148656.293483453
749,m3_wood,0.0
749,kg_cotton,27967500.0
749,m² land,0.0
749,kWh energy,11140175.246998012
750,m3_wood,0.0
750,kg_cotton,27967500.0
750,m² land,0.0
750,kWh energy,11214469.910970986
751,m3_wood,0.0
751,kg_cotton,27885000.0
751,m² land,0.0
751,kWh energy,11140849.460726552
752,m3_wood,0.0
752,kg_cotton,27720000.0
752,m² land,0.0
752,kWh energy,11114698.147183163
753,m3_wood,0.0
753,kg_cotton,28875000.0
753,m² land,0.0
753,kWh energy,11532189.241977254
754,m3_wood,0.0
754,kg_cotton,28545000.0
754,m² land,0.0
754,kWh energy,11372454.973899642
755,m3_wood,7504.0
755,kg_cotton,28957500.0
755,m² land,0.0
755,kWh energy,11482158.06410523
756,m3_wood,0.0
756,kg_cotton,29947500.0
756,m² land,0.0
756,kWh energy,11832827.263724927
757,m3_wood,0.0
757,kg_cotton,29782500.0
757,m² land,0.0
757,kWh energy,11822237.991352515
758,m3_wood,1872.0
758,kg_cotton,30195000.0
758,m² land,0.0
758,kWh energy,11928628.601281462
759,m3_wood,0.0
759,kg_cotton,27967500.0
759,m² land,0.0
759,kWh energy,11084413.050427312
760,m3_wood,0.0
760,kg_cotton,28462500.0
760,m² land,0.0
760,kWh energy,11268821.887978842
761,m3_wood,0.0
761,kg_cotton,28710000.0
761,m² land,0.0
761,kWh energy,11336379.982479226
762,m3_wood,289312.0
762,kg_cotton,29040000.0
762,m² land,0.0
762,kWh energy,11491107.932718651
763,m3_wood,0.0
763,kg_cotton,31020000.0
763,m² land,0.0
763,kWh energy,12231616.913589057
764,m3_wood,0.0
764,kg_cotton,32010000.0
764,m² land,4.570100503846334
764,kWh energy,12574298.748885114
765,m3_wood,0.0
765,kg_cotton,31597500.0
765,m² land,0.0
765,kWh energy,12432682.97120325
766,m3_wood,0.0
766,kg_cotton,32917500.0
766,m² land,0.0
766,kWh energy,12869698.144565687
767,m3_wood,0.0
767,kg_cotton,34815000.0
767,m² land,0.0
767,kWh energy,13513944.517546473
768,m3_wood,0.0
768,kg_cotton,34897500.0
768,m² land,0.0
768,kWh energy,13522301.893008858
769,m3_wood,0.0
769,kg_cotton,36547500.0
769,m² land,0.0
769,kWh energy,14099751.230849097
770,m3_wood,0.0
770,kg_cotton,38940000.0
770,m² land,0.0
770,kWh energy,14969325.44669587
771,m3_wood,0.0
771,kg_cotton,41332500.0
771,m² land,0.0
771,kWh energy,15816322.711273547
772,m3_wood,0.0
772,kg_cotton,43147500.0
772,m² land,0.0
772,kWh energy,16471330.869506136
773,m3_wood,0.0
773,kg_cotton,44385000.0
773,m² land,0.0
773,kWh energy,16908769.817491442
774,m3_wood,108064.0
774,kg_cotton,46942500.0
774,m² land,0.0
774,kWh energy,17837482.71120525
775,m3_wood,2512.0
775,kg_cotton,50490000.0
775,m² land,0.0
775,kWh energy,19117302.763367757
776,m3_wood,31872.0
776,kg_cotton,49747500.0
776,m² land,0.0
776,kWh energy,18872886.374021314
777,m3_wood,0.0
777,kg_cotton,49747500.0
777,m² land,0.0
777,kWh energy,18924716.929601192
778,m3_wood,0.0
778,kg_cotton,51727500.0
778,m² land,0.0
778,kWh energy,19612313.222995307
779,m3_wood,0.0
779,kg_cotton,53790000.0
779,m² land,0.0
779,kWh energy,20347803.661670055
780,m3_wood,0.0
780,kg_cotton,53625000.0
780,m² land,0.0
780,kWh energy,20259687.1025227
781,m3_wood,0.0
781,kg_cotton,54697500.0
781,m² land,0.0
781,kWh energy,20645076.700586904
782,m3_wood,0.0
782,kg_cotton,58327500.0
782,m² land,0.0
782,kWh energy,21965979.295964733
783,m3_wood,0.0
783,kg_cotton,58162500.0
783,m² land,0.0
783,kWh energy,21860861.587034475
784,m3_wood,0.0
784,kg_cotton,57832500.0
784,m² land,0.0
784,kWh energy,21778925.148134932
785,m3_wood,0.0
785,kg_cotton,58492500.0
785,m² land,0.0
785,kWh energy,21972562.250498954
786,m3_wood,0.0
786,kg_cotton,57337500.0
786,m² land,0.0
786,kWh energy,21570588.972008534
787,m3_wood,0.0
787,kg_cotton,57832500.0
787,m² land,0.0
787,kWh energy,21718529.39875101
788,m3_wood,0.0
788,kg_cotton,57502500.0
788,m² land,0.0
788,kWh energy,21615372.960153833
789,m3_wood,0.0
789,kg_cotton,58162500.0
789,m² land,0.0
789,kWh energy,21920027.87882153
790,m3_wood,8880.0
790,kg_cotton,57337500.0
790,m² land,0.0
790,kWh energy,21657479.54076518
791,m3_wood,172752.0
791,kg_cotton,57750000.0
791,m² land,0.0
791,kWh energy,21789369.013483223
792,m3_wood,0.0
792,kg_cotton,58080000.0
792,m² land,0.0
792,kWh energy,21869760.09030461
793,m3_wood,0.0
793,kg_cotton,57750000.0
793,m² land,0.0
793,kWh energy,21758632.088265277
794,m3_wood,0.0
794,kg_cotton,55522500.0
794,m² land,0.0
794,kWh energy,20937958.746856216
795,m3_wood,0.0
795,kg_cotton,57090000.0
795,m² land,0.0
795,kWh energy,21526382.402024787
796,m3_wood,0.0
796,kg_cotton,57090000.0
796,m² land,0.0
796,kWh energy,21497622.479875837
797,m3_wood,0.0
797,kg_cotton,56017500.0
797,m² land,0.0
797,kWh energy,21126220.246135265
798,m3_wood,0.0
798,kg_cotton,57172500.0
798,m² land,0.0
798,kWh energy,21563597.619842008
799,m3_wood,91952.0
799,kg_cotton,58327500.0
799,m² land,0.0
799,kWh energy,22028761.324261326
800,m3_wood,183376.0
800,kg_cotton,58080000.0
800,m² land,0.0
800,kWh energy,21900791.679495532
801,m3_wood,0.0
801,kg_cotton,58657500.0
801,m² land,0.0
801,kWh energy,22108725.062507857
802,m3_wood,0.0
802,kg_cotton,57997500.0
802,m² land,0.0
802,kWh energy,21798514.420507353
803,m3_wood,0.0
803,kg_cotton,58162500.0
803,m² land,0.0
803,kWh energy,21853682.672143076
804,m3_wood,0.0
804,kg_cotton,58575000.0
804,m² land,0.0
804,kWh energy,22053732.106237985
805,m3_wood,0.0
805,kg_cotton,57997500.0
805,m² land,0.0
805,kWh energy,21837482.831316415
806,m3_wood,0.0
806,kg_cotton,57255000.0
806,m² land,0.0
806,kWh energy,21555409.633226234
807,m3_wood,23728.0
807,kg_cotton,56595000.0
807,m² land,0.0
807,kWh energy,21328667.402034808
808,m3_wood,0.0
808,kg_cotton,53872500.0
808,m² land,0.0
808,kWh energy,20348159.89992157
809,m3_wood,0.0
809,kg_cotton,52965000.0
809,m² land,0.0
809,kWh energy,19986110.013335425
810,m3_wood,0.0
810,kg_cotton,53872500.0
810,m² land,0.0
810,kWh energy,20300191.4891125
811,m3_wood,0.0
811,kg_cotton,52635000.0
811,m² land,0.0
811,kWh energy,19847894.698772382
812,m3_wood,0.0
812,kg_cotton,53625000.0
812,m² land,0.0
812,kWh energy,20183853.38173774
813,m3_wood,0.0
813,kg_cotton,52470000.0
813,m² land,0.0
813,kWh energy,19831900.193972748
814,m3_wood,0.0
814,kg_cotton,50242500.0
814,m² land,0.0
814,kWh energy,19031021.516536642
815,m3_wood,0.0
815,kg_cotton,49500000.0
815,m² land,0.0
815,kWh energy,18784227.194109973
816,m3_wood,0.0
816,kg_cotton,46530000.0
816,m² land,0.0
816,kWh energy,17714150.099030837
817,m3_wood,0.0
817,kg_cotton,45540000.0
817,m² land,0.0
817,kWh energy,17339974.581572965
818,m3_wood,0.0
818,kg_cotton,43395000.0
818,m² land,0.0
818,kWh energy,16552195.892131727
819,m3_wood,0.0
819,kg_cotton,41002500.0
819,m² land,0.0
819,kWh energy,15697333.701674303
820,m3_wood,0.0
820,kg_cotton,37785000.0
820,m² land,0.0
820,kWh energy,14528217.465609353
821,m3_wood,0.0
821,kg_cotton,36795000.0
821,m² land,0.0
821,kWh energy,14138902.955711382
822,m3_wood,0.0
822,kg_cotton,35970000.0
822,m² land,0.0
822,kWh energy,13864776.788174585
823,m3_wood,0.0
823,kg_cotton,33825000.0
823,m² land,0.0
823,kWh energy,13066637.462697571
824,m3_wood,0.0
824,kg_cotton,31927500.0
824,m² land,0.0
824,kWh energy,12382298.337566204
825,m3_wood,0.0
825,kg_cotton,31515000.0
825,m² land,0.0
825,kWh energy,12317982.663484156
826,m3_wood,0.0
826,kg_cotton,30855000.0
826,m² land,0.0
826,kWh energy,12143402.421663808
827,m3_wood,0.0
827,kg_cotton,30030000.0
827,m² land,0.0
827,kWh energy,11805227.726843745
828,m3_wood,0.0
828,kg_cotton,29287500.0
828,m² land,0.0
828,kWh energy,11522040.807666214
829,m3_wood,0.0
829,kg_cotton,28545000.0
829,m² land,0.0
829,kWh energy,11230428.565336024
830,m3_wood,0.0
830,kg_cotton,28050000.0
830,m² land,0.0
830,kWh energy,11096907.143908035
831,m3_wood,0.0
831,kg_cotton,26730000.0
831,m² land,0.0
831,kWh energy,10659565.717381705
832,m3_wood,0.0
832,kg_cotton,25905000.0
832,m² land,0.0
832,kWh energy,10354341.61706703
833,m3_wood,0.0
833,kg_cotton,24997500.0
833,m² land,0.0
833,kWh energy,9996408.616773324
834,m3_wood,149360.0
834,kg_cotton,23430000.0
834,m² land,0.0
834,kWh energy,9497797.441881394
835,m3_wood,29392.0
835,kg_cotton,22935000.0
835,m² land,0.0
835,kWh energy,9283231.79558611
836,m3_wood,66240.0
836,kg_cotton,21780000.0
836,m² land,0.0
836,kWh energy,8835316.514850238
837,m3_wood,0.0
837,kg_cotton,20790000.0
837,m² land,0.0
837,kWh energy,8419958.917295855
838,m3_wood,0.0
838,kg_cotton,21697500.0
838,m² land,0.0
838,kWh energy,8762966.594436908
839,m3_wood,0.0
839,kg_cotton,22605000.0
839,m² land,0.0
839,kWh energy,9102116.429223143
840,m3_wood,0.0
840,kg_cotton,22192500.0
840,m² land,0.0
840,kWh energy,8969963.881723037
841,m3_wood,0.0
841,kg_cotton,22687500.0
841,m² land,0.0
841,kWh energy,9154535.845856514
842,m3_wood,0.0
842,kg_cotton,22687500.0
842,m² land,0.0
842,kWh energy,9172942.215494607
843,m3_wood,0.0
843,kg_cotton,23760000.0
843,m² land,0.0
843,kWh energy,9531431.761758918
844,m3_wood,0.0
844,kg_cotton,24255000.0
844,m² land,0.0
844,kWh energy,9733872.188501373
845,m3_wood,0.0
845,kg_cotton,23842500.0
845,m² land,0.0
845,kWh energy,9530832.224877726
846,m3_wood,0.0
846,kg_cotton,24337500.0
846,m² land,0.0
846,kWh energy,9697567.315593151
847,m3_wood,0.0
847,kg_cotton,24420000.0
847,m² land,0.0
847,kWh energy,9717668.812323024
848,m3_wood,0.0
848,kg_cotton,25657500.0
848,m² land,0.0
848,kWh energy,10134503.509692261
849,m3_wood,0.0
849,kg_cotton,24502500.0
849,m² land,0.0
849,kWh energy,9708194.494994674
850,m3_wood,0.0
850,kg_cotton,22852500.0
850,m² land,0.0
850,kWh energy,9104813.51616361
851,m3_wood,0.0
851,kg_cotton,21202500.0
851,m² land,0.0
851,kWh energy,8487856.72327432
852,m3_wood,0.0
852,kg_cotton,20872500.0
852,m² land,0.0
852,kWh energy,8322867.713675065
853,m3_wood,0.0
853,kg_cotton,20707500.0
853,m² land,0.0
853,kWh energy,8263854.2553608855
854,m3_wood,117456.0
854,kg_cotton,20130000.0
854,m² land,0.0
854,kWh energy,8080149.205306607
855,m3_wood,0.0
855,kg_cotton,19387500.0
855,m² land,0.0
855,kWh energy,7815180.257832475
856,m3_wood,0.0
856,kg_cotton,19305000.0
856,m² land,0.0
856,kWh energy,7854811.383904592
857,m3_wood,0.0
857,kg_cotton,19965000.0
857,m² land,0.0
857,kWh energy,8100154.700506981
858,m3_wood,0.0
858,kg_cotton,21037500.0
858,m² land,0.0
858,kWh energy,8531893.80766562
859,m3_wood,0.0
859,kg_cotton,21202500.0
859,m² land,0.0
859,kWh energy,8547649.371825073
860,m3_wood,0.0
860,kg_cotton,22027500.0
860,m² land,0.0
860,kWh energy,8877249.389797792
861,m3_wood,0.0
861,kg_cotton,22192500.0
861,m² land,0.0
861,kWh energy,8949633.32614317
862,m3_wood,0.0
862,kg_cotton,22852500.0
862,m² land,0.0
862,kWh energy,9229357.741030907
863,m3_wood,0.0
863,kg_cotton,24007500.0
863,m² land,0.0
863,kWh energy,9582090.941670269
864,m3_wood,0.0
864,kg_cotton,24997500.0
864,m² land,0.0
864,kWh energy,9970329.637510004
865,m3_wood,0.0
865,kg_cotton,26235000.0
865,m² land,0.0
865,kWh energy,10380893.80504814
866,m3_wood,0.0
866,kg_cotton,25575000.0
866,m² land,0.0
866,kWh energy,10138889.377286015
867,m3_wood,0.0
867,kg_cotton,27390000.0
867,m² land,0.0
867,kWh energy,10795239.589563964
868,m3_wood,0.0
868,kg_cotton,28297500.0
868,m² land,0.0
868,kWh energy,11076003.145437531
869,m3_wood,0.0
869,kg_cotton,28710000.0
869,m² land,0.0
869,kWh energy,11249943.16086108
870,m3_wood,0.0
870,kg_cotton,30360000.0
870,m² land,0.0
870,kWh energy,11834012.537626838
871,m3_wood,0.0
871,kg_cotton,31515000.0
871,m² land,0.0
871,kWh energy,12255226.784751642
872,m3_wood,0.0
872,kg_cotton,33000000.0
872,m² land,0.0
872,kWh energy,12783106.940944893
873,m3_wood,4384.0
873,kg_cotton,33495000.0
873,m² land,0.0
873,kWh energy,12905134.680211075
874,m3_wood,1872.0
874,kg_cotton,35887500.0
874,m² land,0.0
874,kWh energy,13788621.58353413
875,m3_wood,0.0
875,kg_cotton,37042500.0
875,m² land,0.0
875,kWh energy,14181955.869584462
876,m3_wood,0.0
876,kg_cotton,38115000.0
876,m² land,0.0
876,kWh energy,14544332.831972307
877,m3_wood,33712.0
877,kg_cotton,40260000.0
877,m² land,0.0
877,kWh energy,15345760.503584113
878,m3_wood,0.0
878,kg_cotton,41002500.0
878,m² land,0.0
878,kWh energy,15649947.422761638
879,m3_wood,0.0
879,kg_cotton,42075000.0
879,m² land,0.0
879,kWh energy,16001192.847758468
880,m3_wood,15632.0
880,kg_cotton,44220000.0
880,m² land,0.0
880,kWh energy,16733507.9354938
881,m3_wood,1872.0
881,kg_cotton,47932500.0
881,m² land,0.0
881,kWh energy,18046567.750934295
882,m3_wood,0.0
882,kg_cotton,49087500.0
882,m² land,0.0
882,kWh energy,18489687.230486315
883,m3_wood,0.0
883,kg_cotton,48675000.0
883,m² land,0.0
883,kWh energy,18385458.868927985
884,m3_wood,0.0
884,kg_cotton,49087500.0
884,m² land,0.0
884,kWh energy,18507424.155704286
885,m3_wood,0.0
885,kg_cotton,50820000.0
885,m² land,0.0
885,kWh energy,19171745.52010549
886,m3_wood,0.0
886,kg_cotton,50325000.0
886,m² land,0.0
886,kWh energy,18960648.28461927
887,m3_wood,0.0
887,kg_cotton,50902500.0
887,m² land,0.0
887,kWh energy,19239331.228525896
888,m3_wood,0.0
888,kg_cotton,50655000.0
888,m² land,0.0
888,kWh energy,19112074.115836665
889,m3_wood,0.0
889,kg_cotton,51480000.0
889,m² land,0.0
889,kWh energy,19441368.849582262
890,m3_wood,0.0
890,kg_cotton,51727500.0
890,m² land,0.0
890,kWh energy,19508770.13533887
891,m3_wood,0.0
891,kg_cotton,52882500.0
891,m² land,0.0
891,kWh energy,19978235.95878022
892,m3_wood,0.0
892,kg_cotton,54120000.0
892,m² land,0.0
892,kWh energy,20378431.663709372
893,m3_wood,0.0
893,kg_cotton,54697500.0
893,m² land,0.0
893,kWh energy,20584440.8607799
894,m3_wood,139376.0
894,kg_cotton,55440000.0
894,m² land,0.0
894,kWh energy,20830275.118229926
895,m3_wood,0.0
895,kg_cotton,55522500.0
895,m² land,0.0
895,kWh energy,20832773.50155461
896,m3_wood,0.0
896,kg_cotton,55440000.0
896,m² land,0.0
896,kWh energy,20800704.731226537
897,m3_wood,10992.0
897,kg_cotton,54202500.0
897,m² land,0.0
897,kWh energy,20444414.25872461
898,m3_wood,38128.0
898,kg_cotton,52552500.0
898,m² land,0.0
898,kWh energy,19811019.5070063
899,m3_wood,28752.0
899,kg_cotton,51810000.0
899,m² land,0.0
899,kWh energy,19552870.49485787
900,m3_wood,10000.0
900,kg_cotton,49500000.0
900,m² land,0.0
900,kWh energy,18672778.874026317
901,m3_wood,0.0
901,kg_cotton,48427500.0
901,m² land,0.0
901,kWh energy,18325646.032905955
902,m3_wood,0.0
902,kg_cotton,46612500.0
902,m² land,0.0
902,kWh energy,17669645.32972243
903,m3_wood,0.0
903,kg_cotton,44220000.0
903,m² land,0.0
903,kWh energy,16741007.935493803
904,m3_wood,0.0
904,kg_cotton,45705000.0
904,m² land,0.0
904,kWh energy,17294988.03988715
905,m3_wood,0.0
905,kg_cotton,46200000.0
905,m² land,0.0
905,kWh energy,17502915.830953233
906,m3_wood,0.0
906,kg_cotton,47602500.0
906,m² land,0.0
906,kWh energy,18068889.206189487
907,m3_wood,0.0
907,kg_cotton,46530000.0
907,m² land,0.0
907,kWh energy,17680531.197316196
908,m3_wood,142496.0
908,kg_cotton,46777500.0
908,m² land,0.0
908,kWh energy,17792752.41839853
909,m3_wood,0.0
909,kg_cotton,46447500.0
909,m² land,0.0
909,kWh energy,17590967.607615426
910,m3_wood,0.0
910,kg_cotton,47107500.0
910,m² land,0.0
910,kWh energy,17877470.89816668
911,m3_wood,0.0
911,kg_cotton,46200000.0
911,m² land,0.0
911,kWh energy,17511078.957535177
912,m3_wood,0.0
912,kg_cotton,45705000.0
912,m² land,0.0
912,kWh energy,17342831.231143385
913,m3_wood,0.0
913,kg_cotton,44880000.0
913,m² land,0.0
913,kWh energy,17041169.17199969
914,m3_wood,0.0
914,kg_cotton,44055000.0
914,m² land,0.0
914,kWh energy,16785356.621950414
915,m3_wood,0.0
915,kg_cotton,42652500.0
915,m² land,0.0
915,kWh energy,16281271.54104903
916,m3_wood,0.0
916,kg_cotton,41580000.0
916,m² land,0.0
916,kWh energy,15859076.658757688
917,m3_wood,0.0
917,kg_cotton,40342500.0
917,m² land,0.0
917,kWh energy,15393610.819334894
918,m3_wood,0.0
918,kg_cotton,38280000.0
918,m² land,0.0
918,kWh energy,14648428.422182899
919,m3_wood,0.0
919,kg_cotton,36795000.0
919,m² land,0.0
919,kWh energy,14070111.444371507
920,m3_wood,0.0
920,kg_cotton,34155000.0
920,m² land,0.0
920,kWh energy,13110252.82906053
921,m3_wood,0.0
921,kg_cotton,32257500.0
921,m² land,0.0
921,kWh energy,12403763.213023597
922,m3_wood,0.0
922,kg_cotton,30030000.0
922,m² land,0.0
922,kWh energy,11587390.853425685
923,m3_wood,0.0
923,kg_cotton,28297500.0
923,m² land,0.0
923,kWh energy,11008189.527950013
924,m3_wood,0.0
924,kg_cotton,27307500.0
924,m² land,0.0
924,kWh energy,10720145.547883155
925,m3_wood,0.0
925,kg_cotton,26070000.0
925,m² land,0.0
925,kWh energy,10234480.29493405
926,m3_wood,0.0
926,kg_cotton,25245000.0
926,m² land,0.0
926,kWh energy,9926786.646599421
927,m3_wood,13104.0
927,kg_cotton,23677500.0
927,m² land,0.0
927,kWh energy,9331431.350440005
928,m3_wood,0.0
928,kg_cotton,23265000.0
928,m² land,0.0
928,kWh energy,9191228.26023442
929,m3_wood,0.0
929,kg_cotton,21697500.0
929,m² land,0.0
929,kWh energy,8635536.09065695
930,m3_wood,0.0
930,kg_cotton,20047500.0
930,m² land,0.0
930,kWh energy,8056629.840473141
931,m3_wood,0.0
931,kg_cotton,20130000.0
931,m² land,0.0
931,kWh energy,8103611.2982774945
932,m3_wood,0.0
932,kg_cotton,18397500.0
932,m² land,0.0
932,kWh energy,7434242.543803896
933,m3_wood,0.0
933,kg_cotton,18892500.0
933,m² land,0.0
933,kWh energy,7632714.559737275
934,m3_wood,6880.0
934,kg_cotton,18480000.0
934,m² land,0.0
934,kWh energy,7468337.7226955835
935,m3_wood,0.0
935,kg_cotton,17407500.0
935,m² land,0.0
935,kWh energy,7152922.853278627
936,m3_wood,0.0
936,kg_cotton,17160000.0
936,m² land,0.0
936,kWh energy,7018845.805263681
937,m3_wood,0.0
937,kg_cotton,16995000.0
937,m² land,0.0
937,kWh energy,6957976.52001689
938,m3_wood,0.0
938,kg_cotton,16417500.0
938,m² land,0.0
938,kWh energy,6738652.568247964
939,m3_wood,0.0
939,kg_cotton,17160000.0
939,m² land,0.0
939,kWh energy,7047502.614007445
940,m3_wood,0.0
940,kg_cotton,17160000.0
940,m² land,0.0
940,kWh energy,7095496.296169259
941,m3_wood,0.0
941,kg_cotton,18232500.0
941,m² land,0.0
941,kWh energy,7471453.375031301
942,m3_wood,0.0
942,kg_cotton,18727500.0
942,m² land,0.0
942,kWh energy,7663395.817195972
943,m3_wood,0.0
943,kg_cotton,17985000.0
943,m² land,0.0
943,kWh energy,7413058.407112861
944,m3_wood,0.0
944,kg_cotton,18232500.0
944,m² land,0.0
944,kWh energy,7462116.501613247
945,m3_wood,0.0
945,kg_cotton,18150000.0
945,m² land,0.0
945,kWh energy,7434734.992008991
946,m3_wood,0.0
946,kg_cotton,17902500.0
946,m² land,0.0
946,kWh energy,7299702.168861349
947,m3_wood,0.0
947,kg_cotton,17902500.0
947,m² land,0.0
947,kWh energy,7222702.168861348
948,m3_wood,0.0
948,kg_cotton,18810000.0
948,m² land,0.0
948,kWh energy,7642415.182029435
949,m3_wood,0.0
949,kg_cotton,19305000.0
949,m² land,0.0
949,kWh energy,7828368.244448261
950,m3_wood,0.0
950,kg_cotton,20460000.0
950,m² land,0.0
950,kWh energy,8222626.716440365
951,m3_wood,0.0
951,kg_cotton,19305000.0
951,m² land,0.0
951,kWh energy,7798868.24444826
952,m3_wood,0.0
952,kg_cotton,19470000.0
952,m² land,0.0
952,kWh energy,7829406.974115186
953,m3_wood,0.0
953,kg_cotton,19305000.0
953,m² land,0.0
953,kWh energy,7734531.371030209
954,m3_wood,0.0
954,kg_cotton,19800000.0
954,m² land,0.0
954,kWh energy,7888122.288678243
955,m3_wood,0.0
955,kg_cotton,19552500.0
955,m² land,0.0
955,kWh energy,7850231.623175773
956,m3_wood,0.0
956,kg_cotton,19882500.0
956,m² land,0.0
956,kWh energy,7959440.619900642
957,m3_wood,108832.0
957,kg_cotton,20130000.0
957,m² land,0.0
957,kWh energy,8115225.01936483
958,m3_wood,177744.0
958,kg_cotton,20955000.0
958,m² land,0.0
958,kWh energy,8452418.66769946
959,m3_wood,8736.0
959,kg_cotton,20130000.0
959,m² land,0.0
959,kWh energy,8100225.019364832
960,m3_wood,0.0
960,kg_cotton,20542500.0
960,m² land,0.0
960,kWh energy,8261296.572179404
961,m3_wood,0.0
961,kg_cotton,21615000.0
961,m² land,0.0
961,kWh energy,8613073.586367156
962,m3_wood,0.0
962,kg_cotton,22935000.0
962,m² land,0.0
962,kWh energy,9067851.83451163
963,m3_wood,0.0
963,kg_cotton,24750000.0
963,m² land,0.0
963,kWh energy,9686646.32345678
964,m3_wood,0.0
964,kg_cotton,24997500.0
964,m² land,0.0
964,kWh energy,9785367.54453912
965,m3_wood,0.0
965,kg_cotton,24255000.0
965,m² land,0.0
965,kWh energy,9506667.989685219
966,m3_wood,0.0
966,kg_cotton,23842500.0
966,m² land,0.0
966,kWh energy,9368064.847679714
967,m3_wood,0.0
967,kg_cotton,24997500.0
967,m² land,0.0
967,kWh energy,9845160.193089869
968,m3_wood,0.0
968,kg_cotton,25410000.0
968,m² land,0.0
968,kWh energy,10005945.41519187
969,m3_wood,0.0
969,kg_cotton,24502500.0
969,m² land,0.0
969,kWh energy,9641226.0841856
970,m3_wood,0.0
970,kg_cotton,24255000.0
970,m² land,0.0
970,kWh energy,9568649.036170654
971,m3_wood,0.0
971,kg_cotton,24585000.0
971,m² land,0.0
971,kWh energy,9710044.415408
972,m3_wood,0.0
972,kg_cotton,25905000.0
972,m² land,0.0
972,kWh energy,10168023.697163533
973,m3_wood,26256.0
973,kg_cotton,27307500.0
973,m² land,0.0
973,kWh energy,10658564.553197611
974,m3_wood,0.0
974,kg_cotton,27802500.0
974,m² land,0.0
974,kWh energy,10825462.770494986
975,m3_wood,0.0
975,kg_cotton,29535000.0
975,m² land,0.0
975,kWh energy,11444212.623253932
976,m3_wood,0.0
976,kg_cotton,30525000.0
976,m² land,0.0
976,kWh energy,11803589.174322871
977,m3_wood,0.0
977,kg_cotton,31927500.0
977,m² land,0.0
977,kWh energy,12377918.376491735
978,m3_wood,0.0
978,kg_cotton,32257500.0
978,m² land,0.0
978,kWh energy,12523832.709243635
979,m3_wood,11536.0
979,kg_cotton,33825000.0
979,m² land,0.0
979,kWh energy,13069882.721175933
980,m3_wood,14992.0
980,kg_cotton,36217500.0
980,m² land,0.0
980,kWh energy,13890425.347831791
981,m3_wood,0.0
981,kg_cotton,38445000.0
981,m² land,0.0
981,kWh energy,14618359.748600671
982,m3_wood,0.0
982,kg_cotton,40012500.0
982,m² land,0.0
982,kWh energy,15237058.236016331
983,m3_wood,0.0
983,kg_cotton,40095000.0
983,m² land,0.0
983,kWh energy,15253102.872202529
984,m3_wood,0.0
984,kg_cotton,40507500.0
984,m² land,0.0
984,kWh energy,15367699.696369844
985,m3_wood,0.0
985,kg_cotton,41415000.0
985,m² land,0.0
985,kWh energy,15679082.153958067
986,m3_wood,0.0
986,kg_cotton,41250000.0
986,m² land,0.0
986,kWh energy,15643918.204738306
987,m3_wood,0.0
987,kg_cotton,40590000.0
987,m² land,0.0
987,kWh energy,15406693.789850568
988,m3_wood,0.0
988,kg_cotton,42652500.0
988,m² land,0.0
988,kWh energy,16165253.724745363
989,m3_wood,0.0
989,kg_cotton,42487500.0
989,m² land,0.0
989,kWh energy,16072233.948592989
990,m3_wood,0.0
990,kg_cotton,43147500.0
990,m² land,0.0
990,kWh energy,16299026.722489897
991,m3_wood,0.0
991,kg_cotton,40920000.0
991,m² land,0.0
991,kWh energy,15493902.786575435
992,m3_wood,0.0
992,kg_cotton,41085000.0
992,m² land,0.0
992,kWh energy,15535309.97885134
993,m3_wood,0.0
993,kg_cotton,41497500.0
993,m² land,0.0
993,kWh energy,15690614.154467903
994,m3_wood,0.0
994,kg_cotton,39847500.0
994,m² land,0.0
994,kWh energy,15062790.036180504
995,m3_wood,0.0
995,kg_cotton,38940000.0
995,m² land,0.0
995,kWh energy,14797674.955790298
996,m3_wood,0.0
996,kg_cotton,37042500.0
996,m² land,0.0
996,kWh energy,14127511.59291726
997,m3_wood,0.0
997,kg_cotton,35392500.0
997,m² land,0.0
997,kWh energy,13574219.063820798
998,m3_wood,0.0
998,kg_cotton,34402500.0
998,m² land,0.0
998,kWh energy,13226543.546362914
999,m3_wood,0.0
999,kg_cotton,33907500.0
999,m² land,0.0
999,kWh energy,13032395.76817121
1000,m3_wood,0.0
1000,kg_cotton,32835000.0
1000,m² land,0.0
1000,kWh energy,12674449.309563322
1001,m3_wood,0.0
1001,kg_cotton,32010000.0
1001,m² land,0.0
1001,kWh energy,12386768.296905065
1002,m3_wood,0.0
1002,kg_cotton,31927500.0
1002,m² land,0.0
1002,kWh energy,12336412.058653554
1003,m3_wood,0.0
1003,kg_cotton,33412500.0
1003,m² land,0.0
1003,kWh energy,12843390.147624684
1004,m3_wood,0.0
1004,kg_cotton,33000000.0
1004,m² land,0.0
1004,kWh energy,12719581.669592157
1005,m3_wood,0.0
1005,kg_cotton,33412500.0
1005,m² land,0.0
1005,kWh energy,12880591.181235746
1006,m3_wood,0.0
1006,kg_cotton,34237500.0
1006,m² land,0.0
1006,kWh energy,13239910.049123205
1007,m3_wood,0.0
1007,kg_cotton,33660000.0
1007,m² land,0.0
1007,kWh energy,12964325.037994452
1008,m3_wood,0.0
1008,kg_cotton,34897500.0
1008,m² land,0.0
1008,kWh energy,13460064.96779091
1009,m3_wood,0.0
1009,kg_cotton,34815000.0
1009,m² land,0.0
1009,kWh energy,13450825.615831826
1010,m3_wood,0.0
1010,kg_cotton,34237500.0
1010,m² land,0.0
1010,kWh energy,13235196.379835771
1011,m3_wood,0.0
1011,kg_cotton,36052500.0
1011,m² land,0.0
1011,kWh energy,13923291.850592079
1012,m3_wood,0.0
1012,kg_cotton,35475000.0
1012,m² land,0.0
1012,kWh energy,13629081.619910488
1013,m3_wood,0.0
1013,kg_cotton,36135000.0
1013,m² land,0.0
1013,kWh energy,13891893.347321954
1014,m3_wood,0.0
1014,kg_cotton,35062500.0
1014,m² land,0.0
1014,kWh energy,13463434.253037693
1015,m3_wood,0.0
1015,kg_cotton,34485000.0
1015,m² land,0.0
1015,kWh energy,13246054.008715129
1016,m3_wood,0.0
1016,kg_cotton,33165000.0
1016,m² land,0.0
1016,kWh energy,12725213.151409643
1017,m3_wood,0.0
1017,kg_cotton,31680000.0
1017,m² land,0.0
1017,kWh energy,12159385.553344093
1018,m3_wood,0.0
1018,kg_cotton,32257500.0
1018,m² land,0.0
1018,kWh energy,12342008.471501963
1019,m3_wood,0.0
1019,kg_cotton,32175000.0
1019,m² land,0.0
1019,kWh energy,12362982.788830312
1020,m3_wood,0.0
1020,kg_cotton,31432500.0
1020,m² land,0.0
1020,kWh energy,12123302.187490964
1021,m3_wood,7824.0
1021,kg_cotton,31515000.0
1021,m² land,0.0
1021,kWh energy,12186308.916648053
1022,m3_wood,0.0
1022,kg_cotton,30360000.0
1022,m² land,0.0
1022,kWh energy,11712050.444655951
1023,m3_wood,32512.0
1023,kg_cotton,29947500.0
1023,m² land,0.0
1023,kWh energy,11570081.843849909
1024,m3_wood,0.0
1024,kg_cotton,28792500.0
1024,m² land,0.0
1024,kWh energy,11149726.737687463
1025,m3_wood,0.0
1025,kg_cotton,27967500.0
1025,m² land,0.0
1025,kWh energy,10904344.691418149
1026,m3_wood,0.0
1026,kg_cotton,26317500.0
1026,m² land,0.0
1026,kWh energy,10314451.07691072
1027,m3_wood,0.0
1027,kg_cotton,25327500.0
1027,m² land,0.0
1027,kWh energy,9956187.109718235
1028,m3_wood,0.0
1028,kg_cotton,23430000.0
1028,m² land,0.0
1028,kWh energy,9273798.579092268
1029,m3_wood,0.0
1029,kg_cotton,20872500.0
1029,m² land,0.0
1029,kWh energy,8372880.349351434
1030,m3_wood,0.0
1030,kg_cotton,19305000.0
1030,m² land,0.0
1030,kWh energy,7761330.337419149
1031,m3_wood,5616.0
1031,kg_cotton,18562500.0
1031,m² land,0.0
1031,kWh energy,7461831.816176304
1032,m3_wood,0.0
1032,kg_cotton,18067500.0
1032,m² land,0.0
1032,kWh energy,7280565.136269951
1033,m3_wood,0.0
1033,kg_cotton,16665000.0
1033,m² land,0.0
1033,kWh energy,6769411.696359412
1034,m3_wood,0.0
1034,kg_cotton,15922500.0
1034,m² land,0.0
1034,kWh energy,6490061.6505999295
1035,m3_wood,0.0
1035,kg_cotton,16252500.0
1035,m² land,0.0
1035,kWh energy,6635795.918677542
1036,m3_wood,5616.0
1036,kg_cotton,16005000.0
1036,m² land,0.0
1036,kWh energy,6637905.253175072
1037,m3_wood,0.0
1037,kg_cotton,15262500.0
1037,m² land,0.0
1037,kWh energy,6334900.414094046
1038,m3_wood,0.0
1038,kg_cotton,15345000.0
1038,m² land,0.0
1038,kWh energy,6355070.269833085
1039,m3_wood,6224.0
1039,kg_cotton,15345000.0
1039,m² land,0.0
1039,kWh energy,6373269.2880219305
1040,m3_wood,0.0
1040,kg_cotton,16005000.0
1040,m² land,0.0
1040,kWh energy,6574593.651109763
1041,m3_wood,0.0
1041,kg_cotton,16912500.0
1041,m² land,0.0
1041,kWh energy,6930969.790859798
1042,m3_wood,0.0
1042,kg_cotton,17737500.0
1042,m² land,0.0
1042,kWh energy,7210125.53216531
1043,m3_wood,0.0
1043,kg_cotton,17242500.0
1043,m² land,0.0
1043,kWh energy,7042820.945229846
1044,m3_wood,11248.0
1044,kg_cotton,17737500.0
1044,m² land,0.0
1044,kWh energy,7193000.312612473
1045,m3_wood,0.0
1045,kg_cotton,18315000.0
1045,m² land,0.0
1045,kWh energy,7402298.993028658
1046,m3_wood,0.0
1046,kg_cotton,18480000.0
1046,m² land,0.0
1046,kWh energy,7437174.596113634
1047,m3_wood,0.0
1047,kg_cotton,18480000.0
1047,m² land,0.0
1047,kWh energy,7476011.469531688
1048,m3_wood,0.0
1048,kg_cotton,18645000.0
1048,m² land,0.0
1048,kWh energy,7565181.736589632
1049,m3_wood,0.0
1049,kg_cotton,20212500.0
1049,m² land,0.0
1049,kWh energy,8146219.112845552
1050,m3_wood,0.0
1050,kg_cotton,20707500.0
1050,m² land,0.0
1050,kWh energy,8300339.604262298
1051,m3_wood,0.0
1051,kg_cotton,22275000.0
1051,m² land,0.0
1051,kWh energy,8855864.344841849
1052,m3_wood,0.0
1052,kg_cotton,22770000.0
1052,m² land,0.0
1052,kWh energy,9079692.187707838
1053,m3_wood,0.0
1053,kg_cotton,24090000.0
1053,m² land,0.0
1053,kWh energy,9541654.531371033
1054,m3_wood,0.0
1054,kg_cotton,24667500.0
1054,m² land,0.0
1054,kWh energy,9785290.08520527
1055,m3_wood,0.0
1055,kg_cotton,24255000.0
1055,m² land,0.0
1055,kWh energy,9579030.134456007
1056,m3_wood,0.0
1056,kg_cotton,24090000.0
1056,m² land,0.0
1056,kWh energy,9525485.086950894
1057,m3_wood,0.0
1057,kg_cotton,25492500.0
1057,m² land,0.0
1057,kWh energy,10072542.460681122
1058,m3_wood,13104.0
1058,kg_cotton,25905000.0
1058,m² land,0.0
1058,kWh energy,10202904.795448886
1059,m3_wood,0.0
1059,kg_cotton,26977500.0
1059,m² land,0.0
1059,kWh energy,10557832.300542217
1060,m3_wood,0.0
1060,kg_cotton,26482500.0
1060,m² land,0.0
1060,kWh energy,10316178.204512326
1061,m3_wood,0.0
1061,kg_cotton,26317500.0
1061,m² land,0.0
1061,kWh energy,10260351.12871062
1062,m3_wood,0.0
1062,kg_cotton,26565000.0
1062,m² land,0.0
1062,kWh energy,10307059.714116585
1063,m3_wood,0.0
1063,kg_cotton,25492500.0
1063,m² land,0.0
1063,kWh energy,9892307.971281573
1064,m3_wood,0.0
1064,kg_cotton,25245000.0
1064,m² land,0.0
1064,kWh energy,9832894.049848577
1065,m3_wood,10960.0
1065,kg_cotton,23595000.0
1065,m² land,0.0
1065,kWh energy,9237812.037406452
1066,m3_wood,0.0
1066,kg_cotton,22935000.0
1066,m² land,0.0
1066,kWh energy,9092813.927482517
1067,m3_wood,0.0
1067,kg_cotton,23430000.0
1067,m² land,0.0
1067,kWh energy,9277411.162968738
1068,m3_wood,0.0
1068,kg_cotton,24172500.0
1068,m² land,0.0
1068,kWh energy,9515135.98917538
1069,m3_wood,0.0
1069,kg_cotton,24585000.0
1069,m² land,0.0
1069,kWh energy,9621270.720371807
1070,m3_wood,0.0
1070,kg_cotton,24420000.0
1070,m² land,0.0
1070,kWh energy,9562731.990704875
1071,m3_wood,0.0
1071,kg_cotton,24585000.0
1071,m² land,0.0
1071,kWh energy,9615270.720371805
1072,m3_wood,0.0
1072,kg_cotton,25410000.0
1072,m² land,0.0
1072,kWh energy,9912432.779515501
1073,m3_wood,608.0
1073,kg_cotton,25410000.0
1073,m² land,0.0
1073,kWh energy,9900413.826000946
1074,m3_wood,8128.0
1074,kg_cotton,24997500.0
1074,m² land,0.0
1074,kWh energy,9876867.544539116
1075,m3_wood,0.0
1075,kg_cotton,25987500.0
1075,m² land,0.0
1075,kWh energy,10216599.922540667
1076,m3_wood,11872.0
1076,kg_cotton,26647500.0
1076,m² land,0.0
1076,kWh energy,10438242.205531996
1077,m3_wood,0.0
1077,kg_cotton,27720000.0
1077,m² land,0.0
1077,kWh energy,10820962.35917608
1078,m3_wood,0.0
1078,kg_cotton,28545000.0
1078,m² land,0.0
1078,kWh energy,11142643.37183433
1079,m3_wood,0.0
1079,kg_cotton,28875000.0
1079,m² land,0.0
1079,kWh energy,11218400.895842468
1080,m3_wood,0.0
1080,kg_cotton,29452500.0
1080,m² land,0.0
1080,kWh energy,11420161.669229547
1081,m3_wood,0.0
1081,kg_cotton,28710000.0
1081,m² land,0.0
1081,kWh energy,11194862.16617555
1082,m3_wood,0.0
1082,kg_cotton,29535000.0
1082,m² land,0.0
1082,kWh energy,11520882.06767407
1083,m3_wood,0.0
1083,kg_cotton,30030000.0
1083,m² land,0.0
1083,kWh energy,11752922.44261662
1084,m3_wood,0.0
1084,kg_cotton,31762500.0
1084,m² land,0.0
1084,kWh energy,12384303.832766593
1085,m3_wood,0.0
1085,kg_cotton,32587500.0
1085,m² land,0.0
1085,kWh energy,12718453.256233921
1086,m3_wood,0.0
1086,kg_cotton,33247500.0
1086,m² land,0.0
1086,kWh energy,12897376.6893105
1087,m3_wood,0.0
1087,kg_cotton,33495000.0
1087,m² land,0.0
1087,kWh energy,12951697.858592927
1088,m3_wood,0.0
1088,kg_cotton,32175000.0
1088,m² land,0.0
1088,kWh energy,12436951.199639386
1089,m3_wood,0.0
1089,kg_cotton,32340000.0
1089,m² land,0.0
1089,kWh energy,12453833.120562552
1090,m3_wood,0.0
1090,kg_cotton,33412500.0
1090,m² land,0.0
1090,kWh energy,12837078.545559375
1091,m3_wood,0.0
1091,kg_cotton,34567500.0
1091,m² land,0.0
1091,kWh energy,13288186.5266459
1092,m3_wood,14080.0
1092,kg_cotton,34980000.0
1092,m² land,0.0
1092,kWh energy,13414389.616851497
1093,m3_wood,0.0
1093,kg_cotton,34072500.0
1093,m² land,0.0
1093,kWh energy,13052182.921521591
1094,m3_wood,0.0
1094,kg_cotton,34237500.0
1094,m² land,0.0
1094,kWh energy,13075410.049123203
1095,m3_wood,0.0
1095,kg_cotton,34815000.0
1095,m² land,0.0
1095,kWh energy,13302382.476375494
1096,m3_wood,0.0
1096,kg_cotton,34980000.0
1096,m² land,0.0
1096,kWh energy,13331432.704507912
1097,m3_wood,0.0
1097,kg_cotton,35392500.0
1097,m² land,0.0
1097,kWh energy,13507054.800027968
1098,m3_wood,0.0
1098,kg_cotton,34320000.0
1098,m² land,0.0
1098,kWh energy,13008904.142603924
1099,m3_wood,0.0
1099,kg_cotton,34485000.0
1099,m² land,0.0
1099,kWh energy,13109830.288394382
1100,m3_wood,0.0
1100,kg_cotton,34155000.0
1100,m² land,0.0
1100,kWh energy,12995013.888420364
1101,m3_wood,0.0
1101,kg_cotton,32175000.0
1101,m² land,0.0
1101,kWh energy,12254970.153153947
1102,m3_wood,0.0
1102,kg_cotton,31102500.0
1102,m² land,0.0
1102,kWh energy,11901249.99950986
1103,m3_wood,0.0
1103,kg_cotton,32010000.0
1103,m² land,0.0
1103,kWh energy,12241481.966192504
1104,m3_wood,0.0
1104,kg_cotton,32422500.0
1104,m² land,0.0
1104,kWh energy,12420396.71026331
1105,m3_wood,0.0
1105,kg_cotton,33165000.0
1105,m² land,0.0
1105,kWh energy,12764265.709537344
1106,m3_wood,0.0
1106,kg_cotton,32257500.0
1106,m² land,0.0
1106,kWh energy,12452763.213023597
1107,m3_wood,0.0
1107,kg_cotton,31185000.0
1107,m² land,0.0
1107,kWh energy,12100661.961094165
1108,m3_wood,0.0
1108,kg_cotton,30525000.0
1108,m² land,0.0
1108,kWh energy,11819551.267293772
1109,m3_wood,0.0
1109,kg_cotton,29370000.0
1109,m² land,0.0
1109,kWh energy,11386066.490337856
1110,m3_wood,0.0
1110,kg_cotton,28957500.0
1110,m² land,0.0
1110,kWh energy,11286718.089854006
1111,m3_wood,0.0
1111,kg_cotton,28132500.0
1111,m² land,0.0
1111,kWh energy,11021977.05144698
1112,m3_wood,0.0
1112,kg_cotton,27637500.0
1112,m² land,0.0
1112,kWh energy,10901911.405151691
1113,m3_wood,0.0
1113,kg_cotton,27885000.0
1113,m² land,0.0
1113,kWh energy,10955975.817490267
1114,m3_wood,0.0
1114,kg_cotton,27637500.0
1114,m² land,0.0
1114,kWh energy,10834691.418026071
1115,m3_wood,0.0
1115,kg_cotton,27472500.0
1115,m² land,0.0
1115,kWh energy,10818749.322529493
1116,m3_wood,0.0
1116,kg_cotton,27802500.0
1116,m² land,0.0
1116,kWh energy,10909918.545627689
1117,m3_wood,127856.0
1117,kg_cotton,26730000.0
1117,m² land,0.0
1117,kWh energy,10442978.404857982
1118,m3_wood,0.0
1118,kg_cotton,25492500.0
1118,m² land,0.0
1118,kWh energy,9992832.105423441
1119,m3_wood,0.0
1119,kg_cotton,25905000.0
1119,m² land,0.0
1119,kWh energy,10192485.790134424
1120,m3_wood,0.0
1120,kg_cotton,26400000.0
1120,m² land,0.0
1120,kWh energy,10320218.865427632
1121,m3_wood,0.0
1121,kg_cotton,25987500.0
1121,m² land,0.0
1121,kWh energy,10179511.472806072
1122,m3_wood,0.0
1122,kg_cotton,27225000.0
1122,m² land,0.0
1122,kWh energy,10575365.123689858
1123,m3_wood,0.0
1123,kg_cotton,27225000.0
1123,m² land,0.0
1123,kWh energy,10600371.441528047
1124,m3_wood,0.0
1124,kg_cotton,27060000.0
1124,m² land,0.0
1124,kWh energy,10488313.758346565
1125,m3_wood,0.0
1125,kg_cotton,26565000.0
1125,m² land,0.0
1125,kWh energy,10389028.124925656
1126,m3_wood,0.0
1126,kg_cotton,25987500.0
1126,m² land,0.0
1126,kWh energy,10091074.651187927
1127,m3_wood,0.0
1127,kg_cotton,25987500.0
1127,m² land,0.0
1127,kWh energy,10087185.219642173
1128,m3_wood,0.0
1128,kg_cotton,24667500.0
1128,m² land,0.0
1128,kWh energy,9625176.364117926
1129,m3_wood,0.0
1129,kg_cotton,24255000.0
1129,m² land,0.0
1129,kWh energy,9478460.63823597
1130,m3_wood,0.0
1130,kg_cotton,23017500.0
1130,m² land,0.0
1130,kWh energy,9048808.020963239
1131,m3_wood,0.0
1131,kg_cotton,22440000.0
1131,m² land,0.0
1131,kWh energy,8826210.374158114
1132,m3_wood,0.0
1132,kg_cotton,22275000.0
1132,m² land,0.0
1132,kWh energy,8758652.690976633
1133,m3_wood,0.0
1133,kg_cotton,22687500.0
1133,m² land,0.0
1133,kWh energy,8888611.659914734
1134,m3_wood,0.0
1134,kg_cotton,22852500.0
1134,m² land,0.0
1134,kWh energy,8995338.787516352
1135,m3_wood,0.0
1135,kg_cotton,20872500.0
1135,m² land,0.0
1135,kWh energy,8246399.302865997
1136,m3_wood,0.0
1136,kg_cotton,21285000.0
1136,m² land,0.0
1136,kWh energy,8421314.046936803
1137,m3_wood,0.0
1137,kg_cotton,20872500.0
1137,m² land,0.0
1137,kWh energy,8226861.395836881
1138,m3_wood,0.0
1138,kg_cotton,20955000.0
1138,m² land,0.0
1138,kWh energy,8252861.807155787
1139,m3_wood,0.0
1139,kg_cotton,21367500.0
1139,m² land,0.0
1139,kWh energy,8463496.538352214
1140,m3_wood,0.0
1140,kg_cotton,21037500.0
1140,m² land,0.0
1140,kWh energy,8347368.536312882
1141,m3_wood,15568.0
1141,kg_cotton,21120000.0
1141,m² land,0.0
1141,kWh energy,8405406.854660898
1142,m3_wood,0.0
1142,kg_cotton,20625000.0
1142,m² land,0.0
1142,kWh energy,8200841.208365607
1143,m3_wood,0.0
1143,kg_cotton,21285000.0
1143,m² land,0.0
1143,kWh energy,8422496.127033306
1144,m3_wood,0.0
1144,kg_cotton,20460000.0
1144,m² land,0.0
1144,kWh energy,8152802.478698682
1145,m3_wood,0.0
1145,kg_cotton,19552500.0
1145,m² land,0.0
1145,kWh energy,7827589.465530595
1146,m3_wood,0.0
1146,kg_cotton,18645000.0
1146,m² land,0.0
1146,kWh energy,7551351.181009766
1147,m3_wood,0.0
1147,kg_cotton,17985000.0
1147,m² land,0.0
1147,kWh energy,7323177.308827512
1148,m3_wood,0.0
1148,kg_cotton,17407500.0
1148,m² land,0.0
1148,kWh energy,7095215.501829378
1149,m3_wood,0.0
1149,kg_cotton,17077500.0
1149,m² land,0.0
1149,kWh energy,7044675.949524641
1150,m3_wood,0.0
1150,kg_cotton,17077500.0
1150,m² land,0.0
1150,kWh energy,7000832.758268404
1151,m3_wood,0.0
1151,kg_cotton,17737500.0
1151,m² land,0.0
1151,kWh energy,7297650.803518053
1152,m3_wood,0.0
1152,kg_cotton,17242500.0
1152,m² land,0.0
1152,kWh energy,7038852.5344207715
1153,m3_wood,0.0
1153,kg_cotton,18480000.0
1153,m² land,0.0
1153,kWh energy,7567896.449836815
1154,m3_wood,0.0
1154,kg_cotton,18810000.0
1154,m² land,0.0
1154,kWh energy,7591908.864191248
1155,m3_wood,0.0
1155,kg_cotton,18892500.0
1155,m² land,0.0
1155,kWh energy,7623089.340184445
1156,m3_wood,0.0
1156,kg_cotton,19965000.0
1156,m² land,0.0
1156,kWh energy,8029186.289697908
1157,m3_wood,352816.0
1157,kg_cotton,21202500.0
1157,m² land,0.0
1157,kWh energy,8435457.808685288
1158,m3_wood,0.0
1158,kg_cotton,21615000.0
1158,m² land,0.0
1158,kWh energy,8624956.551250068
1159,m3_wood,2560.0
1159,kg_cotton,22192500.0
1159,m² land,0.0
1159,kWh energy,8841177.551010465
1160,m3_wood,640.0
1160,kg_cotton,22440000.0
1160,m² land,0.0
1160,kWh energy,8947767.234701782
1161,m3_wood,0.0
1161,kg_cotton,23430000.0
1161,m² land,0.0
1161,kWh energy,9251474.341350589
1162,m3_wood,0.0
1162,kg_cotton,24585000.0
1162,m² land,0.0
1162,kWh energy,9613076.004598929
1163,m3_wood,0.0
1163,kg_cotton,25080000.0
1163,m² land,0.0
1163,kWh energy,9776849.002343468
1164,m3_wood,0.0
1164,kg_cotton,24585000.0
1164,m² land,0.0
1164,kWh energy,9597107.593789857
1165,m3_wood,0.0
1165,kg_cotton,23760000.0
1165,m² land,0.0
1165,kWh energy,9277051.800684437
1166,m3_wood,0.0
1166,kg_cotton,23265000.0
1166,m² land,0.0
1166,kWh energy,9101766.16726353
1167,m3_wood,29760.0
1167,kg_cotton,22770000.0
1167,m² land,0.0
1167,kWh energy,8918813.104844704
1168,m3_wood,41248.0
1168,kg_cotton,22935000.0
1168,m² land,0.0
1168,kWh energy,8971512.945671363
1169,m3_wood,11248.0
1169,kg_cotton,22110000.0
1169,m² land,0.0
1169,kWh energy,8738495.059595054
1170,m3_wood,0.0
1170,kg_cotton,20790000.0
1170,m² land,0.0
1170,kWh energy,8175367.302356165
1171,m3_wood,0.0
1171,kg_cotton,21532500.0
1171,m² land,0.0
1171,kWh energy,8523872.14143719
1172,m3_wood,0.0
1172,kg_cotton,21697500.0
1172,m² land,0.0
1172,kWh energy,8575048.726333318
1173,m3_wood,0.0
1173,kg_cotton,21532500.0
1173,m² land,0.0
1173,kWh energy,8552202.697017055
1174,m3_wood,0.0
1174,kg_cotton,21532500.0
1174,m² land,0.0
1174,kWh energy,8520054.221533693
1175,m3_wood,0.0
1175,kg_cotton,21367500.0
1175,m² land,0.0
1175,kWh energy,8441015.491866773
1176,m3_wood,219088.0
1176,kg_cotton,22522500.0
1176,m² land,0.0
1176,kWh energy,8870761.328182505
1177,m3_wood,0.0
1177,kg_cotton,23925000.0
1177,m² land,0.0
1177,kWh energy,9376921.085931232
1178,m3_wood,30000.0
1178,kg_cotton,25162500.0
1178,m² land,0.0
1178,kWh energy,9878406.27420604
1179,m3_wood,9376.0
1179,kg_cotton,25575000.0
1179,m² land,0.0
1179,kWh energy,10047839.971791413
1180,m3_wood,0.0
1180,kg_cotton,24997500.0
1180,m² land,0.0
1180,kWh energy,9824854.908862751
1181,m3_wood,0.0
1181,kg_cotton,22770000.0
1181,m² land,0.0
1181,kWh energy,8980313.104844702
1182,m3_wood,0.0
1182,kg_cotton,23100000.0
1182,m² land,0.0
1182,kWh energy,9055740.073272973
1183,m3_wood,0.0
1183,kg_cotton,23842500.0
1183,m² land,0.0
1183,kWh energy,9290596.436870642
1184,m3_wood,0.0
1184,kg_cotton,24007500.0
1184,m² land,0.0
1184,kWh energy,9439078.305993902
1185,m3_wood,0.0
1185,kg_cotton,24337500.0
1185,m² land,0.0
1185,kWh energy,9560973.685231246
1186,m3_wood,3744.0
1186,kg_cotton,24420000.0
1186,m² land,0.0
1186,kWh energy,9578687.765837582
1187,m3_wood,0.0
1187,kg_cotton,25245000.0
1187,m² land,0.0
1187,kWh energy,9896381.414172208
1188,m3_wood,0.0
1188,kg_cotton,26565000.0
1188,m² land,0.0
1188,kWh energy,10388153.344478494
1189,m3_wood,0.0
1189,kg_cotton,25822500.0
1189,m² land,0.0
1189,kWh energy,10088485.378815522
1190,m3_wood,0.0
1190,kg_cotton,25740000.0
1190,m² land,0.0
1190,kWh energy,10054934.424791127
1191,m3_wood,209088.0
1191,kg_cotton,26647500.0
1191,m² land,0.0
1191,kWh energy,10350147.437959215
1192,m3_wood,0.0
1192,kg_cotton,26812500.0
1192,m² land,0.0
1192,kWh energy,10399253.648423959
1193,m3_wood,0.0
1193,kg_cotton,26895000.0
1193,m² land,0.0
1193,kWh energy,10406275.02867964
1194,m3_wood,34368.0
1194,kg_cotton,26235000.0
1194,m² land,0.0
1194,kWh energy,10181107.474335572
1195,m3_wood,0.0
1195,kg_cotton,27802500.0
1195,m² land,0.0
1195,kWh energy,10737437.499142248
1196,m3_wood,0.0
1196,kg_cotton,28215000.0
1196,m² land,0.0
1196,kWh energy,10900546.958985925
1197,m3_wood,0.0
1197,kg_cotton,29040000.0
1197,m² land,0.0
1197,kWh energy,11234727.97164418
1198,m3_wood,0.0
1198,kg_cotton,29617500.0
1198,m² land,0.0
1198,kWh energy,11467556.225829078
1199,m3_wood,0.0
1199,kg_cotton,30772500.0
1199,m² land,0.0
1199,kWh energy,11861977.824403131
1200,m3_wood,0.0
1200,kg_cotton,31680000.0
1200,m² land,0.0
1200,kWh energy,12173803.421447681
1201,m3_wood,0.0
1201,kg_cotton,30525000.0
1201,m² land,0.0
1201,kWh energy,11784475.453235537
1202,m3_wood,0.0
1202,kg_cotton,30030000.0
1202,m² land,0.0
1202,kWh energy,11626460.349645734
1203,m3_wood,0.0
1203,kg_cotton,30277500.0
1203,m² land,0.0
1203,kWh energy,11696081.622527977
1204,m3_wood,0.0
1204,kg_cotton,30277500.0
1204,m² land,0.0
1204,kWh energy,11689587.940366158
1205,m3_wood,0.0
1205,kg_cotton,31350000.0
1205,m² land,0.0
1205,kWh energy,12094308.094010247
1206,m3_wood,0.0
1206,kg_cotton,30442500.0
1206,m² land,0.0
1206,kWh energy,11744563.491651226
1207,m3_wood,0.0
1207,kg_cotton,31350000.0
1207,m² land,0.0
1207,kWh energy,12050770.186981129
1208,m3_wood,0.0
1208,kg_cotton,32505000.0
1208,m² land,0.0
1208,kWh energy,12455591.837355088
1209,m3_wood,0.0
1209,kg_cotton,31432500.0
1209,m² land,0.0
1209,kWh energy,12059821.141005522
1210,m3_wood,0.0
1210,kg_cotton,30937500.0
1210,m² land,0.0
1210,kWh energy,11860622.820108334
1211,m3_wood,0.0
1211,kg_cotton,29205000.0
1211,m² land,0.0
1211,kWh energy,11210546.714185495
1212,m3_wood,71984.0
1212,kg_cotton,28297500.0
1212,m² land,0.0
1212,kWh energy,10885028.416790277
1213,m3_wood,0.0
1213,kg_cotton,25987500.0
1213,m² land,0.0
1213,kWh energy,10067310.439195013
1214,m3_wood,0.0
1214,kg_cotton,24915000.0
1214,m² land,0.0
1214,kWh energy,9680291.319161989
1215,m3_wood,66512.0
1215,kg_cotton,24667500.0
1215,m² land,0.0
1215,kWh energy,9607670.046279745
1216,m3_wood,0.0
1216,kg_cotton,23842500.0
1216,m² land,0.0
1216,kWh energy,9291014.304974234
1217,m3_wood,0.0
1217,kg_cotton,24090000.0
1217,m² land,0.0
1217,kWh energy,9393009.221092766
1218,m3_wood,0.0
1218,kg_cotton,23677500.0
1218,m² land,0.0
1218,kWh energy,9267912.396925457
1219,m3_wood,0.0
1219,kg_cotton,22522500.0
1219,m² land,0.0
1219,kWh energy,8908729.738991575
1220,m3_wood,0.0
1220,kg_cotton,22687500.0
1220,m² land,0.0
1220,kWh energy,8984643.249105664
1221,m3_wood,0.0
1221,kg_cotton,23595000.0
1221,m² land,0.0
1221,kWh energy,9327038.342370253
1222,m3_wood,0.0
1222,kg_cotton,23677500.0
1222,m² land,0.0
1222,kWh energy,9341450.303954562
1223,m3_wood,0.0
1223,kg_cotton,22687500.0
1223,m² land,0.0
1223,kWh energy,8941724.2437912
1224,m3_wood,0.0
1224,kg_cotton,22357500.0
1224,m² land,0.0
1224,kWh energy,8777678.373648278
1225,m3_wood,0.0
1225,kg_cotton,21615000.0
1225,m² land,0.0
1225,kWh energy,8520985.136632556
1226,m3_wood,0.0
1226,kg_cotton,21615000.0
1226,m² land,0.0
1226,kWh energy,8514504.090147115
1227,m3_wood,0.0
1227,kg_cotton,22110000.0
1227,m² land,0.0
1227,kWh energy,8790463.470404126
1228,m3_wood,0.0
1228,kg_cotton,22440000.0
1228,m² land,0.0
1228,kWh energy,8881229.327672668
1229,m3_wood,56496.0
1229,kg_cotton,23760000.0
1229,m² land,0.0
1229,kWh energy,9366876.038426122
1230,m3_wood,0.0
1230,kg_cotton,23677500.0
1230,m² land,0.0
1230,kWh energy,9328557.707203716
1231,m3_wood,0.0
1231,kg_cotton,23595000.0
1231,m² land,0.0
1231,kWh energy,9326399.349930175
1232,m3_wood,0.0
1232,kg_cotton,22605000.0
1232,m² land,0.0
1232,kWh energy,8932755.42166322
1233,m3_wood,0.0
1233,kg_cotton,23017500.0
1233,m² land,0.0
1233,kWh energy,9094701.754924953
1234,m3_wood,0.0
1234,kg_cotton,23182500.0
1234,m² land,0.0
1234,kWh energy,9149922.564688386
1235,m3_wood,1248.0
1235,kg_cotton,22522500.0
1235,m² land,0.0
1235,kWh energy,8898267.646020688
1236,m3_wood,0.0
1236,kg_cotton,23760000.0
1236,m² land,0.0
1236,kWh energy,9379051.800684435
1237,m3_wood,0.0
1237,kg_cotton,24090000.0
1237,m² land,0.0
1237,kWh energy,9449603.988665547
1238,m3_wood,82896.0
1238,kg_cotton,23595000.0
1238,m² land,0.0
1238,kWh energy,9302830.990921011
1239,m3_wood,173376.0
1239,kg_cotton,23595000.0
1239,m² land,0.0
1239,kWh energy,9240494.117502958
1240,m3_wood,0.0
1240,kg_cotton,22275000.0
1240,m² land,0.0
1240,kWh energy,8735184.280167557
1241,m3_wood,0.0
1241,kg_cotton,22357500.0
1241,m² land,0.0
1241,kWh energy,8754209.962839205
1242,m3_wood,0.0
1242,kg_cotton,20625000.0
1242,m² land,0.0
1242,kWh energy,8135171.763945473
1243,m3_wood,0.0
1243,kg_cotton,19800000.0
1243,m² land,0.0
1243,kWh energy,7777283.3998379735
1244,m3_wood,0.0
1244,kg_cotton,19387500.0
1244,m² land,0.0
1244,kWh energy,7637381.291443537
1245,m3_wood,0.0
1245,kg_cotton,17820000.0
1245,m² land,0.0
1245,kWh energy,7024519.677445936
1246,m3_wood,0.0
1246,kg_cotton,18067500.0
1246,m² land,0.0
1246,kWh energy,7112914.645364375
1247,m3_wood,0.0
1247,kg_cotton,16912500.0
1247,m² land,0.0
1247,kWh energy,6727469.790859798
1248,m3_wood,0.0
1248,kg_cotton,16747500.0
1248,m² land,0.0
1248,kWh energy,6748431.061192875
1249,m3_wood,0.0
1249,kg_cotton,15757500.0
1249,m² land,0.0
1249,kWh energy,6350186.047514953
1250,m3_wood,0.0
1250,kg_cotton,15015000.0
1250,m² land,0.0
1250,kWh energy,6129011.764013791
1251,m3_wood,0.0
1251,kg_cotton,15427500.0
1251,m² land,0.0
1251,kWh energy,6291458.097275527
1252,m3_wood,0.0
1252,kg_cotton,15592500.0
1252,m² land,0.0
1252,kWh energy,6332159.953524397
1253,m3_wood,0.0
1253,kg_cotton,16005000.0
1253,m² land,0.0
1253,kWh energy,6511756.777691709
1254,m3_wood,0.0
1254,kg_cotton,16747500.0
1254,m² land,0.0
1254,kWh energy,6752431.061192871
1255,m3_wood,0.0
1255,kg_cotton,16995000.0
1255,m² land,0.0
1255,kWh energy,6870989.155693261
1256,m3_wood,0.0
1256,kg_cotton,17077500.0
1256,m² land,0.0
1256,kWh energy,6898508.520526723
1257,m3_wood,0.0
1257,kg_cotton,17242500.0
1257,m² land,0.0
1257,kWh energy,6921047.250193648
1258,m3_wood,0.0
1258,kg_cotton,17572500.0
1258,m² land,0.0
1258,kWh energy,7005124.709527498
1259,m3_wood,0.0
1259,kg_cotton,17820000.0
1259,m² land,0.0
1259,kWh energy,7052182.804027884
1260,m3_wood,0.0
1260,kg_cotton,18810000.0
1260,m² land,0.0
1260,kWh energy,7490252.055447487
1261,m3_wood,0.0
1261,kg_cotton,17902500.0
1261,m² land,0.0
1261,kWh energy,7265020.08876484
1262,m3_wood,0.0
1262,kg_cotton,17242500.0
1262,m² land,0.0
1262,kWh energy,6968365.17009714
1263,m3_wood,0.0
1263,kg_cotton,17985000.0
1263,m² land,0.0
1263,kWh energy,7243533.135760119
1264,m3_wood,0.0
1264,kg_cotton,19965000.0
1264,m² land,0.0
1264,kWh energy,7967959.984734104
1265,m3_wood,0.0
1265,kg_cotton,20707500.0
1265,m² land,0.0
1265,kWh energy,8256297.394817218
1266,m3_wood,0.0
1266,kg_cotton,21450000.0
1266,m² land,0.0
1266,kWh energy,8496289.598221872
1267,m3_wood,0.0
1267,kg_cotton,22522500.0
1267,m² land,0.0
1267,kWh energy,8890723.421153389
1268,m3_wood,0.0
1268,kg_cotton,23017500.0
1268,m² land,0.0
1268,kWh energy,9123739.661954068
1269,m3_wood,0.0
1269,kg_cotton,23842500.0
1269,m² land,0.0
1269,kWh energy,9325433.310288694
1270,m3_wood,74080.0
1270,kg_cotton,23430000.0
1270,m² land,0.0
1270,kWh energy,9205499.612703329
1271,m3_wood,0.0
1271,kg_cotton,22110000.0
1271,m² land,0.0
1271,kWh energy,8715189.775367934
1272,m3_wood,0.0
1272,kg_cotton,21780000.0
1272,m² land,0.0
1272,kWh energy,8580042.819814043
1273,m3_wood,159088.0
1273,kg_cotton,21285000.0
1273,m² land,0.0
1273,kWh energy,8451833.00045136
1274,m3_wood,0.0
1274,kg_cotton,20625000.0
1274,m² land,0.0
1274,kWh energy,8152834.8905274235
1275,m3_wood,0.0
1275,kg_cotton,22110000.0
1275,m² land,0.0
1275,kWh energy,8711183.457529746
1276,m3_wood,0.0
1276,kg_cotton,22027500.0
1276,m² land,0.0
1276,kWh energy,8651670.410534468
1277,m3_wood,0.0
1277,kg_cotton,22192500.0
1277,m² land,0.0
1277,kWh energy,8698209.140201394
1278,m3_wood,6880.0
1278,kg_cotton,22935000.0
1278,m² land,0.0
1278,kWh energy,8990383.423702557
1279,m3_wood,0.0
1279,kg_cotton,23100000.0
1279,m² land,0.0
1279,kWh energy,9123909.517693108
1280,m3_wood,0.0
1280,kg_cotton,22770000.0
1280,m² land,0.0
1280,kWh energy,8961332.058359263
1281,m3_wood,0.0
1281,kg_cotton,22522500.0
1281,m² land,0.0
1281,kWh energy,8884242.374667944
1282,m3_wood,0.0
1282,kg_cotton,22440000.0
1282,m² land,0.0
1282,kWh energy,8833534.611899795
1283,m3_wood,0.0
1283,kg_cotton,21697500.0
1283,m² land,0.0
1283,kWh energy,8526592.95120062
1284,m3_wood,0.0
1284,kg_cotton,22522500.0
1284,m² land,0.0
1284,kWh energy,8762786.599535244
1285,m3_wood,0.0
1285,kg_cotton,22357500.0
1285,m² land,0.0
1285,kWh energy,8680735.23419195
1286,m3_wood,0.0
1286,kg_cotton,23430000.0
1286,m² land,0.0
1286,kWh energy,9106449.069997845
1287,m3_wood,0.0
1287,kg_cotton,23925000.0
1287,m² land,0.0
1287,kWh energy,9322558.941160437
1288,m3_wood,0.0
1288,kg_cotton,23265000.0
1288,m² land,0.0
1288,kWh energy,9056778.802939905
1289,m3_wood,0.0
1289,kg_cotton,23512500.0
1289,m² land,0.0
1289,kWh energy,9130018.977536798
1290,m3_wood,0.0
1290,kg_cotton,23265000.0
1290,m² land,0.0
1290,kWh energy,9073460.883036405
1291,m3_wood,0.0
1291,kg_cotton,22935000.0
1291,m² land,0.0
1291,kWh energy,8965383.423702559
1292,m3_wood,0.0
1292,kg_cotton,22522500.0
1292,m² land,0.0
1292,kWh energy,8828255.010344313
1293,m3_wood,0.0
1293,kg_cotton,20955000.0
1293,m² land,0.0
1293,kWh energy,8238887.078508529
1294,m3_wood,298032.0
1294,kg_cotton,20460000.0
1294,m² land,0.0
1294,kWh energy,8126789.84302231
1295,m3_wood,0.0
1295,kg_cotton,21780000.0
1295,m² land,0.0
1295,kWh energy,8599599.680357711
1296,m3_wood,0.0
1296,kg_cotton,22687500.0
1296,m² land,0.0
1296,kWh energy,8911312.693525799
1297,m3_wood,0.0
1297,kg_cotton,22357500.0
1297,m² land,0.0
1297,kWh energy,8752235.234191945
1298,m3_wood,0.0
1298,kg_cotton,23512500.0
1298,m² land,0.0
1298,kWh energy,9216474.752669496
1299,m3_wood,0.0
1299,kg_cotton,24255000.0
1299,m² land,0.0
1299,kWh energy,9484693.261037955
1300,m3_wood,0.0
1300,kg_cotton,25905000.0
1300,m² land,0.0
1300,kWh energy,10131580.557707204
1301,m3_wood,0.0
1301,kg_cotton,25987500.0
1301,m² land,0.0
1301,kWh energy,10114555.69767337
1302,m3_wood,0.0
1302,kg_cotton,25492500.0
1302,m² land,0.0
1302,kWh energy,9988282.69992883
1303,m3_wood,0.0
1303,kg_cotton,25740000.0
1303,m² land,0.0
1303,kWh energy,10063847.112267407
1304,m3_wood,0.0
1304,kg_cotton,26070000.0
1304,m² land,0.0
1304,kWh energy,10176100.333859572
1305,m3_wood,0.0
1305,kg_cotton,25740000.0
1305,m² land,0.0
1305,kWh energy,10067878.701458333
1306,m3_wood,0.0
1306,kg_cotton,24585000.0
1306,m² land,0.0
1306,kWh energy,9629239.131180875
1307,m3_wood,0.0
1307,kg_cotton,24420000.0
1307,m² land,0.0
1307,kWh energy,9551162.494484838
1308,m3_wood,0.0
1308,kg_cotton,24667500.0
1308,m² land,0.0
1308,kWh energy,9622290.085205268
1309,m3_wood,0.0
1309,kg_cotton,25080000.0
1309,m² land,0.0
1309,kWh energy,9818311.095314354
1310,m3_wood,0.0
1310,kg_cotton,23842500.0
1310,m² land,0.0
1310,kWh energy,9301558.529841533
1311,m3_wood,0.0
1311,kg_cotton,23512500.0
1311,m² land,0.0
1311,kWh energy,9113974.752669493
1312,m3_wood,0.0
1312,kg_cotton,24090000.0
1312,m² land,0.0
1312,kWh energy,9318447.179921782
1313,m3_wood,0.0
1313,kg_cotton,24832500.0
1313,m² land,0.0
1313,kWh energy,9613284.590004895
1314,m3_wood,0.0
1314,kg_cotton,23512500.0
1314,m² land,0.0
1314,kWh energy,9086248.447705694
1315,m3_wood,0.0
1315,kg_cotton,23347500.0
1315,m² land,0.0
1315,kWh energy,9035779.214258807
1316,m3_wood,0.0
1316,kg_cotton,23677500.0
1316,m² land,0.0
1316,kWh energy,9164019.800174609
1317,m3_wood,0.0
1317,kg_cotton,23677500.0
1317,m² land,0.0
1317,kWh energy,9195369.309269026
1318,m3_wood,0.0
1318,kg_cotton,22440000.0
1318,m² land,0.0
1318,kWh energy,8762235.645510854
1319,m3_wood,0.0
1319,kg_cotton,21945000.0
1319,m² land,0.0
1319,kWh energy,8483651.045701008
1320,m3_wood,0.0
1320,kg_cotton,21285000.0
1320,m² land,0.0
1320,kWh energy,8303496.127033306
1321,m3_wood,0.0
1321,kg_cotton,21450000.0
1321,m² land,0.0
1321,kWh energy,8366534.856700229
1322,m3_wood,0.0
1322,kg_cotton,20295000.0
1322,m² land,0.0
1322,kWh energy,7965732.159840832
1323,m3_wood,0.0
1323,kg_cotton,21285000.0
1323,m² land,0.0
1323,kWh energy,8344970.855680567
1324,m3_wood,0.0
1324,kg_cotton,20377500.0
1324,m² land,0.0
1324,kWh energy,8054257.84251248
1325,m3_wood,0.0
1325,kg_cotton,21202500.0
1325,m² land,0.0
1325,kWh energy,8388945.173008919
1326,m3_wood,0.0
1326,kg_cotton,20790000.0
1326,m² land,0.0
1326,kWh energy,8269879.938032532
1327,m3_wood,0.0
1327,kg_cotton,22192500.0
1327,m² land,0.0
1327,kWh energy,8810209.140201394
1328,m3_wood,4368.0
1328,kg_cotton,22522500.0
1328,m² land,0.0
1328,kWh energy,8862761.328182502
1329,m3_wood,13120.0
1329,kg_cotton,23595000.0
1329,m² land,0.0
1329,kWh energy,9246013.071017515
1330,m3_wood,0.0
1330,kg_cotton,22605000.0
1330,m² land,0.0
1330,kWh energy,8874305.964368708
1331,m3_wood,0.0
1331,kg_cotton,22110000.0
1331,m² land,0.0
1331,kWh energy,8713689.775367932
1332,m3_wood,0.0
1332,kg_cotton,22192500.0
1332,m² land,0.0
1332,kWh energy,8760171.233172283
1333,m3_wood,0.0
1333,kg_cotton,20872500.0
1333,m² land,0.0
1333,kWh energy,8311736.176284049
1334,m3_wood,0.0
1334,kg_cotton,20790000.0
1334,m² land,0.0
1334,kWh energy,8303860.984517976
1335,m3_wood,0.0
1335,kg_cotton,19800000.0
1335,m² land,0.0
1335,kWh energy,7896147.560030983
1336,m3_wood,0.0
1336,kg_cotton,19222500.0
1336,m² land,0.0
1336,kWh energy,7670512.006196746
1337,m3_wood,0.0
1337,kg_cotton,18892500.0
1337,m² land,0.0
1337,kWh energy,7520434.546862896
1338,m3_wood,0.0
1338,kg_cotton,18645000.0
1338,m² land,0.0
1338,kWh energy,7452376.452362509
1339,m3_wood,0.0
1339,kg_cotton,18810000.0
1339,m² land,0.0
1339,kWh energy,7519415.182029434
1340,m3_wood,0.0
1340,kg_cotton,18975000.0
1340,m² land,0.0
1340,kWh energy,7553422.322505431
1341,m3_wood,0.0
1341,kg_cotton,19470000.0
1341,m² land,0.0
1341,kWh energy,7717032.193668022
1342,m3_wood,0.0
1342,kg_cotton,18150000.0
1342,m² land,0.0
1342,kWh energy,7358753.945523549
1343,m3_wood,0.0
1343,kg_cotton,17655000.0
1343,m² land,0.0
1343,kWh energy,7159480.94777901
1344,m3_wood,415504.0
1344,kg_cotton,16335000.0
1344,m² land,0.0
1344,kWh energy,6617834.237025562
1345,m3_wood,0.0
1345,kg_cotton,15675000.0
1345,m² land,0.0
1345,kWh energy,6318179.3183578625
1346,m3_wood,0.0
1346,kg_cotton,16005000.0
1346,m² land,0.0
1346,kWh energy,6483256.777691712
1347,m3_wood,0.0
1347,kg_cotton,15345000.0
1347,m² land,0.0
1347,kWh energy,6262926.096765692
1348,m3_wood,0.0
1348,kg_cotton,15510000.0
1348,m² land,0.0
1348,kWh energy,6414301.69985067
1349,m3_wood,0.0
1349,kg_cotton,15262500.0
1349,m² land,0.0
1349,kWh energy,6387400.414094045
1350,m3_wood,0.0
1350,kg_cotton,17160000.0
1350,m² land,0.0
1350,kWh energy,7017027.885360184
1351,m3_wood,0.0
1351,kg_cotton,17325000.0
1351,m² land,0.0
1351,kWh energy,7015066.61502711
1352,m3_wood,0.0
1352,kg_cotton,18150000.0
1352,m² land,0.0
1352,kWh energy,7287597.136779787
1353,m3_wood,0.0
1353,kg_cotton,18562500.0
1353,m² land,0.0
1353,kWh energy,7412319.180499934
1354,m3_wood,0.0
1354,kg_cotton,19387500.0
1354,m² land,0.0
1354,kWh energy,7746019.146672744
1355,m3_wood,0.0
1355,kg_cotton,20047500.0
1355,m² land,0.0
1355,kWh energy,7974705.654531372
1356,m3_wood,30992.0
1356,kg_cotton,21532500.0
1356,m² land,0.0
1356,kWh energy,8487054.221533693
1357,m3_wood,48864.0
1357,kg_cotton,20955000.0
1357,m² land,0.0
1357,kWh energy,8315418.667699457
1358,m3_wood,0.0
1358,kg_cotton,20212500.0
1358,m² land,0.0
1358,kWh energy,8031712.7950073695
1359,m3_wood,0.0
1359,kg_cotton,18975000.0
1359,m² land,0.0
1359,kWh energy,7605922.322505432
1360,m3_wood,0.0
1360,kg_cotton,18397500.0
1360,m² land,0.0
1360,kWh energy,7371818.357862121
1361,m3_wood,0.0
1361,kg_cotton,18067500.0
1361,m² land,0.0
1361,kWh energy,7275221.945013715
1362,m3_wood,0.0
1362,kg_cotton,18480000.0
1362,m² land,0.0
1362,kWh energy,7365818.769181026
1363,m3_wood,0.0
1363,kg_cotton,18232500.0
1363,m² land,0.0
1363,kWh energy,7265440.739354932
1364,m3_wood,0.0
1364,kg_cotton,17160000.0
1364,m² land,0.0
1364,kWh energy,6860977.342654702
1365,m3_wood,0.0
1365,kg_cotton,17077500.0
1365,m² land,0.0
1365,kWh energy,6827470.613497612
1366,m3_wood,0.0
1366,kg_cotton,16582500.0
1366,m² land,0.0
1366,kWh energy,6645373.378011393
1367,m3_wood,0.0
1367,kg_cotton,16005000.0
1367,m² land,0.0
1367,kWh energy,6407756.777691711
1368,m3_wood,0.0
1368,kg_cotton,15922500.0
1368,m² land,0.0
1368,kWh energy,6380737.412858249
1369,m3_wood,0.0
1369,kg_cotton,15262500.0
1369,m² land,0.0
1369,kWh energy,6138082.494190548
1370,m3_wood,0.0
1370,kg_cotton,14437500.0
1370,m² land,0.0
1370,kWh energy,5864376.210179554
1371,m3_wood,0.0
1371,kg_cotton,13695000.0
1371,m² land,0.0
1371,kWh energy,5579708.244516577
1372,m3_wood,0.0
1372,kg_cotton,14025000.0
1372,m² land,0.0
1372,kWh energy,5670779.386012242
1373,m3_wood,0.0
1373,kg_cotton,14602500.0
1373,m² land,0.0
1373,kWh energy,6020927.57552285
1374,m3_wood,0.0
1374,kg_cotton,16087500.0
1374,m² land,0.0
1374,kWh energy,6543113.015943227
1375,m3_wood,0.0
1375,kg_cotton,16335000.0
1375,m² land,0.0
1375,kWh energy,6681796.329996448
1376,m3_wood,0.0
1376,kg_cotton,16912500.0
1376,m² land,0.0
1376,kWh energy,6879730.850219622
1377,m3_wood,15984.0
1377,kg_cotton,17572500.0
1377,m² land,0.0
1377,kWh energy,7078936.311592807
1378,m3_wood,34992.0
1378,kg_cotton,17985000.0
1378,m² land,0.0
1378,kWh energy,7202689.944503881
1379,m3_wood,0.0
1379,kg_cotton,18397500.0
1379,m² land,0.0
1379,kWh energy,7340793.086509381
1380,m3_wood,0.0
1380,kg_cotton,18892500.0
1380,m² land,0.0
1380,kWh energy,7547402.95767197
1381,m3_wood,0.0
1381,kg_cotton,19800000.0
1381,m² land,0.0
1381,kWh energy,7882122.288678242
1382,m3_wood,0.0
1382,kg_cotton,20872500.0
1382,m² land,0.0
1382,kWh energy,8286367.713675066
1383,m3_wood,0.0
1383,kg_cotton,21450000.0
1383,m² land,0.0
1383,kWh energy,8454034.856700232
1384,m3_wood,0.0
1384,kg_cotton,22687500.0
1384,m² land,0.0
1384,kWh energy,8894287.422173057
1385,m3_wood,0.0
1385,kg_cotton,23677500.0
1385,m² land,0.0
1385,kWh energy,9242019.800174605
1386,m3_wood,0.0
1386,kg_cotton,23265000.0
1386,m² land,0.0
1386,kWh energy,8977410.34033092
1387,m3_wood,0.0
1387,kg_cotton,24420000.0
1387,m² land,0.0
1387,kWh energy,9391455.143035594
1388,m3_wood,0.0
1388,kg_cotton,24667500.0
1388,m² land,0.0
1388,kWh energy,9525226.90682341
1389,m3_wood,0.0
1389,kg_cotton,24750000.0
1389,m² land,0.0
1389,kWh energy,9524627.369942222
1390,m3_wood,0.0
1390,kg_cotton,25905000.0
1390,m² land,0.0
1390,kWh energy,10021892.159772513
1391,m3_wood,0.0
1391,kg_cotton,27555000.0
1391,m² land,0.0
1391,kWh energy,10703597.37634526
1392,m3_wood,0.0
1392,kg_cotton,27967500.0
1392,m² land,0.0
1392,kWh energy,10822988.864485541
1393,m3_wood,0.0
1393,kg_cotton,26812500.0
1393,m² land,0.0
1393,kWh energy,10295736.710331624
1394,m3_wood,0.0
1394,kg_cotton,26482500.0
1394,m² land,0.0
1394,kWh energy,10196184.522350516
1395,m3_wood,0.0
1395,kg_cotton,26400000.0
1395,m² land,0.0
1395,kWh energy,10185652.521840677
1396,m3_wood,1792.0
1396,kg_cotton,25492500.0
1396,m² land,0.0
1396,kWh energy,9931452.144348966
1397,m3_wood,0.0
1397,kg_cotton,25245000.0
1397,m² land,0.0
1397,kWh energy,9847368.778495835
1398,m3_wood,0.0
1398,kg_cotton,25245000.0
1398,m² land,0.0
1398,kWh energy,9898394.049848575
1399,m3_wood,58352.0
1399,kg_cotton,25327500.0
1399,m² land,0.0
1399,kWh energy,9916426.050358409
1400,m3_wood,0.0
1400,kg_cotton,26317500.0
1400,m² land,0.0
1400,kWh energy,10207645.79268359
1401,m3_wood,0.0
1401,kg_cotton,26235000.0
1401,m² land,0.0
1401,kWh energy,10195613.792173756
1402,m3_wood,0.0
1402,kg_cotton,28215000.0
1402,m² land,0.0
1402,kWh energy,10951934.37510946
1403,m3_wood,0.0
1403,kg_cotton,27390000.0
1403,m² land,0.0
1403,kWh energy,10618429.12470953
1404,m3_wood,0.0
1404,kg_cotton,27637500.0
1404,m² land,0.0
1404,kWh energy,10721487.21920992
1405,m3_wood,0.0
1405,kg_cotton,27142500.0
1405,m² land,0.0
1405,kWh energy,10511852.076694582
1406,m3_wood,0.0
1406,kg_cotton,24667500.0
1406,m² land,0.0
1406,kWh energy,9614006.919697797
1407,m3_wood,0.0
1407,kg_cotton,23925000.0
1407,m² land,0.0
1407,kWh energy,9387307.364843894
1408,m3_wood,0.0
1408,kg_cotton,23595000.0
1408,m² land,0.0
1408,kWh energy,9288475.1639884
1409,m3_wood,0.0
1409,kg_cotton,23677500.0
1409,m² land,0.0
1409,kWh energy,9309557.707203718
1410,m3_wood,0.0
1410,kg_cotton,22522500.0
1410,m² land,0.0
1410,kWh energy,8849255.010344315
1411,m3_wood,0.0
1411,kg_cotton,22852500.0
1411,m² land,0.0
1411,kWh energy,8942319.834001794
1412,m3_wood,0.0
1412,kg_cotton,22275000.0
1412,m² land,0.0
1412,kWh energy,8745228.505034858
1413,m3_wood,0.0
1413,kg_cotton,22275000.0
1413,m² land,0.0
1413,kWh energy,8733728.505034856
1414,m3_wood,0.0
1414,kg_cotton,21697500.0
1414,m² land,0.0
1414,kWh energy,8525266.698036721
1415,m3_wood,2512.0
1415,kg_cotton,21697500.0
1415,m² land,0.0
1415,kWh energy,8615592.951200617
1416,m3_wood,0.0
1416,kg_cotton,21615000.0
1416,m² land,0.0
1416,kWh energy,8551497.77230893
1417,m3_wood,0.0
1417,kg_cotton,23760000.0
1417,m² land,0.0
1417,kWh energy,9394950.715273472
1418,m3_wood,0.0
1418,kg_cotton,24420000.0
1418,m² land,0.0
1418,kWh energy,9648429.871682853
1419,m3_wood,0.0
1419,kg_cotton,25657500.0
1419,m² land,0.0
1419,kWh energy,10081484.556177704
1420,m3_wood,0.0
1420,kg_cotton,23925000.0
1420,m² land,0.0
1420,kWh energy,9403908.450254856
1421,m3_wood,0.0
1421,kg_cotton,23760000.0
1421,m² land,0.0
1421,kWh energy,9360894.991940675
1422,m3_wood,0.0
1422,kg_cotton,23347500.0
1422,m² land,0.0
1422,kWh energy,9215954.976517124
1423,m3_wood,0.0
1423,kg_cotton,24007500.0
1423,m² land,0.0
1423,kWh energy,9463071.988155713
1424,m3_wood,0.0
1424,kg_cotton,24420000.0
1424,m² land,0.0
1424,kWh energy,9610231.990704881
1425,m3_wood,0.0
1425,kg_cotton,23760000.0
1425,m² land,0.0
1425,kWh energy,9351494.940140769
1426,m3_wood,0.0
1426,kg_cotton,23182500.0
1426,m² land,0.0
1426,kWh energy,9087827.797115605
1427,m3_wood,0.0
1427,kg_cotton,22687500.0
1427,m² land,0.0
1427,kWh energy,8912529.528018326
1428,m3_wood,0.0
1428,kg_cotton,22192500.0
1428,m² land,0.0
1428,kWh energy,8762152.279657723
1429,m3_wood,0.0
1429,kg_cotton,21780000.0
1429,m² land,0.0
1429,kWh energy,8584055.455490412
1430,m3_wood,0.0
1430,kg_cotton,21120000.0
1430,m² land,0.0
1430,kWh energy,8360913.172499083
1431,m3_wood,0.0
1431,kg_cotton,19470000.0
1431,m² land,0.0
1431,kWh energy,7780025.8758298345
1432,m3_wood,0.0
1432,kg_cotton,18810000.0
1432,m² land,0.0
1432,kWh energy,7515169.923551074
1433,m3_wood,0.0
1433,kg_cotton,17737500.0
1433,m² land,0.0
1433,kWh energy,7173299.27900141
1434,m3_wood,0.0
1434,kg_cotton,17407500.0
1434,m² land,0.0
1434,kWh energy,7058372.31057314
1435,m3_wood,0.0
1435,kg_cotton,15757500.0
1435,m² land,0.0
1435,kWh energy,6321610.233456729
1436,m3_wood,0.0
1436,kg_cotton,14355000.0
1436,m² land,0.0
1436,kWh energy,5769299.984802425
1437,m3_wood,0.0
1437,kg_cotton,13117500.0
1437,m² land,0.0
1437,kWh energy,5340079.008520528
1438,m3_wood,61280.0
1438,kg_cotton,12375000.0
1438,m² land,0.0
1438,kWh energy,5069873.135828439
1439,m3_wood,0.0
1439,kg_cotton,12787500.0
1439,m² land,0.0
1439,kWh energy,5191457.3243193785
1440,m3_wood,0.0
1440,kg_cotton,11385000.0
1440,m² land,0.0
1440,kWh energy,4746134.439988704
1441,m3_wood,0.0
1441,kg_cotton,10642500.0
1441,m² land,0.0
1441,kWh energy,4414803.3477437785
1442,m3_wood,0.0
1442,kg_cotton,10890000.0
1442,m² land,0.0
1442,kWh energy,4534543.522340671
1443,m3_wood,0.0
1443,kg_cotton,10725000.0
1443,m² land,0.0
1443,kWh energy,4483004.792673746
1444,m3_wood,0.0
1444,kg_cotton,11467500.0
1444,m² land,0.0
1444,kWh energy,4882691.711851277
1445,m3_wood,39744.0
1445,kg_cotton,11467500.0
1445,m² land,0.0
1445,kWh energy,4785672.758336722
1446,m3_wood,0.0
1446,kg_cotton,12952500.0
1446,m² land,0.0
1446,kWh energy,5354540.278853602
1447,m3_wood,0.0
1447,kg_cotton,14355000.0
1447,m² land,0.0
1447,kWh energy,5837369.481022464
1448,m3_wood,0.0
1448,kg_cotton,14685000.0
1448,m² land,0.0
1448,kWh energy,5960446.94035631
1449,m3_wood,0.0
1449,kg_cotton,15675000.0
1449,m² land,0.0
1449,kWh energy,6342173.000519677
1450,m3_wood,0.0
1450,kg_cotton,16665000.0
1450,m² land,0.0
1450,kWh energy,6734911.696359414
1451,m3_wood,0.0
1451,kg_cotton,17077500.0
1451,m² land,0.0
1451,kWh energy,6850508.520526724
1452,m3_wood,0.0
1452,kg_cotton,16170000.0
1452,m² land,0.0
1452,kWh energy,6538782.871682266
1453,m3_wood,0.0
1453,kg_cotton,16005000.0
1453,m² land,0.0
1453,kWh energy,6463737.824177154
1454,m3_wood,0.0
1454,kg_cotton,16252500.0
1454,m² land,0.0
1454,kWh energy,6520295.918677541
1455,m3_wood,45968.0
1455,kg_cotton,15757500.0
1455,m² land,0.0
1455,kWh energy,6344173.411838584
1456,m3_wood,0.0
1456,kg_cotton,15840000.0
1456,m² land,0.0
1456,kWh energy,6350186.45883386
1457,m3_wood,0.0
1457,kg_cotton,17077500.0
1457,m² land,0.0
1457,kWh energy,6829008.520526723
1458,m3_wood,78464.0
1458,kg_cotton,17985000.0
1458,m² land,0.0
1458,kWh energy,7203221.533694812
1459,m3_wood,0.0
1459,kg_cotton,17820000.0
1459,m² land,0.0
1459,kWh energy,7174682.804027884
1460,m3_wood,0.0
1460,kg_cotton,18397500.0
1460,m² land,0.0
1460,kWh energy,7347818.357862123
1461,m3_wood,0.0
1461,kg_cotton,19057500.0
1461,m² land,0.0
1461,kWh energy,7605473.276529823
1462,m3_wood,0.0
1462,kg_cotton,19882500.0
1462,m² land,0.0
1462,kWh energy,7901003.798282498
1463,m3_wood,174704.0
1463,kg_cotton,20460000.0
1463,m² land,0.0
1463,kWh energy,8211133.034278547
1464,m3_wood,0.0
1464,kg_cotton,21037500.0
1464,m² land,0.0
1464,kWh energy,8366912.761180177
1465,m3_wood,0.0
1465,kg_cotton,21450000.0
1465,m² land,0.0
1465,kWh energy,8476515.903185675
1466,m3_wood,0.0
1466,kg_cotton,21945000.0
1466,m² land,0.0
1466,kWh energy,8627151.045701006
1467,m3_wood,186608.0
1467,kg_cotton,22605000.0
1467,m² land,0.0
1467,kWh energy,8846305.964368707
1468,m3_wood,190176.0
1468,kg_cotton,21945000.0
1468,m² land,0.0
1468,kWh energy,8645487.919119056
1469,m3_wood,0.0
1469,kg_cotton,21780000.0
1469,m² land,0.0
1469,kWh energy,8524087.044681337
1470,m3_wood,0.0
1470,kg_cotton,22605000.0
1470,m² land,0.0
1470,kWh energy,8818142.837786756
1471,m3_wood,0.0
1471,kg_cotton,21945000.0
1471,m² land,0.0
1471,kWh energy,8564132.092186451
1472,m3_wood,0.0
1472,kg_cotton,22522500.0
1472,m² land,0.0
1472,kWh energy,8810761.328182502
1473,m3_wood,0.0
1473,kg_cotton,22522500.0
1473,m² land,0.0
1473,kWh energy,8839267.646020686
1474,m3_wood,312896.0
1474,kg_cotton,22357500.0
1474,m² land,0.0
1474,kWh energy,8801216.280677395
1475,m3_wood,570816.0
1475,kg_cotton,23347500.0
1475,m² land,0.0
1475,kWh energy,9109973.930031685
1476,m3_wood,0.0
1476,kg_cotton,22605000.0
1476,m² land,0.0
1476,kWh energy,8859130.202110387
1477,m3_wood,0.0
1477,kg_cotton,23017500.0
1477,m² land,0.0
1477,kWh energy,8985727.026277697
1478,m3_wood,0.0
1478,kg_cotton,23182500.0
1478,m² land,0.0
1478,kWh energy,9094246.802430067
1479,m3_wood,0.0
1479,kg_cotton,23512500.0
1479,m² land,0.0
1479,kWh energy,9190006.341860421
1480,m3_wood,0.0
1480,kg_cotton,23925000.0
1480,m² land,0.0
1480,kWh energy,9330615.801704107
1481,m3_wood,0.0
1481,kg_cotton,22192500.0
1481,m² land,0.0
1481,kWh energy,8709209.140201394
1482,m3_wood,0.0
1482,kg_cotton,22935000.0
1482,m² land,0.0
1482,kWh energy,9075351.83451163
1483,m3_wood,0.0
1483,kg_cotton,21862500.0
1483,m² land,0.0
1483,kWh energy,8613100.091676615
1484,m3_wood,0.0
1484,kg_cotton,20625000.0
1484,m² land,0.0
1484,kWh energy,8153803.301336495
1485,m3_wood,0.0
1485,kg_cotton,21367500.0
1485,m² land,0.0
1485,kWh energy,8483015.491866771
1486,m3_wood,0.0
1486,kg_cotton,20955000.0
1486,m² land,0.0
1486,kWh energy,8310361.807155788
1487,m3_wood,0.0
1487,kg_cotton,21285000.0
1487,m² land,0.0
1487,kWh energy,8439489.809195122
1488,m3_wood,0.0
1488,kg_cotton,21450000.0
1488,m² land,0.0
1488,kWh energy,8409503.267509302
1489,m3_wood,0.0
1489,kg_cotton,21615000.0
1489,m² land,0.0
1489,kWh energy,8482548.315014416
1490,m3_wood,0.0
1490,kg_cotton,21037500.0
1490,m² land,0.0
1490,kWh energy,8312743.316760043
1491,m3_wood,0.0
1491,kg_cotton,21120000.0
1491,m² land,0.0
1491,kWh energy,8332932.126013638
1492,m3_wood,0.0
1492,kg_cotton,22440000.0
1492,m² land,0.0
1492,kWh energy,8901204.056319928
1493,m3_wood,0.0
1493,kg_cotton,20872500.0
1493,m² land,0.0
1493,kWh energy,8277823.488807773
1494,m3_wood,0.0
1494,kg_cotton,21285000.0
1494,m² land,0.0
1494,kWh energy,8452907.677298712
1495,m3_wood,0.0
1495,kg_cotton,21615000.0
1495,m² land,0.0
1495,kWh energy,8536541.997176228
1496,m3_wood,0.0
1496,kg_cotton,22275000.0
1496,m² land,0.0
1496,kWh energy,8696715.869358486
1497,m3_wood,0.0
1497,kg_cotton,23017500.0
1497,m² land,0.0
1497,kWh energy,8928902.788536023
1498,m3_wood,0.0
1498,kg_cotton,23430000.0
1498,m² land,0.0
1498,kWh energy,9134499.612703333
1499,m3_wood,0.0
1499,kg_cotton,22687500.0
1499,m² land,0.0
1499,kWh energy,8875325.32920217
1500,m3_wood,0.0
1500,kg_cotton,22522500.0
1500,m² land,0.0
1500,kWh energy,8806261.328182502
1501,m3_wood,0.0
1501,kg_cotton,21285000.0
1501,m² land,0.0
1501,kWh energy,8332426.630813269
1502,m3_wood,0.0
1502,kg_cotton,20295000.0
1502,m² land,0.0
1502,kWh energy,7983499.537038843
1503,m3_wood,0.0
1503,kg_cotton,20460000.0
1503,m² land,0.0
1503,kWh energy,7990726.664640456
1504,m3_wood,0.0
1504,kg_cotton,21120000.0
1504,m² land,0.0
1504,kWh energy,8226375.265469971
1505,m3_wood,0.0
1505,kg_cotton,20955000.0
1505,m² land,0.0
1505,kWh energy,8134361.807155789
1506,m3_wood,0.0
1506,kg_cotton,21202500.0
1506,m² land,0.0
1506,kWh energy,8246269.410750598
1507,m3_wood,0.0
1507,kg_cotton,20625000.0
1507,m² land,0.0
1507,kWh energy,8158765.3943073815
1508,m3_wood,0.0
1508,kg_cotton,17985000.0
1508,m² land,0.0
1508,kWh energy,7152177.308827512
1509,m3_wood,0.0
1509,kg_cotton,19305000.0
1509,m² land,0.0
1509,kWh energy,7599292.430390033
1510,m3_wood,0.0
1510,kg_cotton,18892500.0
1510,m² land,0.0
1510,kWh energy,7411909.275510154
1511,m3_wood,0.0
1511,kg_cotton,19222500.0
1511,m² land,0.0
1511,kWh energy,7689512.006196745
1512,m3_wood,0.0
1512,kg_cotton,18892500.0
1512,m² land,0.0
1512,kWh energy,7434402.957671967
1513,m3_wood,0.0
1513,kg_cotton,17407500.0
1513,m² land,0.0
1513,kWh energy,6988209.183991193
1514,m3_wood,0.0
1514,kg_cotton,17407500.0
1514,m² land,0.0
1514,kWh energy,7031997.530125975
1515,m3_wood,70656.0
1515,kg_cotton,16912500.0
1515,m² land,0.0
1515,kWh energy,6825959.021780991
1516,m3_wood,0.0
1516,kg_cotton,17737500.0
1516,m² land,0.0
1516,kWh energy,7199087.625136196
1517,m3_wood,0.0
1517,kg_cotton,17242500.0
1517,m² land,0.0
1517,kWh energy,7064009.343164535
1518,m3_wood,0.0
1518,kg_cotton,16170000.0
1518,m² land,0.0
1518,kWh energy,6589263.918167709
1519,m3_wood,0.0
1519,kg_cotton,15510000.0
1519,m² land,0.0
1519,kWh energy,6343571.092470896
1520,m3_wood,0.0
1520,kg_cotton,15262500.0
1520,m² land,0.0
1520,kWh energy,6270468.773103211
1521,m3_wood,0.0
1521,kg_cotton,15922500.0
1521,m² land,0.0
1521,kWh energy,6498699.505829137
1522,m3_wood,0.0
1522,kg_cotton,16005000.0
1522,m² land,0.0
1522,kWh energy,6529725.188500786
1523,m3_wood,0.0
1523,kg_cotton,16747500.0
1523,m² land,0.0
1523,kWh energy,6735393.154163763
1524,m3_wood,0.0
1524,kg_cotton,17160000.0
1524,m² land,0.0
1524,kWh energy,6881163.725167177
1525,m3_wood,0.0
1525,kg_cotton,16830000.0
1525,m² land,0.0
1525,kWh energy,6668686.214033421
1526,m3_wood,0.0
1526,kg_cotton,17985000.0
1526,m² land,0.0
1526,kWh energy,7076069.90557836
1527,m3_wood,0.0
1527,kg_cotton,18315000.0
1527,m² land,0.0
1527,kWh energy,7242197.907617692
1528,m3_wood,0.0
1528,kg_cotton,18232500.0
1528,m² land,0.0
1528,kWh energy,7200352.289620332
1529,m3_wood,0.0
1529,kg_cotton,18232500.0
1529,m² land,0.0
1529,kWh energy,7238254.356842455
1530,m3_wood,0.0
1530,kg_cotton,18892500.0
1530,m² land,0.0
1530,kWh energy,7496909.2755101565
1531,m3_wood,0.0
1531,kg_cotton,19057500.0
1531,m² land,0.0
1531,kWh energy,7519941.687338894
1532,m3_wood,0.0
1532,kg_cotton,19057500.0
1532,m² land,0.0
1532,kWh energy,7543473.276529821
1533,m3_wood,0.0
1533,kg_cotton,17572500.0
1533,m² land,0.0
1533,kWh energy,7029093.12033657
1534,m3_wood,0.0
1534,kg_cotton,16582500.0
1534,m² land,0.0
1534,kWh energy,6693367.060173206
1535,m3_wood,40592.0
1535,kg_cotton,16500000.0
1535,m² land,0.0
1535,kWh energy,6635322.423987003
1536,m3_wood,0.0
1536,kg_cotton,15510000.0
1536,m² land,0.0
1536,kWh energy,6312939.5550798755
1537,m3_wood,0.0
1537,kg_cotton,15097500.0
1537,m² land,0.0
1537,kWh energy,6175986.903979956
1538,m3_wood,0.0
1538,kg_cotton,16747500.0
1538,m² land,0.0
1538,kWh energy,6826918.425516502
1539,m3_wood,0.0
1539,kg_cotton,17820000.0
1539,m² land,0.0
1539,kWh energy,7155975.452578641
1540,m3_wood,0.0
1540,kg_cotton,18480000.0
1540,m² land,0.0
1540,kWh energy,7393655.64259908
1541,m3_wood,0.0
1541,kg_cotton,19305000.0
1541,m² land,0.0
1541,kWh energy,7737955.556971983
1542,m3_wood,0.0
1542,kg_cotton,20212500.0
1542,m² land,0.0
1542,kWh energy,8053662.252301884
1543,m3_wood,0.0
1543,kg_cotton,20295000.0
1543,m² land,0.0
1543,kWh energy,8034719.524164458
1544,m3_wood,0.0
1544,kg_cotton,21202500.0
1544,m² land,0.0
1544,kWh energy,8364451.490847103
1545,m3_wood,0.0
1545,kg_cotton,20377500.0
1545,m² land,0.0
1545,kWh energy,8046783.11386522
1546,m3_wood,0.0
1546,kg_cotton,19140000.0
1546,m² land,0.0
1546,kWh energy,7618992.641363285
1547,m3_wood,0.0
1547,kg_cotton,19470000.0
1547,m² land,0.0
1547,kWh energy,7710557.465020762
1548,m3_wood,0.0
1548,kg_cotton,20212500.0
1548,m² land,0.0
1548,kWh energy,7953231.748521926
1549,m3_wood,0.0
1549,kg_cotton,20790000.0
1549,m² land,0.0
1549,kWh energy,8092860.984517975
1550,m3_wood,0.0
1550,kg_cotton,20955000.0
1550,m² land,0.0
1550,kWh energy,8114918.667699456
1551,m3_wood,0.0
1551,kg_cotton,21367500.0
1551,m² land,0.0
1551,kWh energy,8244352.365284821
1552,m3_wood,0.0
1552,kg_cotton,21450000.0
1552,m² land,0.0
1552,kWh energy,8266034.85670023
1553,m3_wood,0.0
1553,kg_cotton,20130000.0
1553,m² land,0.0
1553,kWh energy,7821725.019364831
1554,m3_wood,0.0
1554,kg_cotton,18562500.0
1554,m² land,0.0
1554,kWh energy,7215357.087529046
1555,m3_wood,0.0
1555,kg_cotton,19140000.0
1555,m² land,0.0
1555,kWh energy,7474492.641363285
1556,m3_wood,0.0
1556,kg_cotton,18315000.0
1556,m² land,0.0
1556,kWh energy,7231798.993028659
1557,m3_wood,0.0
1557,kg_cotton,18480000.0
1557,m² land,0.0
1557,kWh energy,7422312.451342844
1558,m3_wood,4992.0
1558,kg_cotton,17407500.0
1558,m² land,0.0
1558,kWh energy,6965067.026346015
1559,m3_wood,0.0
1559,kg_cotton,18480000.0
1559,m² land,0.0
1559,kWh energy,7380331.404857398
1560,m3_wood,0.0
1560,kg_cotton,18315000.0
1560,m² land,0.0
1560,kWh energy,7373786.3573522875
1561,m3_wood,0.0
1561,kg_cotton,17820000.0
1561,m² land,0.0
1561,kWh energy,7105663.85051333
1562,m3_wood,5632.0
1562,kg_cotton,19552500.0
1562,m² land,0.0
1562,kWh energy,7786070.512016038
1563,m3_wood,0.0
1563,kg_cotton,19470000.0
1563,m² land,0.0
1563,kWh energy,7714570.100697134
1564,m3_wood,0.0
1564,kg_cotton,19965000.0
1564,m² land,0.0
1564,kWh energy,7991186.289697909
1565,m3_wood,0.0
1565,kg_cotton,20377500.0
1565,m² land,0.0
1565,kWh energy,8089783.113865221
1566,m3_wood,0.0
1566,kg_cotton,19717500.0
1566,m² land,0.0
1566,kWh energy,7893128.19519752
1567,m3_wood,0.0
1567,kg_cotton,20460000.0
1567,m² land,0.0
1567,kWh energy,8097802.478698682
1568,m3_wood,0.0
1568,kg_cotton,22275000.0
1568,m² land,0.0
1568,kWh energy,8881228.505034855
1569,m3_wood,0.0
1569,kg_cotton,21532500.0
1569,m² land,0.0
1569,kWh energy,8473028.950180953
1570,m3_wood,0.0
1570,kg_cotton,22027500.0
1570,m² land,0.0
1570,kWh energy,8696607.232152613
1571,m3_wood,0.0
1571,kg_cotton,21697500.0
1571,m² land,0.0
1571,kWh energy,8553048.726333322
1572,m3_wood,0.0
1572,kg_cotton,21862500.0
1572,m² land,0.0
1572,kWh energy,8598684.09017059
1573,m3_wood,0.0
1573,kg_cotton,22522500.0
1573,m² land,0.0
1573,kWh energy,8855604.519438738
1574,m3_wood,0.0
1574,kg_cotton,21945000.0
1574,m² land,0.0
1574,kWh energy,8618151.045701008
1575,m3_wood,0.0
1575,kg_cotton,21120000.0
1575,m² land,0.0
1575,kWh energy,8298457.397366381
1576,m3_wood,0.0
1576,kg_cotton,20790000.0
1576,m² land,0.0
1576,kWh energy,8172823.077488863
1577,m3_wood,0.0
1577,kg_cotton,19635000.0
1577,m² land,0.0
1577,kWh energy,7677520.380629465
1578,m3_wood,0.0
1578,kg_cotton,20542500.0
1578,m² land,0.0
1578,kWh energy,8040227.075959364
1579,m3_wood,0.0
1579,kg_cotton,20047500.0
1579,m² land,0.0
1579,kWh energy,7849167.747502258
1580,m3_wood,0.0
1580,kg_cotton,20047500.0
1580,m² land,0.0
1580,kWh energy,7816167.74750226
1581,m3_wood,0.0
1581,kg_cotton,19882500.0
1581,m² land,0.0
1581,kWh energy,7837129.017835334
1582,m3_wood,0.0
1582,kg_cotton,19552500.0
1582,m² land,0.0
1582,kWh energy,7722057.876339668
1583,m3_wood,0.0
1583,kg_cotton,19717500.0
1583,m² land,0.0
1583,kWh energy,7732590.288168407
1584,m3_wood,0.0
1584,kg_cotton,19965000.0
1584,m² land,0.0
1584,kWh energy,7888629.42915424
1585,m3_wood,0.0
1585,kg_cotton,20707500.0
1585,m² land,0.0
1585,kWh energy,8133860.57319907
1586,m3_wood,0.0
1586,kg_cotton,20377500.0
1586,m² land,0.0
1586,kWh energy,8080751.524674293
1587,m3_wood,0.0
1587,kg_cotton,18727500.0
1587,m² land,0.0
1587,kWh energy,7520395.817195973
1588,m3_wood,0.0
1588,kg_cotton,17902500.0
1588,m² land,0.0
1588,kWh energy,7241702.168861348
1589,m3_wood,0.0
1589,kg_cotton,18562500.0
1589,m² land,0.0
1589,kWh energy,7448819.1804999355
1590,m3_wood,0.0
1590,kg_cotton,18892500.0
1590,m² land,0.0
1590,kWh energy,7645434.546862898
1591,m3_wood,0.0
1591,kg_cotton,17490000.0
1591,m² land,0.0
1591,kWh energy,7166105.344694035
1592,m3_wood,0.0
1592,kg_cotton,17160000.0
1592,m² land,0.0
1592,kWh energy,7008015.249683814
1593,m3_wood,182464.0
1593,kg_cotton,17325000.0
1593,m² land,0.0
1593,kWh energy,7030547.661512556
1594,m3_wood,0.0
1594,kg_cotton,17820000.0
1594,m² land,0.0
1594,kWh energy,7132163.850513331
1595,m3_wood,0.0
1595,kg_cotton,16665000.0
1595,m² land,0.0
1595,kWh energy,6682329.564463002
1596,m3_wood,0.0
1596,kg_cotton,17325000.0
1596,m² land,0.0
1596,kWh energy,6909997.118807072
1597,m3_wood,0.0
1597,kg_cotton,16335000.0
1597,m² land,0.0
1597,kWh energy,6492308.965672821
1598,m3_wood,0.0
1598,kg_cotton,16005000.0
1598,m² land,0.0
1598,kWh energy,6416206.234986228
1599,m3_wood,0.0
1599,kg_cotton,15840000.0
1599,m² land,0.0
1599,kWh energy,6349642.233966561
1600,m3_wood,0.0
1600,kg_cotton,15180000.0
1600,m² land,0.0
1600,kWh energy,6122468.3617843045
1601,m3_wood,0.0
1601,kg_cotton,14190000.0
1601,m² land,0.0
1601,kWh energy,5744254.937297313
1602,m3_wood,0.0
1602,kg_cotton,13530000.0
1602,m² land,0.0
1602,kWh energy,5518612.654305983
1603,m3_wood,8752.0
1603,kg_cotton,14107500.0
1603,m² land,0.0
1603,kWh energy,5762241.890302034
1604,m3_wood,0.0
1604,kg_cotton,14850000.0
1604,m² land,0.0
1604,kWh energy,6041422.491641383
1605,m3_wood,0.0
1605,kg_cotton,15757500.0
1605,m² land,0.0
1605,kWh energy,6307673.411838583
1606,m3_wood,0.0
1606,kg_cotton,16582500.0
1606,m² land,0.0
1606,kWh energy,6753867.060173205
1607,m3_wood,0.0
1607,kg_cotton,16087500.0
1607,m² land,0.0
1607,kWh energy,6639219.281981505
1608,m3_wood,38448.0
1608,kg_cotton,16170000.0
1608,m² land,0.0
1608,kWh energy,6523732.328976783
1609,m3_wood,0.0
1609,kg_cotton,16747500.0
1609,m² land,0.0
1609,kWh energy,6731905.789840131
1610,m3_wood,0.0
1610,kg_cotton,17655000.0
1610,m² land,0.0
1610,kWh energy,7037118.803008219
1611,m3_wood,0.0
1611,kg_cotton,18232500.0
1611,m² land,0.0
1611,kWh energy,7299248.039004271
1612,m3_wood,0.0
1612,kg_cotton,18810000.0
1612,m² land,0.0
1612,kWh energy,7542377.275000323
1613,m3_wood,0.0
1613,kg_cotton,18315000.0
1613,m² land,0.0
1613,kWh energy,7416735.814646807
1614,m3_wood,113120.0
1614,kg_cotton,18810000.0
1614,m² land,0.0
1614,kWh energy,7531763.553912984
1615,m3_wood,0.0
1615,kg_cotton,18975000.0
1615,m² land,0.0
1615,kWh energy,7585871.7797999475
1616,m3_wood,0.0
1616,kg_cotton,20377500.0
1616,m² land,0.0
1616,kWh energy,8189245.206836107
1617,m3_wood,0.0
1617,kg_cotton,18562500.0
1617,m² land,0.0
1617,kWh energy,7382357.087529046
1618,m3_wood,0.0
1618,kg_cotton,18645000.0
1618,m² land,0.0
1618,kWh energy,7412351.181009768
1619,m3_wood,0.0
1619,kg_cotton,17325000.0
1619,m² land,0.0
1619,kWh energy,6803541.343674368
1620,m3_wood,0.0
1620,kg_cotton,17572500.0
1620,m² land,0.0
1620,kWh energy,6917099.438174757
1621,m3_wood,0.0
1621,kg_cotton,17820000.0
1621,m² land,0.0
1621,kWh energy,6946151.214836957
1622,m3_wood,0.0
1622,kg_cotton,16995000.0
1622,m² land,0.0
1622,kWh energy,6643976.520016891
1623,m3_wood,0.0
1623,kg_cotton,17820000.0
1623,m² land,0.0
1623,kWh energy,6974170.168351514
1624,m3_wood,0.0
1624,kg_cotton,17077500.0
1624,m² land,0.0
1624,kWh energy,6704420.070792128
1625,m3_wood,0.0
1625,kg_cotton,17902500.0
1625,m² land,0.0
1625,kWh energy,7021120.036964935
1626,m3_wood,0.0
1626,kg_cotton,17490000.0
1626,m² land,0.0
1626,kWh energy,6901542.16631218
1627,m3_wood,0.0
1627,kg_cotton,17490000.0
1627,m² land,0.0
1627,kWh energy,6936573.755503106
1628,m3_wood,0.0
1628,kg_cotton,17820000.0
1628,m² land,0.0
1628,kWh energy,7073619.6256460305
1629,m3_wood,0.0
1629,kg_cotton,19387500.0
1629,m² land,0.0
1629,kWh energy,7673019.146672742
1630,m3_wood,0.0
1630,kg_cotton,19140000.0
1630,m² land,0.0
1630,kWh energy,7537492.6413632855
1631,m3_wood,0.0
1631,kg_cotton,19882500.0
1631,m² land,0.0
1631,kWh energy,7742666.924864446
1632,m3_wood,0.0
1632,kg_cotton,18727500.0
1632,m² land,0.0
1632,kWh energy,7386395.817195972
1633,m3_wood,0.0
1633,kg_cotton,18810000.0
1633,m² land,0.0
1633,kWh energy,7362389.9106766945
1634,m3_wood,0.0
1634,kg_cotton,18232500.0
1634,m² land,0.0
1634,kWh energy,7142279.628195199
1635,m3_wood,0.0
1635,kg_cotton,17820000.0
1635,m² land,0.0
1635,kWh energy,6974682.804027884
1636,m3_wood,0.0
1636,kg_cotton,17325000.0
1636,m² land,0.0
1636,kWh energy,6809009.754483441
1637,m3_wood,0.0
1637,kg_cotton,16830000.0
1637,m² land,0.0
1637,kWh energy,6655431.4725117795
1638,m3_wood,200000.0
1638,kg_cotton,16500000.0
1638,m² land,0.0
1638,kWh energy,6574872.966692484
1639,m3_wood,0.0
1639,kg_cotton,17407500.0
1639,m² land,0.0
1639,kWh energy,6977585.979860572
1640,m3_wood,0.0
1640,kg_cotton,17572500.0
1640,m² land,0.0
1640,kWh energy,7139624.709527495
1641,m3_wood,0.0
1641,kg_cotton,17902500.0
1641,m² land,0.0
1641,kWh energy,7180664.261832234
1642,m3_wood,0.0
1642,kg_cotton,17325000.0
1642,m² land,0.0
1642,kWh energy,6942884.534930603
1643,m3_wood,0.0
1643,kg_cotton,17160000.0
1643,m² land,0.0
1643,kWh energy,6838864.758778236
1644,m3_wood,0.0
1644,kg_cotton,17077500.0
1644,m² land,0.0
1644,kWh energy,6877008.520526723
1645,m3_wood,0.0
1645,kg_cotton,16830000.0
1645,m² land,0.0
1645,kWh energy,6792950.426026335
1646,m3_wood,0.0
1646,kg_cotton,16500000.0
1646,m² land,0.0
1646,kWh energy,6688872.966692485
1647,m3_wood,0.0
1647,kg_cotton,16170000.0
1647,m² land,0.0
1647,kWh energy,6535632.380776688
1648,m3_wood,0.0
1648,kg_cotton,16582500.0
1648,m² land,0.0
1648,kWh energy,6679892.331525946
1649,m3_wood,0.0
1649,kg_cotton,17242500.0
1649,m² land,0.0
1649,kWh energy,6900040.932355463
1650,m3_wood,0.0
1650,kg_cotton,17902500.0
1650,m² land,0.0
1650,kWh energy,7187702.168861345
1651,m3_wood,0.0
1651,kg_cotton,18480000.0
1651,m² land,0.0
1651,kWh energy,7360337.722695583
1652,m3_wood,0.0
1652,kg_cotton,19387500.0
1652,m² land,0.0
1652,kWh energy,7796550.735863669
1653,m3_wood,0.0
1653,kg_cotton,21120000.0
1653,m² land,0.0
1653,kWh energy,8382938.443851822
1654,m3_wood,0.0
1654,kg_cotton,20872500.0
1654,m² land,0.0
1654,kWh energy,8222886.667189623
1655,m3_wood,0.0
1655,kg_cotton,20460000.0
1655,m² land,0.0
1655,kWh energy,8081789.843022312
1656,m3_wood,0.0
1656,kg_cotton,19635000.0
1656,m² land,0.0
1656,kWh energy,7773089.876849501
1657,m3_wood,0.0
1657,kg_cotton,20130000.0
1657,m² land,0.0
1657,kWh energy,7887725.019364831
1658,m3_wood,0.0
1658,kg_cotton,21367500.0
1658,m² land,0.0
1658,kWh energy,8305015.491866773
1659,m3_wood,0.0
1659,kg_cotton,22522500.0
1659,m² land,0.0
1659,kWh energy,8795286.599535244
1660,m3_wood,0.0
1660,kg_cotton,23017500.0
1660,m² land,0.0
1660,kWh energy,8976239.661954071
1661,m3_wood,0.0
1661,kg_cotton,23512500.0
1661,m² land,0.0
1661,kWh energy,9230018.977536794
1662,m3_wood,0.0
1662,kg_cotton,22770000.0
1662,m² land,0.0
1662,kWh energy,8919819.42268289
1663,m3_wood,0.0
1663,kg_cotton,21780000.0
1663,m² land,0.0
1663,kWh energy,8602423.91809939
1664,m3_wood,0.0
1664,kg_cotton,21697500.0
1664,m² land,0.0
1664,kWh energy,8515055.044171508
1665,m3_wood,0.0
1665,kg_cotton,20130000.0
1665,m² land,0.0
1665,kWh energy,8054693.430173905
1666,m3_wood,0.0
1666,kg_cotton,17737500.0
1666,m² land,0.0
1666,kWh energy,7000000.312612474
1667,m3_wood,0.0
1667,kg_cotton,16087500.0
1667,m² land,0.0
1667,kWh energy,6446776.142525175
1668,m3_wood,0.0
1668,kg_cotton,14767500.0
1668,m² land,0.0
1668,kWh energy,5978466.305189776
1669,m3_wood,0.0
1669,kg_cotton,13530000.0
1669,m² land,0.0
1669,kWh energy,5519150.561335098
1670,m3_wood,0.0
1670,kg_cotton,12127500.0
1670,m² land,0.0
1670,kWh energy,5037315.041328049
1671,m3_wood,0.0
1671,kg_cotton,11302500.0
1671,m² land,0.0
1671,kWh energy,4669102.43947887
1672,m3_wood,0.0
1672,kg_cotton,11220000.0
1672,m² land,0.0
1672,kWh energy,4630133.617350891
1673,m3_wood,0.0
1673,kg_cotton,11385000.0
1673,m² land,0.0
1673,kWh energy,4743647.0756650735
1674,m3_wood,0.0
1674,kg_cotton,12292500.0
1674,m² land,0.0
1674,kWh energy,5165866.406671346
1675,m3_wood,0.0
1675,kg_cotton,13200000.0
1675,m² land,0.0
1675,kWh energy,5485935.246772041
1676,m3_wood,0.0
1676,kg_cotton,14437500.0
1676,m² land,0.0
1676,kWh energy,6001376.210179556
1677,m3_wood,0.0
1677,kg_cotton,14850000.0
1677,m² land,0.0
1677,kWh energy,6142985.670023236
1678,m3_wood,0.0
1678,kg_cotton,16005000.0
1678,m² land,0.0
1678,kWh energy,6484212.552824413
1679,m3_wood,0.0
1679,kg_cotton,15180000.0
1679,m² land,0.0
1679,kWh energy,6160063.1293570865
1680,m3_wood,0.0
1680,kg_cotton,15345000.0
1680,m² land,0.0
1680,kWh energy,6213601.859024012
1681,m3_wood,0.0
1681,kg_cotton,14602500.0
1681,m² land,0.0
1681,kWh energy,5940927.575522849
1682,m3_wood,0.0
1682,kg_cotton,14685000.0
1682,m² land,0.0
1682,kWh energy,5988745.906745253
1683,m3_wood,0.0
1683,kg_cotton,12540000.0
1683,m² land,0.0
1683,kWh energy,5165943.45468629
1684,m3_wood,0.0
1684,kg_cotton,12210000.0
1684,m² land,0.0
1684,kWh energy,4997365.9953524405
1685,m3_wood,0.0
1685,kg_cotton,11385000.0
1685,m² land,0.0
1685,kWh energy,4664672.347017815
1686,m3_wood,0.0
1686,kg_cotton,12375000.0
1686,m² land,0.0
1686,kWh energy,5077904.725019364
1687,m3_wood,107936.0
1687,kg_cotton,12540000.0
1687,m² land,0.0
1687,kWh energy,5230943.45468629
1688,m3_wood,0.0
1688,kg_cotton,12540000.0
1688,m² land,0.0
1688,kWh energy,5153411.865495362
1689,m3_wood,0.0
1689,kg_cotton,13035000.0
1689,m² land,0.0
1689,kWh energy,5348852.292237817
1690,m3_wood,0.0
1690,kg_cotton,13777500.0
1690,m² land,0.0
1690,kWh energy,5640513.940062609
1691,m3_wood,0.0
1691,kg_cotton,13695000.0
1691,m² land,0.0
1691,kWh energy,5593645.066134723
1692,m3_wood,0.0
1692,kg_cotton,13282500.0
1692,m² land,0.0
1692,kWh energy,5413060.877643782
1693,m3_wood,0.0
1693,kg_cotton,13942500.0
1693,m² land,0.0
1693,kWh energy,5570203.160635111
1694,m3_wood,1824.0
1694,kg_cotton,14685000.0
1694,m² land,0.0
1694,kWh energy,5835902.715489013
1695,m3_wood,0.0
1695,kg_cotton,16005000.0
1695,m² land,0.0
1695,kWh energy,6366231.506338969
1696,m3_wood,0.0
1696,kg_cotton,17902500.0
1696,m² land,0.0
1696,kWh energy,7019702.168861348
1697,m3_wood,0.0
1697,kg_cotton,17737500.0
1697,m² land,0.0
1697,kWh energy,6993619.214327124
1698,m3_wood,0.0
1698,kg_cotton,18810000.0
1698,m² land,0.0
1698,kWh energy,7388864.639323952
1699,m3_wood,0.0
1699,kg_cotton,18397500.0
1699,m² land,0.0
1699,kWh energy,7291786.768671195
1700,m3_wood,0.0
1700,kg_cotton,19965000.0
1700,m² land,0.0
1700,kWh energy,7791686.289697909
1701,m3_wood,0.0
1701,kg_cotton,20707500.0
1701,m² land,0.0
1701,kWh energy,8112360.573199071
1702,m3_wood,0.0
1702,kg_cotton,21037500.0
1702,m² land,0.0
1702,kWh energy,8237438.032532921
1703,m3_wood,8752.0
1703,kg_cotton,21120000.0
1703,m² land,0.0
1703,kWh energy,8235394.218984528
1704,m3_wood,0.0
1704,kg_cotton,20790000.0
1704,m² land,0.0
1704,kWh energy,8089379.938032532
1705,m3_wood,0.0
1705,kg_cotton,20872500.0
1705,m² land,0.0
1705,kWh energy,8158392.985027808
1706,m3_wood,0.0
1706,kg_cotton,19305000.0
1706,m² land,0.0
1706,kWh energy,7510531.371030207
1707,m3_wood,0.0
1707,kg_cotton,17242500.0
1707,m² land,0.0
1707,kWh energy,6717009.343164535
1708,m3_wood,0.0
1708,kg_cotton,17325000.0
1708,m² land,0.0
1708,kWh energy,6790566.615027111
1709,m3_wood,0.0
1709,kg_cotton,17077500.0
1709,m² land,0.0
1709,kWh energy,6752508.520526726
1710,m3_wood,0.0
1710,kg_cotton,16500000.0
1710,m² land,0.0
1710,kWh energy,6524872.966692486
1711,m3_wood,0.0
1711,kg_cotton,16995000.0
1711,m² land,0.0
1711,kWh energy,6757463.88434052
1712,m3_wood,0.0
1712,kg_cotton,16912500.0
1712,m² land,0.0
1712,kWh energy,6676938.201668871
1713,m3_wood,0.0
1713,kg_cotton,19057500.0
1713,m² land,0.0
1713,kWh energy,7482948.005177079
1714,m3_wood,0.0
1714,kg_cotton,18067500.0
1714,m² land,0.0
1714,kWh energy,7097209.309337346
1715,m3_wood,0.0
1715,kg_cotton,18397500.0
1715,m² land,0.0
1715,kWh energy,7184318.3578621205
1716,m3_wood,0.0
1716,kg_cotton,19057500.0
1716,m² land,0.0
1716,kWh energy,7534429.051662524
1717,m3_wood,0.0
1717,kg_cotton,18810000.0
1717,m² land,0.0
1717,kWh energy,7465377.275000319
1718,m3_wood,0.0
1718,kg_cotton,19635000.0
1718,m² land,0.0
1718,kWh energy,7839077.2411731295
1719,m3_wood,0.0
1719,kg_cotton,20047500.0
1719,m² land,0.0
1719,kWh energy,7965705.654531371
1720,m3_wood,0.0
1720,kg_cotton,20377500.0
1720,m² land,0.0
1720,kWh energy,8156270.47818885
1721,m3_wood,0.0
1721,kg_cotton,21862500.0
1721,m² land,0.0
1721,kWh energy,8678574.820323873
1722,m3_wood,0.0
1722,kg_cotton,23347500.0
1722,m² land,0.0
1722,kWh energy,9248936.023002569
1723,m3_wood,0.0
1723,kg_cotton,24915000.0
1723,m² land,0.0
1723,kWh energy,9726803.954838352
1724,m3_wood,0.0
1724,kg_cotton,25410000.0
1724,m² land,0.0
1724,kWh energy,9891958.050868243
1725,m3_wood,0.0
1725,kg_cotton,25492500.0
1725,m² land,0.0
1725,kWh energy,9988483.733539894
1726,m3_wood,0.0
1726,kg_cotton,24420000.0
1726,m² land,0.0
1726,kWh energy,9622231.99070488
1727,m3_wood,0.0
1727,kg_cotton,22357500.0
1727,m² land,0.0
1727,kWh energy,8827697.327162836
1728,m3_wood,0.0
1728,kg_cotton,21780000.0
1728,m² land,0.0
1728,kWh energy,8639093.362519529
1729,m3_wood,0.0
1729,kg_cotton,20130000.0
1729,m² land,0.0
1729,kWh energy,8013699.748012092
1730,m3_wood,0.0
1730,kg_cotton,20707500.0
1730,m² land,0.0
1730,kWh energy,8228197.446617122
1731,m3_wood,0.0
1731,kg_cotton,18975000.0
1731,m² land,0.0
1731,kWh energy,7529953.911696362
1732,m3_wood,0.0
1732,kg_cotton,17160000.0
1732,m² land,0.0
1732,kWh energy,6832527.885360186
1733,m3_wood,0.0
1733,kg_cotton,16500000.0
1733,m² land,0.0
1733,kWh energy,6583372.966692485
1734,m3_wood,0.0
1734,kg_cotton,15922500.0
1734,m² land,0.0
1734,kWh energy,6371511.107894444
1735,m3_wood,0.0
1735,kg_cotton,16005000.0
1735,m² land,0.0
1735,kWh energy,6446699.917148041
1736,m3_wood,0.0
1736,kg_cotton,16500000.0
1736,m² land,0.0
1736,kWh energy,6676347.695339743
1737,m3_wood,0.0
1737,kg_cotton,16417500.0
1737,m² land,0.0
1737,kWh energy,6738328.330506279
1738,m3_wood,0.0
1738,kg_cotton,15427500.0
1738,m² land,0.0
1738,kWh energy,6283595.952504732
1739,m3_wood,0.0
1739,kg_cotton,16170000.0
1739,m² land,0.0
1739,kWh energy,6536295.507358636
1740,m3_wood,0.0
1740,kg_cotton,15757500.0
1740,m² land,0.0
1740,kWh energy,6382160.776162208
1741,m3_wood,0.0
1741,kg_cotton,15180000.0
1741,m² land,0.0
1741,kWh energy,6155031.540166159
1742,m3_wood,0.0
1742,kg_cotton,15345000.0
1742,m² land,0.0
1742,kWh energy,6243532.362803972
1743,m3_wood,0.0
1743,kg_cotton,15180000.0
1743,m² land,0.0
1743,kWh energy,6116400.002775137
1744,m3_wood,0.0
1744,kg_cotton,14025000.0
1744,m² land,0.0
1744,kWh energy,5719292.021688611
1745,m3_wood,0.0
1745,kg_cotton,14025000.0
1745,m² land,0.0
1745,kWh energy,5767292.021688612
1746,m3_wood,0.0
1746,kg_cotton,15097500.0
1746,m² land,0.0
1746,kWh energy,6142005.857494511
1747,m3_wood,6592.0
1747,kg_cotton,14850000.0
1747,m² land,0.0
1747,kWh energy,6033941.445155936
1748,m3_wood,11872.0
1748,kg_cotton,13447500.0
1748,m² land,0.0
1748,kWh energy,5440137.514339819
1749,m3_wood,0.0
1749,kg_cotton,13365000.0
1749,m² land,0.0
1749,kWh energy,5382611.831668171
1750,m3_wood,0.0
1750,kg_cotton,14437500.0
1750,m² land,0.0
1750,kWh energy,5818388.845855924
1751,m3_wood,0.0
1751,kg_cotton,14190000.0
1751,m² land,0.0
1751,kWh energy,5761830.751355539
1752,m3_wood,0.0
1752,kg_cotton,12705000.0
1752,m² land,0.0
1752,kWh energy,5184982.184353213
1753,m3_wood,0.0
1753,kg_cotton,12210000.0
1753,m² land,0.0
1753,kWh energy,5022334.406161512
1754,m3_wood,0.0
1754,kg_cotton,11880000.0
1754,m² land,0.0
1754,kWh energy,4893256.946827662
1755,m3_wood,0.0
1755,kg_cotton,11715000.0
1755,m² land,0.0
1755,kWh energy,4821711.899322552
1756,m3_wood,0.0
1756,kg_cotton,10147500.0
1756,m² land,0.0
1756,kWh energy,4208381.874515879
1757,m3_wood,0.0
1757,kg_cotton,10725000.0
1757,m² land,0.0
1757,kWh energy,4439517.428350115
1758,m3_wood,0.0
1758,kg_cotton,10890000.0
1758,m² land,0.0
1758,kWh energy,4447556.158017041
1759,m3_wood,0.0
1759,kg_cotton,11962500.0
1759,m² land,0.0
1759,kWh energy,4874307.9008520525
1760,m3_wood,0.0
1760,kg_cotton,10890000.0
1760,m² land,0.0
1760,kWh energy,4383530.886664298
1761,m3_wood,0.0
1761,kg_cotton,10972500.0
1761,m² land,0.0
1761,kWh energy,4514543.933659576
1762,m3_wood,0.0
1762,kg_cotton,10807500.0
1762,m² land,0.0
1762,kWh energy,4465848.395248887
1763,m3_wood,0.0
1763,kg_cotton,10642500.0
1763,m² land,0.0
1763,kWh energy,4430498.063516653
1764,m3_wood,0.0
1764,kg_cotton,9652500.0
1764,m² land,0.0
1764,kWh energy,3996234.0963241784
1765,m3_wood,0.0
1765,kg_cotton,10065000.0
1765,m² land,0.0
1765,kWh energy,4107337.238329676
1766,m3_wood,0.0
1766,kg_cotton,10642500.0
1766,m² land,0.0
1766,kWh energy,4343472.79216391
1767,m3_wood,0.0
1767,kg_cotton,10972500.0
1767,m² land,0.0
1767,kWh energy,4460537.61582139
1768,m3_wood,0.0
1768,kg_cotton,12457500.0
1768,m² land,0.0
1768,kWh energy,5122911.454176458
1769,m3_wood,0.0
1769,kg_cotton,13447500.0
1769,m² land,0.0
1769,kWh energy,5467643.832178006
1770,m3_wood,0.0
1770,kg_cotton,13612500.0
1770,m² land,0.0
1770,kWh energy,5481532.070939355
1771,m3_wood,0.0
1771,kg_cotton,13777500.0
1771,m² land,0.0
1771,kWh energy,5536733.927188225
1772,m3_wood,0.0
1772,kg_cotton,14437500.0
1772,m² land,0.0
1772,kWh energy,5852888.845855925
1773,m3_wood,0.0
1773,kg_cotton,16417500.0
1773,m² land,0.0
1773,kWh energy,6652847.284020839
1774,m3_wood,0.0
1774,kg_cotton,15345000.0
1774,m² land,0.0
1774,kWh energy,6162400.825412951
1775,m3_wood,0.0
1775,kg_cotton,16087500.0
1775,m² land,0.0
1775,kWh energy,6438219.281981505
1776,m3_wood,0.0
1776,kg_cotton,16335000.0
1776,m² land,0.0
1776,kWh energy,6447777.376481893
1777,m3_wood,0.0
1777,kg_cotton,17902500.0
1777,m² land,0.0
1777,kWh energy,7039676.897508605
1778,m3_wood,0.0
1778,kg_cotton,19717500.0
1778,m² land,0.0
1778,kWh energy,7794102.92384478
1779,m3_wood,0.0
1779,kg_cotton,20295000.0
1779,m² land,0.0
1779,kWh energy,7999738.477679017
1780,m3_wood,0.0
1780,kg_cotton,21450000.0
1780,m² land,0.0
1780,kWh energy,8390534.856700232
1781,m3_wood,0.0
1781,kg_cotton,21780000.0
1781,m² land,0.0
1781,kWh energy,8553612.316034082
1782,m3_wood,0.0
1782,kg_cotton,21697500.0
1782,m² land,0.0
1782,kWh energy,8495092.951200617
1783,m3_wood,0.0
1783,kg_cotton,22687500.0
1783,m² land,0.0
1783,kWh energy,8877825.32920217
1784,m3_wood,0.0
1784,kg_cotton,23347500.0
1784,m² land,0.0
1784,kWh energy,9144480.24786987
1785,m3_wood,0.0
1785,kg_cotton,23925000.0
1785,m² land,0.0
1785,kWh energy,9417115.801704105
1786,m3_wood,0.0
1786,kg_cotton,24667500.0
1786,m² land,0.0
1786,kWh energy,9546290.085205268
1787,m3_wood,0.0
1787,kg_cotton,24585000.0
1787,m² land,0.0
1787,kWh energy,9542270.720371805
1788,m3_wood,0.0
1788,kg_cotton,24997500.0
1788,m² land,0.0
1788,kWh energy,9709317.001833636
1789,m3_wood,0.0
1789,kg_cotton,24007500.0
1789,m² land,0.0
1789,kWh energy,9369078.3059939
1790,m3_wood,0.0
1790,kg_cotton,24502500.0
1790,m² land,0.0
1790,kWh energy,9534232.402023785
1791,m3_wood,0.0
1791,kg_cotton,23430000.0
1791,m² land,0.0
1791,kWh energy,9146980.659188775
1792,m3_wood,0.0
1792,kg_cotton,22440000.0
1792,m² land,0.0
1792,kWh energy,8711267.23470178
1793,m3_wood,0.0
1793,kg_cotton,22852500.0
1793,m² land,0.0
1793,kWh energy,8865326.151839983
1794,m3_wood,0.0
1794,kg_cotton,21697500.0
1794,m² land,0.0
1794,kWh energy,8428561.362009691
1795,m3_wood,0.0
1795,kg_cotton,20872500.0
1795,m² land,0.0
1795,kWh energy,8179861.395836884
1796,m3_wood,0.0
1796,kg_cotton,20212500.0
1796,m² land,0.0
1796,kWh energy,7986681.205816441
1797,m3_wood,0.0
1797,kg_cotton,18727500.0
1797,m² land,0.0
1797,kWh energy,7434326.320975934
1798,m3_wood,0.0
1798,kg_cotton,18645000.0
1798,m² land,0.0
1798,kWh energy,7411857.498847955
1799,m3_wood,0.0
1799,kg_cotton,17490000.0
1799,m² land,0.0
1799,kWh energy,7088092.709017665
1800,m3_wood,0.0
1800,kg_cotton,16417500.0
1800,m² land,0.0
1800,kWh energy,6730847.284020836
1801,m3_wood,0.0
1801,kg_cotton,15840000.0
1801,m² land,0.0
1801,kWh energy,6449718.048024788
1802,m3_wood,0.0
1802,kg_cotton,16417500.0
1802,m² land,0.0
1802,kWh energy,6635315.694829912
1803,m3_wood,0.0
1803,kg_cotton,15675000.0
1803,m² land,0.0
1803,kWh energy,6374647.729166936
1804,m3_wood,0.0
1804,kg_cotton,16005000.0
1804,m² land,0.0
1804,kWh energy,6576756.777691713
1805,m3_wood,0.0
1805,kg_cotton,15592500.0
1805,m² land,0.0
1805,kWh energy,6409659.953524399
1806,m3_wood,0.0
1806,kg_cotton,15345000.0
1806,m² land,0.0
1806,kWh energy,6305601.85902401
1807,m3_wood,0.0
1807,kg_cotton,15757500.0
1807,m² land,0.0
1807,kWh energy,6510010.285256633
1808,m3_wood,0.0
1808,kg_cotton,15262500.0
1808,m² land,0.0
1808,kWh energy,6266569.858514179
1809,m3_wood,0.0
1809,kg_cotton,14767500.0
1809,m² land,0.0
1809,kWh energy,6101953.669513403
1810,m3_wood,27440.0
1810,kg_cotton,13777500.0
1810,m² land,0.0
1810,kWh energy,5677727.60935004
1811,m3_wood,0.0
1811,kg_cotton,14272500.0
1811,m² land,0.0
1811,kWh energy,5862758.352424657
1812,m3_wood,0.0
1812,kg_cotton,14272500.0
1812,m² land,0.0
1812,kWh energy,5866850.116189002
1813,m3_wood,0.0
1813,kg_cotton,13117500.0
1813,m² land,0.0
1813,kWh energy,5423079.008520528
1814,m3_wood,0.0
1814,kg_cotton,12292500.0
1814,m² land,0.0
1814,kWh energy,5090385.360185903
1815,m3_wood,0.0
1815,kg_cotton,11797500.0
1815,m² land,0.0
1815,kWh energy,4830769.171185127
1816,m3_wood,110592.0
1816,kg_cotton,12375000.0
1816,m² land,0.0
1816,kWh energy,5080578.47185547
1817,m3_wood,0.0
1817,kg_cotton,12457500.0
1817,m² land,0.0
1817,kWh energy,5022424.0898528285
1818,m3_wood,0.0
1818,kg_cotton,12210000.0
1818,m² land,0.0
1818,kWh energy,4946365.9953524405
1819,m3_wood,0.0
1819,kg_cotton,11302500.0
1819,m² land,0.0
1819,kWh energy,4613652.982184353
1820,m3_wood,0.0
1820,kg_cotton,11467500.0
1820,m² land,0.0
1820,kWh energy,4659691.711851278
1821,m3_wood,0.0
1821,kg_cotton,11880000.0
1821,m² land,0.0
1821,kWh energy,4862625.409436642
1822,m3_wood,27488.0
1822,kg_cotton,11550000.0
1822,m² land,0.0
1822,kWh energy,4781211.076684739
1823,m3_wood,0.0
1823,kg_cotton,9982500.0
1823,m² land,0.0
1823,kWh energy,4143317.8734962116
1824,m3_wood,0.0
1824,kg_cotton,10560000.0
1824,m² land,0.0
1824,kWh energy,4329947.109492263
1825,m3_wood,0.0
1825,kg_cotton,8992500.0
1825,m² land,0.0
1825,kWh energy,3790079.1776564773
1826,m3_wood,0.0
1826,kg_cotton,10230000.0
1826,m² land,0.0
1826,kWh energy,4305074.986185445
1827,m3_wood,0.0
1827,kg_cotton,9570000.0
1827,m² land,0.0
1827,kWh energy,4006746.320681642
1828,m3_wood,0.0
1828,kg_cotton,8992500.0
1828,m² land,0.0
1828,kWh energy,3791610.7668474047
1829,m3_wood,0.0
1829,kg_cotton,8910000.0
1829,m² land,0.0
1829,kWh energy,3719059.8128230153
1830,m3_wood,0.0
1830,kg_cotton,9157500.0
1830,m² land,0.0
1830,kWh energy,3786611.5894852174
1831,m3_wood,0.0
1831,kg_cotton,9735000.0
1831,m² land,0.0
1831,kWh energy,4010285.0503485664
1832,m3_wood,0.0
1832,kg_cotton,10477500.0
1832,m² land,0.0
1832,kWh energy,4416459.333849728
1833,m3_wood,0.0
1833,kg_cotton,9982500.0
1833,m² land,0.0
1833,kWh energy,4159343.1448489544
1834,m3_wood,0.0
1834,kg_cotton,9157500.0
1834,m² land,0.0
1834,kWh energy,3813117.907323403
1835,m3_wood,0.0
1835,kg_cotton,9157500.0
1835,m² land,0.0
1835,kWh energy,3799461.09857964
1836,m3_wood,0.0
1836,kg_cotton,10312500.0
1836,m² land,0.0
1836,kWh energy,4232920.604182803
1837,m3_wood,0.0
1837,kg_cotton,10725000.0
1837,m² land,0.0
1837,kWh energy,4410854.301768167
1838,m3_wood,0.0
1838,kg_cotton,10312500.0
1838,m² land,0.0
1838,kWh energy,4267920.604182804
1839,m3_wood,0.0
1839,kg_cotton,11632500.0
1839,m² land,0.0
1839,kWh energy,4798730.441518202
1840,m3_wood,0.0
1840,kg_cotton,11137500.0
1840,m² land,0.0
1840,kWh energy,4594101.616841057
1841,m3_wood,0.0
1841,kg_cotton,11962500.0
1841,m² land,0.0
1841,kWh energy,4987295.265175683
1842,m3_wood,0.0
1842,kg_cotton,11797500.0
1842,m² land,0.0
1842,kWh energy,4767269.1711851265
1843,m3_wood,0.0
1843,kg_cotton,11962500.0
1843,m² land,0.0
1843,kWh energy,4901807.9008520525
1844,m3_wood,0.0
1844,kg_cotton,12787500.0
1844,m² land,0.0
1844,kWh energy,5147838.4226047285
1845,m3_wood,0.0
1845,kg_cotton,13447500.0
1845,m² land,0.0
1845,kWh energy,5461656.467854376
1846,m3_wood,0.0
1846,kg_cotton,14355000.0
1846,m² land,0.0
1846,kWh energy,5765369.481022462
1847,m3_wood,0.0
1847,kg_cotton,14437500.0
1847,m² land,0.0
1847,kWh energy,5811388.845855927
1848,m3_wood,0.0
1848,kg_cotton,16747500.0
1848,m² land,0.0
1848,kWh energy,6820211.074067257
1849,m3_wood,0.0
1849,kg_cotton,17077500.0
1849,m² land,0.0
1849,kWh energy,6961970.613497611
1850,m3_wood,0.0
1850,kg_cotton,18810000.0
1850,m² land,0.0
1850,kWh energy,7459415.182029434
1851,m3_wood,0.0
1851,kg_cotton,20295000.0
1851,m² land,0.0
1851,kWh energy,8035757.431193572
1852,m3_wood,0.0
1852,kg_cotton,21202500.0
1852,m² land,0.0
1852,kWh energy,8316464.126523472
1853,m3_wood,0.0
1853,kg_cotton,22357500.0
1853,m² land,0.0
1853,kWh energy,8711747.869868318
1854,m3_wood,0.0
1854,kg_cotton,23677500.0
1854,m² land,0.0
1854,kWh energy,9151057.707203716
1855,m3_wood,0.0
1855,kg_cotton,23842500.0
1855,m² land,0.0
1855,kWh energy,9238064.847679714
1856,m3_wood,0.0
1856,kg_cotton,25410000.0
1856,m² land,0.0
1856,kWh energy,9779426.461677317
1857,m3_wood,0.0
1857,kg_cotton,25657500.0
1857,m² land,0.0
1857,kWh energy,9969516.14536863
1858,m3_wood,0.0
1858,kg_cotton,25657500.0
1858,m² land,0.0
1858,kWh energy,9879846.700948497
1859,m3_wood,0.0
1859,kg_cotton,24915000.0
1859,m² land,0.0
1859,kWh energy,9596848.179705651
1860,m3_wood,0.0
1860,kg_cotton,25987500.0
1860,m² land,0.0
1860,kWh energy,10032599.922540667
1861,m3_wood,0.0
1861,kg_cotton,25245000.0
1861,m² land,0.0
1861,kWh energy,9796400.367686762
1862,m3_wood,0.0
1862,kg_cotton,23760000.0
1862,m² land,0.0
1862,kWh energy,9196545.482846254
1863,m3_wood,0.0
1863,kg_cotton,24502500.0
1863,m² land,0.0
1863,kWh energy,9457732.402023785
1864,m3_wood,0.0
1864,kg_cotton,23512500.0
1864,m² land,0.0
1864,kWh energy,9144993.70618405
1865,m3_wood,0.0
1865,kg_cotton,22110000.0
1865,m² land,0.0
1865,kWh energy,8615189.775367932
1866,m3_wood,0.0
1866,kg_cotton,21697500.0
1866,m² land,0.0
1866,kWh energy,8525092.951200621
1867,m3_wood,0.0
1867,kg_cotton,20955000.0
1867,m² land,0.0
1867,kWh energy,8262380.760670343
1868,m3_wood,0.0
1868,kg_cotton,20377500.0
1868,m² land,0.0
1868,kWh energy,8130783.113865221
1869,m3_wood,0.0
1869,kg_cotton,19882500.0
1869,m² land,0.0
1869,kWh energy,7896666.924864447
1870,m3_wood,0.0
1870,kg_cotton,19222500.0
1870,m² land,0.0
1870,kWh energy,7645980.417005818
1871,m3_wood,0.0
1871,kg_cotton,18892500.0
1871,m² land,0.0
1871,kWh energy,7493877.686319226
1872,m3_wood,0.0
1872,kg_cotton,17902500.0
1872,m² land,0.0
1872,kWh energy,7052170.579670421
1873,m3_wood,0.0
1873,kg_cotton,17902500.0
1873,m² land,0.0
1873,kWh energy,7059007.45308847
1874,m3_wood,0.0
1874,kg_cotton,19140000.0
1874,m² land,0.0
1874,kWh energy,7618492.641363285
1875,m3_wood,0.0
1875,kg_cotton,18562500.0
1875,m² land,0.0
1875,kWh energy,7517331.8161763055
1876,m3_wood,0.0
1876,kg_cotton,18397500.0
1876,m² land,0.0
1876,kWh energy,7435299.404347565
1877,m3_wood,0.0
1877,kg_cotton,15757500.0
1877,m² land,0.0
1877,kWh energy,6354173.411838584
1878,m3_wood,0.0
1878,kg_cotton,15345000.0
1878,m² land,0.0
1878,kWh energy,6154413.461089321
1879,m3_wood,8144.0
1879,kg_cotton,14437500.0
1879,m² land,0.0
1879,kWh energy,5881850.938826814
1880,m3_wood,0.0
1880,kg_cotton,14272500.0
1880,m² land,0.0
1880,kWh energy,5821824.844836258
1881,m3_wood,0.0
1881,kg_cotton,12952500.0
1881,m² land,0.0
1881,kWh energy,5293015.00750086
1882,m3_wood,64000.0
1882,kg_cotton,12292500.0
1882,m² land,0.0
1882,kWh energy,5042853.770994973
1883,m3_wood,0.0
1883,kg_cotton,11632500.0
1883,m² land,0.0
1883,kWh energy,4800705.17016546
1884,m3_wood,0.0
1884,kg_cotton,11220000.0
1884,m² land,0.0
1884,kWh energy,4686114.663836333
1885,m3_wood,0.0
1885,kg_cotton,11055000.0
1885,m² land,0.0
1885,kWh energy,4624094.887683965
1886,m3_wood,0.0
1886,kg_cotton,11962500.0
1886,m² land,0.0
1886,kWh energy,4993307.9008520525
1887,m3_wood,0.0
1887,kg_cotton,11385000.0
1887,m² land,0.0
1887,kWh energy,4716172.347017816
1888,m3_wood,0.0
1888,kg_cotton,11385000.0
1888,m² land,0.0
1888,kWh energy,4749672.347017816
1889,m3_wood,0.0
1889,kg_cotton,11715000.0
1889,m² land,0.0
1889,kWh energy,4912249.806351666
1890,m3_wood,0.0
1890,kg_cotton,10642500.0
1890,m² land,0.0
1890,kWh energy,4448998.063516654
1891,m3_wood,0.0
1891,kg_cotton,11055000.0
1891,m² land,0.0
1891,kWh energy,4670094.887683965
1892,m3_wood,0.0
1892,kg_cotton,9817500.0
1892,m² land,0.0
1892,kWh energy,4134304.4151820294
1893,m3_wood,0.0
1893,kg_cotton,9817500.0
1893,m² land,0.0
1893,kWh energy,4125804.41518203
1894,m3_wood,0.0
1894,kg_cotton,9652500.0
1894,m² land,0.0
1894,kWh energy,3987240.414162363
1895,m3_wood,0.0
1895,kg_cotton,10230000.0
1895,m² land,0.0
1895,kWh energy,4239394.9215111565
1896,m3_wood,0.0
1896,kg_cotton,10807500.0
1896,m² land,0.0
1896,kWh energy,4475036.793183578
1897,m3_wood,0.0
1897,kg_cotton,9817500.0
1897,m² land,0.0
1897,kWh energy,4062804.41518203
1898,m3_wood,0.0
1898,kg_cotton,10065000.0
1898,m² land,0.0
1898,kWh energy,4156699.3831004687
1899,m3_wood,0.0
1899,kg_cotton,9817500.0
1899,m² land,0.0
1899,kWh energy,4105266.508152917
1900,m3_wood,0.0
1900,kg_cotton,9735000.0
1900,m² land,0.0
1900,kWh energy,4015753.46115764
1901,m3_wood,0.0
1901,kg_cotton,9075000.0
1901,m² land,0.0
1901,kWh energy,3728611.1781663112
1902,m3_wood,90704.0
1902,kg_cotton,8992500.0
1902,m² land,0.0
1902,kWh energy,3682091.8133328487
1903,m3_wood,157744.0
1903,kg_cotton,9817500.0
1903,m² land,0.0
1903,kWh energy,4053304.415182029
1904,m3_wood,0.0
1904,kg_cotton,8827500.0
1904,m² land,0.0
1904,kWh energy,3676072.03718048
1905,m3_wood,0.0
1905,kg_cotton,9157500.0
1905,m² land,0.0
1905,kWh energy,3910149.49651433
1906,m3_wood,0.0
1906,kg_cotton,7590000.0
1906,m² land,0.0
1906,kWh energy,3181768.9290021723
1907,m3_wood,0.0
1907,kg_cotton,6930000.0
1907,m² land,0.0
1907,kWh energy,2979626.646010844
1908,m3_wood,0.0
1908,kg_cotton,7590000.0
1908,m² land,0.0
1908,kWh energy,3325618.438096595
1909,m3_wood,0.0
1909,kg_cotton,7837500.0
1909,m² land,0.0
1909,kWh energy,3407839.659178932
1910,m3_wood,0.0
1910,kg_cotton,7342500.0
1910,m² land,0.0
1910,kWh energy,3228723.4701781557
1911,m3_wood,0.0
1911,kg_cotton,7590000.0
1911,m² land,0.0
1911,kWh energy,3306281.564678544
1912,m3_wood,0.0
1912,kg_cotton,8910000.0
1912,m² land,0.0
1912,kWh energy,3791091.402013943
1913,m3_wood,0.0
1913,kg_cotton,9322500.0
1913,m² land,0.0
1913,kWh energy,3945688.2261812547
1914,m3_wood,0.0
1914,kg_cotton,10477500.0
1914,m² land,0.0
1914,kWh energy,4388459.333849728
1915,m3_wood,0.0
1915,kg_cotton,11632500.0
1915,m² land,0.0
1915,kWh energy,4847230.441518203
1916,m3_wood,0.0
1916,kg_cotton,13117500.0
1916,m² land,0.0
1916,kWh energy,5483579.008520528
1917,m3_wood,0.0
1917,kg_cotton,14602500.0
1917,m² land,0.0
1917,kWh energy,6115927.57552285
1918,m3_wood,0.0
1918,kg_cotton,14520000.0
1918,m² land,0.0
1918,kWh energy,5933408.21068939
1919,m3_wood,0.0
1919,kg_cotton,15345000.0
1919,m² land,0.0
1919,kWh energy,6178601.859024013
1920,m3_wood,0.0
1920,kg_cotton,15757500.0
1920,m² land,0.0
1920,kWh energy,6337198.683191325
1921,m3_wood,0.0
1921,kg_cotton,16005000.0
1921,m² land,0.0
1921,kWh energy,6386256.777691713
1922,m3_wood,0.0
1922,kg_cotton,18480000.0
1922,m² land,0.0
1922,kWh energy,7430837.722695583
1923,m3_wood,0.0
1923,kg_cotton,18975000.0
1923,m² land,0.0
1923,kWh energy,7523953.9116963595
1924,m3_wood,0.0
1924,kg_cotton,20212500.0
1924,m² land,0.0
1924,kWh energy,7974744.384198299
1925,m3_wood,0.0
1925,kg_cotton,20130000.0
1925,m² land,0.0
1925,kWh energy,7880225.019364834
1926,m3_wood,0.0
1926,kg_cotton,20955000.0
1926,m² land,0.0
1926,kWh energy,8182418.667699458
1927,m3_wood,0.0
1927,kg_cotton,21780000.0
1927,m² land,0.0
1927,kWh energy,8560612.316034084
1928,m3_wood,0.0
1928,kg_cotton,21367500.0
1928,m² land,0.0
1928,kWh energy,8389515.491866771
1929,m3_wood,0.0
1929,kg_cotton,20542500.0
1929,m² land,0.0
1929,kWh energy,8099821.843532143
1930,m3_wood,0.0
1930,kg_cotton,19882500.0
1930,m² land,0.0
1930,kWh energy,7764666.924864444
1931,m3_wood,0.0
1931,kg_cotton,19552500.0
1931,m² land,0.0
1931,kWh energy,7657589.465530597
1932,m3_wood,0.0
1932,kg_cotton,21367500.0
1932,m² land,0.0
1932,kWh energy,8368515.491866767
1933,m3_wood,0.0
1933,kg_cotton,22027500.0
1933,m² land,0.0
1933,kWh energy,8619170.41053447
1934,m3_wood,0.0
1934,kg_cotton,22522500.0
1934,m² land,0.0
1934,kWh energy,8765786.599535244
1935,m3_wood,0.0
1935,kg_cotton,22110000.0
1935,m² land,0.0
1935,kWh energy,8587689.775367932
1936,m3_wood,0.0
1936,kg_cotton,22110000.0
1936,m² land,0.0
1936,kWh energy,8710189.77536793
1937,m3_wood,0.0
1937,kg_cotton,21615000.0
1937,m² land,0.0
1937,kWh energy,8412573.586367156
1938,m3_wood,0.0
1938,kg_cotton,21532500.0
1938,m² land,0.0
1938,kWh energy,8387391.094951744
1939,m3_wood,0.0
1939,kg_cotton,19717500.0
1939,m² land,0.0
1939,kWh energy,7708465.0686155725
1940,m3_wood,0.0
1940,kg_cotton,20212500.0
1940,m² land,0.0
1940,kWh energy,7898244.384198295
1941,m3_wood,0.0
1941,kg_cotton,20212500.0
1941,m² land,0.0
1941,kWh energy,8038744.384198293
1942,m3_wood,0.0
1942,kg_cotton,18480000.0
1942,m² land,0.0
1942,kWh energy,7356337.722695581
1943,m3_wood,0.0
1943,kg_cotton,17737500.0
1943,m² land,0.0
1943,kWh energy,7141663.439194421
1944,m3_wood,0.0
1944,kg_cotton,16170000.0
1944,m² land,0.0
1944,kWh energy,6580295.507358636
1945,m3_wood,0.0
1945,kg_cotton,13777500.0
1945,m² land,0.0
1945,kWh energy,5583233.927188225
1946,m3_wood,0.0
1946,kg_cotton,13942500.0
1946,m² land,0.0
1946,kWh energy,5797272.656855151
1947,m3_wood,0.0
1947,kg_cotton,14272500.0
1947,m² land,0.0
1947,kWh energy,5759850.116188998
1948,m3_wood,0.0
1948,kg_cotton,13035000.0
1948,m² land,0.0
1948,kWh energy,5278559.643687064
1949,m3_wood,0.0
1949,kg_cotton,13282500.0
1949,m² land,0.0
1949,kWh energy,5360117.738187452
1950,m3_wood,0.0
1950,kg_cotton,11632500.0
1950,m² land,0.0
1950,kWh energy,4774230.441518203
1951,m3_wood,57616.0
1951,kg_cotton,12045000.0
1951,m² land,0.0
1951,kWh energy,5015327.265685516
1952,m3_wood,180880.0
1952,kg_cotton,11632500.0
1952,m² land,0.0
1952,kWh energy,4788730.441518203
1953,m3_wood,0.0
1953,kg_cotton,11797500.0
1953,m² land,0.0
1953,kWh energy,4880269.171185128
1954,m3_wood,0.0
1954,kg_cotton,11550000.0
1954,m² land,0.0
1954,kWh energy,4736211.07668474
1955,m3_wood,0.0
1955,kg_cotton,12045000.0
1955,m² land,0.0
1955,kWh energy,4832801.994332773
1956,m3_wood,0.0
1956,kg_cotton,13282500.0
1956,m² land,0.0
1956,kWh energy,5354592.466834709
1957,m3_wood,0.0
1957,kg_cotton,13117500.0
1957,m² land,0.0
1957,kWh energy,5300028.465815042
1958,m3_wood,0.0
1958,kg_cotton,13117500.0
1958,m² land,0.0
1958,kWh energy,5273865.339233097
1959,m3_wood,0.0
1959,kg_cotton,12870000.0
1959,m² land,0.0
1959,kWh energy,5170457.735638285
1960,m3_wood,0.0
1960,kg_cotton,13035000.0
1960,m² land,0.0
1960,kWh energy,5315034.372334321
1961,m3_wood,0.0
1961,kg_cotton,13530000.0
1961,m² land,0.0
1961,kWh energy,5485618.97214417
1962,m3_wood,0.0
1962,kg_cotton,13282500.0
1962,m² land,0.0
1962,kWh energy,5376565.180059752
1963,m3_wood,0.0
1963,kg_cotton,14272500.0
1963,m² land,0.0
1963,kWh energy,5696242.712939846
1964,m3_wood,0.0
1964,kg_cotton,14437500.0
1964,m² land,0.0
1964,kWh energy,5766813.0317977
1965,m3_wood,0.0
1965,kg_cotton,16005000.0
1965,m² land,0.0
1965,kWh energy,6498674.645795299
1966,m3_wood,0.0
1966,kg_cotton,15675000.0
1966,m² land,0.0
1966,kWh energy,6266641.411328748
1967,m3_wood,0.0
1967,kg_cotton,15675000.0
1967,m² land,0.0
1967,kWh energy,6287128.77565238
1968,m3_wood,0.0
1968,kg_cotton,14355000.0
1968,m² land,0.0
1968,kWh energy,5704356.845346092
1969,m3_wood,0.0
1969,kg_cotton,13447500.0
1969,m² land,0.0
1969,kWh energy,5394643.832178005
1970,m3_wood,0.0
1970,kg_cotton,13860000.0
1970,m² land,0.0
1970,kWh energy,5652253.292021688
1971,m3_wood,0.0
1971,kg_cotton,13530000.0
1971,m² land,0.0
1971,kWh energy,5564144.24349691
1972,m3_wood,0.0
1972,kg_cotton,13942500.0
1972,m² land,0.0
1972,kWh energy,5687760.021178779
1973,m3_wood,0.0
1973,kg_cotton,11302500.0
1973,m² land,0.0
1973,kWh energy,4625646.664346169
1974,m3_wood,0.0
1974,kg_cotton,11055000.0
1974,m² land,0.0
1974,kWh energy,4534594.887683966
1975,m3_wood,0.0
1975,kg_cotton,10890000.0
1975,m² land,0.0
1975,kWh energy,4553030.886664298
1976,m3_wood,0.0
1976,kg_cotton,10972500.0
1976,m² land,0.0
1976,kWh energy,4561050.251497762
1977,m3_wood,0.0
1977,kg_cotton,11302500.0
1977,m² land,0.0
1977,kWh energy,4612627.710831611
1978,m3_wood,0.0
1978,kg_cotton,11962500.0
1978,m² land,0.0
1978,kWh energy,4874795.265175682
1979,m3_wood,0.0
1979,kg_cotton,12210000.0
1979,m² land,0.0
1979,kWh energy,5020865.995352439
1980,m3_wood,0.0
1980,kg_cotton,12045000.0
1980,m² land,0.0
1980,kWh energy,4941327.265685514
1981,m3_wood,0.0
1981,kg_cotton,11550000.0
1981,m² land,0.0
1981,kWh energy,4740211.076684739
1982,m3_wood,0.0
1982,kg_cotton,11550000.0
1982,m² land,0.0
1982,kWh energy,4688179.487493813
1983,m3_wood,0.0
1983,kg_cotton,12375000.0
1983,m² land,0.0
1983,kWh energy,5055404.725019364
1984,m3_wood,0.0
1984,kg_cotton,13612500.0
1984,m² land,0.0
1984,kWh energy,5537195.197521301
1985,m3_wood,0.0
1985,kg_cotton,13282500.0
1985,m² land,0.0
1985,kWh energy,5383117.738187452
1986,m3_wood,0.0
1986,kg_cotton,13365000.0
1986,m² land,0.0
1986,kWh energy,5385105.5138299875
1987,m3_wood,0.0
1987,kg_cotton,13282500.0
1987,m² land,0.0
1987,kWh energy,5363098.784672894
1988,m3_wood,0.0
1988,kg_cotton,14272500.0
1988,m² land,0.0
1988,kWh energy,5766850.116189
1989,m3_wood,0.0
1989,kg_cotton,14437500.0
1989,m² land,0.0
1989,kWh energy,5764888.845855923
1990,m3_wood,0.0
1990,kg_cotton,14355000.0
1990,m² land,0.0
1990,kWh energy,5717706.354440516
1991,m3_wood,0.0
1991,kg_cotton,14932500.0
1991,m² land,0.0
1991,kWh energy,5953486.081342144
1992,m3_wood,0.0
1992,kg_cotton,14767500.0
1992,m² land,0.0
1992,kWh energy,5917966.305189775
1993,m3_wood,54960.0
1993,kg_cotton,15510000.0
1993,m² land,0.0
1993,kWh energy,6214140.5886909375
1994,m3_wood,0.0
1994,kg_cotton,17242500.0
1994,m² land,0.0
1994,kWh energy,7011547.250193647
1995,m3_wood,0.0
1995,kg_cotton,16912500.0
1995,m² land,0.0
1995,kWh energy,6827469.7908598
1996,m3_wood,0.0
1996,kg_cotton,17160000.0
1996,m² land,0.0
1996,kWh energy,6794027.885360187
1997,m3_wood,0.0
1997,kg_cotton,16170000.0
1997,m² land,0.0
1997,kWh energy,6413295.507358637
1998,m3_wood,0.0
1998,kg_cotton,15922500.0
1998,m² land,0.0
1998,kWh energy,6338705.823667323
1999,m3_wood,0.0
1999,kg_cotton,17407500.0
1999,m² land,0.0
1999,kWh energy,7029060.70850783
2000,m3_wood,0.0
2000,kg_cotton,17737500.0
2000,m² land,0.0
2000,kWh energy,7113131.850003495
2001,m3_wood,0.0
2001,kg_cotton,17655000.0
2001,m² land,0.0
2001,kWh energy,7030144.07436096
2002,m3_wood,0.0
2002,kg_cotton,18067500.0
2002,m² land,0.0
2002,kWh energy,7129240.898528272
2003,m3_wood,0.0
2003,kg_cotton,17077500.0
2003,m² land,0.0
2003,kWh energy,6797508.520526723
2004,m3_wood,0.0
2004,kg_cotton,16747500.0
2004,m² land,0.0
2004,kWh energy,6693431.061192876
2005,m3_wood,0.0
2005,kg_cotton,16500000.0
2005,m² land,0.0
2005,kWh energy,6661360.331016117
2006,m3_wood,0.0
2006,kg_cotton,15262500.0
2006,m² land,0.0
2006,kWh energy,6134069.858514179
2007,m3_wood,0.0
2007,kg_cotton,15097500.0
2007,m² land,0.0
2007,kWh energy,6088543.764523623
2008,m3_wood,0.0
2008,kg_cotton,14850000.0
2008,m² land,0.0
2008,kWh energy,6022985.670023239
2009,m3_wood,0.0
2009,kg_cotton,15675000.0
2009,m² land,0.0
2009,kWh energy,6239679.318357863
2010,m3_wood,0.0
2010,kg_cotton,16500000.0
2010,m² land,0.0
2010,kWh energy,6510372.966692487
2011,m3_wood,0.0
2011,kg_cotton,15922500.0
2011,m² land,0.0
2011,kWh energy,6278237.412858249
2012,m3_wood,0.0
2012,kg_cotton,16005000.0
2012,m² land,0.0
2012,kWh energy,6325756.777691713
2013,m3_wood,0.0
2013,kg_cotton,16087500.0
2013,m² land,0.0
2013,kWh energy,6376776.142525172
2014,m3_wood,0.0
2014,kg_cotton,15015000.0
2014,m² land,0.0
2014,kWh energy,5934524.399690162
2015,m3_wood,0.0
2015,kg_cotton,14272500.0
2015,m² land,0.0
2015,kWh energy,5658850.116189
2016,m3_wood,0.0
2016,kg_cotton,13942500.0
2016,m² land,0.0
2016,kWh energy,5533272.656855149
2017,m3_wood,0.0
2017,kg_cotton,13117500.0
2017,m² land,0.0
2017,kWh energy,5232415.881938578
2018,m3_wood,0.0
2018,kg_cotton,13282500.0
2018,m² land,0.0
2018,kWh energy,5356923.022414574
2019,m3_wood,0.0
2019,kg_cotton,13200000.0
2019,m² land,0.0
2019,kWh energy,5345240.530999164
2020,m3_wood,0.0
2020,kg_cotton,13447500.0
2020,m² land,0.0
2020,kWh energy,5592468.069919686
2021,m3_wood,86832.0
2021,kg_cotton,12292500.0
2021,m² land,0.0
2021,kWh energy,5063860.088833161
2022,m3_wood,0.0
2022,kg_cotton,11880000.0
2022,m² land,0.0
2022,kWh energy,4882769.582504034
2023,m3_wood,0.0
2023,kg_cotton,11632500.0
2023,m² land,0.0
2023,kWh energy,4805730.441518202
2024,m3_wood,0.0
2024,kg_cotton,13200000.0
2024,m² land,0.0
2024,kWh energy,5480573.102001246
2025,m3_wood,0.0
2025,kg_cotton,12540000.0
2025,m² land,0.0
2025,kWh energy,5128911.865495361
2026,m3_wood,0.0
2026,kg_cotton,12292500.0
2026,m² land,0.0
2026,kWh energy,5018184.3265748415
2027,m3_wood,0.0
2027,kg_cotton,12705000.0
2027,m² land,0.0
2027,kWh energy,5186611.70632202
2028,m3_wood,0.0
2028,kg_cotton,13117500.0
2028,m² land,0.0
2028,kWh energy,5385534.783653228
2029,m3_wood,0.0
2029,kg_cotton,11550000.0
2029,m² land,0.0
2029,kWh energy,4710840.598653547
2030,m3_wood,0.0
2030,kg_cotton,11137500.0
2030,m² land,0.0
2030,kWh energy,4531114.252517429
2031,m3_wood,0.0
2031,kg_cotton,10807500.0
2031,m² land,0.0
2031,kWh energy,4442536.793183579
2032,m3_wood,0.0
2032,kg_cotton,11220000.0
2032,m² land,0.0
2032,kWh energy,4682133.61735089
2033,m3_wood,0.0
2033,kg_cotton,10560000.0
2033,m² land,0.0
2033,kWh energy,4338478.698683192
2034,m3_wood,0.0
2034,kg_cotton,10147500.0
2034,m² land,0.0
2034,kWh energy,4255837.649648581
2035,m3_wood,0.0
2035,kg_cotton,10312500.0
2035,m² land,0.0
2035,kWh energy,4299420.604182804
2036,m3_wood,0.0
2036,kg_cotton,12210000.0
2036,m² land,0.0
2036,kWh energy,5109365.99535244
2037,m3_wood,0.0
2037,kg_cotton,11715000.0
2037,m² land,0.0
2037,kWh energy,4869749.8063516645
2038,m3_wood,0.0
2038,kg_cotton,11385000.0
2038,m² land,0.0
2038,kWh energy,4740971.313406756
2039,m3_wood,0.0
2039,kg_cotton,11467500.0
2039,m² land,0.0
2039,kWh energy,4773515.94959296
2040,m3_wood,0.0
2040,kg_cotton,10972500.0
2040,m² land,0.0
2040,kWh energy,4478393.4427539995
2041,m3_wood,0.0
2041,kg_cotton,10065000.0
2041,m² land,0.0
2041,kWh energy,4134862.509682417
2042,m3_wood,0.0
2042,kg_cotton,10807500.0
2042,m² land,0.0
2042,kWh energy,4433536.793183578
2043,m3_wood,0.0
2043,kg_cotton,11385000.0
2043,m² land,0.0
2043,kWh energy,4684672.347017815
2044,m3_wood,0.0
2044,kg_cotton,10807500.0
2044,m² land,0.0
2044,kWh energy,4414036.793183579
2045,m3_wood,0.0
2045,kg_cotton,10972500.0
2045,m² land,0.0
2045,kWh energy,4449075.522850504
2046,m3_wood,8096.0
2046,kg_cotton,11467500.0
2046,m² land,0.0
2046,kWh energy,4663691.711851278
2047,m3_wood,0.0
2047,kg_cotton,11797500.0
2047,m² land,0.0
2047,kWh energy,4792269.171185127
2048,m3_wood,0.0
2048,kg_cotton,12622500.0
2048,m² land,0.0
2048,kWh energy,5091462.819519752
2049,m3_wood,35600.0
2049,kg_cotton,13282500.0
2049,m² land,0.0
2049,kWh energy,5346117.738187452
2050,m3_wood,0.0
2050,kg_cotton,12952500.0
2050,m² land,0.0
2050,kWh energy,5209040.278853602
2051,m3_wood,0.0
2051,kg_cotton,12045000.0
2051,m² land,0.0
2051,kWh energy,4861327.2656855155
2052,m3_wood,0.0
2052,kg_cotton,12045000.0
2052,m² land,0.0
2052,kWh energy,4884783.040818217
2053,m3_wood,0.0
2053,kg_cotton,12870000.0
2053,m² land,0.0
2053,kWh energy,5203970.371314658
2054,m3_wood,0.0
2054,kg_cotton,13365000.0
2054,m² land,0.0
2054,kWh energy,5443637.103020915
2055,m3_wood,0.0
2055,kg_cotton,13035000.0
2055,m² land,0.0
2055,kWh energy,5338559.643687065
2056,m3_wood,0.0
2056,kg_cotton,13447500.0
2056,m² land,0.0
2056,kWh energy,5534156.467854376
2057,m3_wood,0.0
2057,kg_cotton,13860000.0
2057,m² land,0.0
2057,kWh energy,5720253.292021688
2058,m3_wood,0.0
2058,kg_cotton,14107500.0
2058,m² land,0.0
2058,kWh energy,5845311.386522075
2059,m3_wood,0.0
2059,kg_cotton,13530000.0
2059,m² land,0.0
2059,kWh energy,5559175.832687837
2060,m3_wood,0.0
2060,kg_cotton,14272500.0
2060,m² land,0.0
2060,kWh energy,5845686.98960705
2061,m3_wood,0.0
2061,kg_cotton,15180000.0
2061,m² land,0.0
2061,kWh energy,6144063.1293570865
2062,m3_wood,0.0
2062,kg_cotton,15675000.0
2062,m² land,0.0
2062,kWh energy,6322179.3183578625
2063,m3_wood,0.0
2063,kg_cotton,16417500.0
2063,m² land,0.0
2063,kWh energy,6545334.648344466
2064,m3_wood,69984.0
2064,kg_cotton,16747500.0
2064,m² land,0.0
2064,kWh energy,6642431.061192874
2065,m3_wood,0.0
2065,kg_cotton,17820000.0
2065,m² land,0.0
2065,kWh energy,6983682.804027886
2066,m3_wood,0.0
2066,kg_cotton,18067500.0
2066,m² land,0.0
2066,kWh energy,7045740.898528274
2067,m3_wood,0.0
2067,kg_cotton,19552500.0
2067,m² land,0.0
2067,kWh energy,7634089.465530596
2068,m3_wood,0.0
2068,kg_cotton,19057500.0
2068,m² land,0.0
2068,kWh energy,7436973.276529821
2069,m3_wood,0.0
2069,kg_cotton,18397500.0
2069,m² land,0.0
2069,kWh energy,7277818.357862122
2070,m3_wood,0.0
2070,kg_cotton,16912500.0
2070,m² land,0.0
2070,kWh energy,6692944.519507056
2071,m3_wood,0.0
2071,kg_cotton,17902500.0
2071,m² land,0.0
2071,kWh energy,6997702.168861348
2072,m3_wood,0.0
2072,kg_cotton,16500000.0
2072,m² land,0.0
2072,kWh energy,6423372.966692488
2073,m3_wood,0.0
2073,kg_cotton,15757500.0
2073,m² land,0.0
2073,kWh energy,6140198.6831913255
2074,m3_wood,0.0
2074,kg_cotton,15427500.0
2074,m² land,0.0
2074,kWh energy,6089621.2238574745
2075,m3_wood,0.0
2075,kg_cotton,16005000.0
2075,m² land,0.0
2075,kWh energy,6323256.777691711
2076,m3_wood,0.0
2076,kg_cotton,15675000.0
2076,m² land,0.0
2076,kWh energy,6196679.318357862
2077,m3_wood,0.0
2077,kg_cotton,14272500.0
2077,m² land,0.0
2077,kWh energy,5682850.116189
2078,m3_wood,0.0
2078,kg_cotton,12045000.0
2078,m² land,0.0
2078,kWh energy,4856827.265685515
2079,m3_wood,0.0
2079,kg_cotton,12375000.0
2079,m² land,0.0
2079,kWh energy,4966366.817990251
2080,m3_wood,0.0
2080,kg_cotton,12622500.0
2080,m² land,0.0
2080,kWh energy,5221136.566355856
2081,m3_wood,0.0
2081,kg_cotton,11467500.0
2081,m² land,0.0
2081,kWh energy,4810691.711851278
2082,m3_wood,0.0
2082,kg_cotton,11550000.0
2082,m² land,0.0
2082,kWh energy,4767211.076684741
2083,m3_wood,0.0
2083,kg_cotton,12210000.0
2083,m² land,0.0
2083,kWh energy,5033365.995352439
2084,m3_wood,0.0
2084,kg_cotton,13117500.0
2084,m² land,0.0
2084,kWh energy,5407579.008520525
2085,m3_wood,0.0
2085,kg_cotton,12622500.0
2085,m² land,0.0
2085,kWh energy,5202962.819519753
2086,m3_wood,0.0
2086,kg_cotton,12127500.0
2086,m² land,0.0
2086,kWh energy,4974846.6305189775
2087,m3_wood,0.0
2087,kg_cotton,12210000.0
2087,m² land,0.0
2087,kWh energy,5088365.99535244
2088,m3_wood,0.0
2088,kg_cotton,11797500.0
2088,m² land,0.0
2088,kWh energy,4987769.171185127
2089,m3_wood,0.0
2089,kg_cotton,10807500.0
2089,m² land,0.0
2089,kWh energy,4523536.793183578
2090,m3_wood,0.0
2090,kg_cotton,11220000.0
2090,m² land,0.0
2090,kWh energy,4663964.1729307575
2091,m3_wood,0.0
2091,kg_cotton,12622500.0
2091,m² land,0.0
2091,kWh energy,5258293.375099618
2092,m3_wood,0.0
2092,kg_cotton,12127500.0
2092,m² land,0.0
2092,kWh energy,5036333.994842605
2093,m3_wood,0.0
2093,kg_cotton,10065000.0
2093,m² land,0.0
2093,kWh energy,4198349.874006046
2094,m3_wood,0.0
2094,kg_cotton,10312500.0
2094,m² land,0.0
2094,kWh energy,4279901.650668248
2095,m3_wood,0.0
2095,kg_cotton,10807500.0
2095,m² land,0.0
2095,kWh energy,4520036.793183579
2096,m3_wood,0.0
2096,kg_cotton,10560000.0
2096,m² land,0.0
2096,kWh energy,4336978.698683192
2097,m3_wood,68064.0
2097,kg_cotton,10147500.0
2097,m² land,0.0
2097,kWh energy,4188381.8745158785
2098,m3_wood,0.0
2098,kg_cotton,10807500.0
2098,m² land,0.0
2098,kWh energy,4459036.793183579
2099,m3_wood,0.0
2099,kg_cotton,9982500.0
2099,m² land,0.0
2099,kWh energy,4148343.1448489535
2100,m3_wood,0.0
2100,kg_cotton,10065000.0
2100,m² land,0.0
2100,kWh energy,4104830.920491489
2101,m3_wood,0.0
2101,kg_cotton,10147500.0
2101,m² land,0.0
2101,kWh energy,4126343.967486766
2102,m3_wood,0.0
2102,kg_cotton,9817500.0
2102,m² land,0.0
2102,kWh energy,3987304.4151820294
2103,m3_wood,0.0
2103,kg_cotton,10725000.0
2103,m² land,0.0
2103,kWh energy,4356017.428350116
2104,m3_wood,0.0
2104,kg_cotton,10807500.0
2104,m² land,0.0
2104,kWh energy,4381536.793183578
2105,m3_wood,0.0
2105,kg_cotton,10972500.0
2105,m² land,0.0
2105,kWh energy,4446024.98014502
2106,m3_wood,0.0
2106,kg_cotton,13035000.0
2106,m² land,0.0
2106,kWh energy,5334009.10098158
2107,m3_wood,0.0
2107,kg_cotton,12292500.0
2107,m² land,0.0
2107,kWh energy,4973885.3601859035
2108,m3_wood,0.0
2108,kg_cotton,13365000.0
2108,m² land,0.0
2108,kWh energy,5352637.103020915
2109,m3_wood,0.0
2109,kg_cotton,12870000.0
2109,m² land,0.0
2109,kWh energy,5218520.914020141
2110,m3_wood,0.0
2110,kg_cotton,13447500.0
2110,m² land,0.0
2110,kWh energy,5444156.467854377
2111,m3_wood,0.0
2111,kg_cotton,13200000.0
2111,m² land,0.0
2111,kWh energy,5362098.373353991
2112,m3_wood,0.0
2112,kg_cotton,13447500.0
2112,m² land,0.0
2112,kWh energy,5407137.51433982
2113,m3_wood,0.0
2113,kg_cotton,13612500.0
2113,m² land,0.0
2113,kWh energy,5441695.197521301
2114,m3_wood,0.0
2114,kg_cotton,13942500.0
2114,m² land,0.0
2114,kWh energy,5573772.656855153
2115,m3_wood,0.0
2115,kg_cotton,14190000.0
2115,m² land,0.0
2115,kWh energy,5700330.751355539
2116,m3_wood,0.0
2116,kg_cotton,14107500.0
2116,m² land,0.0
2116,kWh energy,5701311.386522078
2117,m3_wood,0.0
2117,kg_cotton,12952500.0
2117,m² land,0.0
2117,kWh energy,5272515.00750086
2118,m3_wood,0.0
2118,kg_cotton,12870000.0
2118,m² land,0.0
2118,kWh energy,5285489.324829212
2119,m3_wood,0.0
2119,kg_cotton,12375000.0
2119,m² land,0.0
2119,kWh energy,5027373.135828438
2120,m3_wood,0.0
2120,kg_cotton,12622500.0
2120,m² land,0.0
2120,kWh energy,5142962.819519752
2121,m3_wood,0.0
2121,kg_cotton,11302500.0
2121,m² land,0.0
2121,kWh energy,4566652.982184353
2122,m3_wood,0.0
2122,kg_cotton,10807500.0
2122,m² land,0.0
2122,kWh energy,4379036.793183578
2123,m3_wood,0.0
2123,kg_cotton,10725000.0
2123,m² land,0.0
2123,kWh energy,4354017.428350117
2124,m3_wood,0.0
2124,kg_cotton,10890000.0
2124,m² land,0.0
2124,kWh energy,4392018.250987927
2125,m3_wood,0.0
2125,kg_cotton,11467500.0
2125,m² land,0.0
2125,kWh energy,4682160.12266035
2126,m3_wood,0.0
2126,kg_cotton,11797500.0
2126,m² land,0.0
2126,kWh energy,4836243.899832386
2127,m3_wood,0.0
2127,kg_cotton,13200000.0
2127,m² land,0.0
2127,kWh energy,5399598.37335399
2128,m3_wood,0.0
2128,kg_cotton,15097500.0
2128,m² land,0.0
2128,kWh energy,6212043.764523624
2129,m3_wood,0.0
2129,kg_cotton,14685000.0
2129,m² land,0.0
2129,kWh energy,5868946.940356314
2130,m3_wood,0.0
2130,kg_cotton,16005000.0
2130,m² land,0.0
2130,kWh energy,6365725.188500783
2131,m3_wood,0.0
2131,kg_cotton,16500000.0
2131,m² land,0.0
2131,kWh energy,6588372.966692485
2132,m3_wood,0.0
2132,kg_cotton,16417500.0
2132,m² land,0.0
2132,kWh energy,6520853.601859025
2133,m3_wood,0.0
2133,kg_cotton,16912500.0
2133,m² land,0.0
2133,kWh energy,6805969.790859798
2134,m3_wood,0.0
2134,kg_cotton,16995000.0
2134,m² land,0.0
2134,kWh energy,6757489.155693261
2135,m3_wood,0.0
2135,kg_cotton,17325000.0
2135,m² land,0.0
2135,kWh energy,6886028.707997998
2136,m3_wood,0.0
2136,kg_cotton,18397500.0
2136,m² land,0.0
2136,kWh energy,7270318.357862121
2137,m3_wood,0.0
2137,kg_cotton,19057500.0
2137,m² land,0.0
2137,kWh energy,7483473.276529821
2138,m3_wood,0.0
2138,kg_cotton,18810000.0
2138,m² land,0.0
2138,kWh energy,7389915.182029434
2139,m3_wood,0.0
2139,kg_cotton,18727500.0
2139,m² land,0.0
2139,kWh energy,7394895.817195971
2140,m3_wood,0.0
2140,kg_cotton,18397500.0
2140,m² land,0.0
2140,kWh energy,7253318.357862121
2141,m3_wood,0.0
2141,kg_cotton,18067500.0
2141,m² land,0.0
2141,kWh energy,7100234.580690089
2142,m3_wood,0.0
2142,kg_cotton,17077500.0
2142,m² land,0.0
2142,kWh energy,6712008.520526723
2143,m3_wood,0.0
2143,kg_cotton,16582500.0
2143,m² land,0.0
2143,kWh energy,6464392.331525948
2144,m3_wood,0.0
2144,kg_cotton,16170000.0
2144,m² land,0.0
2144,kWh energy,6306789.189520451
2145,m3_wood,0.0
2145,kg_cotton,15757500.0
2145,m² land,0.0
2145,kWh energy,6181198.683191326
2146,m3_wood,0.0
2146,kg_cotton,16830000.0
2146,m² land,0.0
2146,kWh energy,6594450.426026335
2147,m3_wood,0.0
2147,kg_cotton,16665000.0
2147,m² land,0.0
2147,kWh energy,6499911.696359411
2148,m3_wood,0.0
2148,kg_cotton,16170000.0
2148,m² land,0.0
2148,kWh energy,6339295.507358636
2149,m3_wood,0.0
2149,kg_cotton,14850000.0
2149,m² land,0.0
2149,kWh energy,5831322.543441287
2150,m3_wood,0.0
2150,kg_cotton,14272500.0
2150,m² land,0.0
2150,kWh energy,5639824.844836257
2151,m3_wood,0.0
2151,kg_cotton,13530000.0
2151,m² land,0.0
2151,kWh energy,5377993.752591335
2152,m3_wood,0.0
2152,kg_cotton,12952500.0
2152,m² land,0.0
2152,kWh energy,5170040.278853604
2153,m3_wood,0.0
2153,kg_cotton,11797500.0
2153,m² land,0.0
2153,kWh energy,4794269.171185128
2154,m3_wood,0.0
2154,kg_cotton,11962500.0
2154,m² land,0.0
2154,kWh energy,4980307.900852053
2155,m3_wood,0.0
2155,kg_cotton,11137500.0
2155,m² land,0.0
2155,kWh energy,4658076.345488315
2156,m3_wood,0.0
2156,kg_cotton,10890000.0
2156,m² land,0.0
2156,kWh energy,4528056.158017041
2157,m3_wood,0.0
2157,kg_cotton,10725000.0
2157,m² land,0.0
2157,kWh energy,4482517.428350115
2158,m3_wood,0.0
2158,kg_cotton,9487500.0
2158,m² land,0.0
2158,kWh energy,4044726.9558481793
2159,m3_wood,0.0
2159,kg_cotton,9405000.0
2159,m² land,0.0
2159,kWh energy,4071707.5910147177
2160,m3_wood,0.0
2160,kg_cotton,9322500.0
2160,m² land,0.0
2160,kWh energy,3999162.954828514
2161,m3_wood,0.0
2161,kg_cotton,9322500.0
2161,m² land,0.0
2161,kWh energy,3975162.9548285143
2162,m3_wood,0.0
2162,kg_cotton,9570000.0
2162,m² land,0.0
2162,kWh energy,4043714.731490716
2163,m3_wood,0.0
2163,kg_cotton,9652500.0
2163,m² land,0.0
2163,kWh energy,4158765.6855151043
2164,m3_wood,0.0
2164,kg_cotton,10065000.0
2164,m² land,0.0
2164,kWh energy,4283862.509682417
2165,m3_wood,0.0
2165,kg_cotton,9322500.0
2165,m² land,0.0
2165,kWh energy,3949188.226181255
2166,m3_wood,0.0
2166,kg_cotton,9652500.0
2166,m² land,0.0
2166,kWh energy,4038734.0963241775
2167,m3_wood,0.0
2167,kg_cotton,9982500.0
2167,m² land,0.0
2167,kWh energy,4130805.2378198416
2168,m3_wood,0.0
2168,kg_cotton,11550000.0
2168,m² land,0.0
2168,kWh energy,4762711.076684739
2169,m3_wood,0.0
2169,kg_cotton,11302500.0
2169,m² land,0.0
2169,kWh energy,4623652.982184352
2170,m3_wood,163744.0
2170,kg_cotton,11055000.0
2170,m² land,0.0
2170,kWh energy,4497666.2505015675
2171,m3_wood,0.0
2171,kg_cotton,11137500.0
2171,m² land,0.0
2171,kWh energy,4580076.345488316
2172,m3_wood,0.0
2172,kg_cotton,11715000.0
2172,m² land,0.0
2172,kWh energy,4768249.806351665
2173,m3_wood,0.0
2173,kg_cotton,12210000.0
2173,m² land,0.0
2173,kWh energy,4915865.99535244
2174,m3_wood,0.0
2174,kg_cotton,12952500.0
2174,m² land,0.0
2174,kWh energy,5163540.278853601
2175,m3_wood,0.0
2175,kg_cotton,12540000.0
2175,m² land,0.0
2175,kWh energy,4976943.454686289
2176,m3_wood,0.0
2176,kg_cotton,14767500.0
2176,m² land,0.0
2176,kWh energy,5977966.305189775
2177,m3_wood,0.0
2177,kg_cotton,15345000.0
2177,m² land,0.0
2177,kWh energy,6278101.859024012
2178,m3_wood,0.0
2178,kg_cotton,15180000.0
2178,m² land,0.0
2178,kWh energy,6085563.129357086
2179,m3_wood,0.0
2179,kg_cotton,15757500.0
2179,m² land,0.0
2179,kWh energy,6267198.683191325
2180,m3_wood,0.0
2180,kg_cotton,16665000.0
2180,m² land,0.0
2180,kWh energy,6633748.569777463
2181,m3_wood,0.0
2181,kg_cotton,15345000.0
2181,m² land,0.0
2181,kWh energy,6086101.859024011
2182,m3_wood,0.0
2182,kg_cotton,14602500.0
2182,m² land,0.0
2182,kWh energy,5807427.57552285
2183,m3_wood,0.0
2183,kg_cotton,14685000.0
2183,m² land,0.0
2183,kWh energy,5841446.940356312
2184,m3_wood,0.0
2184,kg_cotton,13612500.0
2184,m² land,0.0
2184,kWh energy,5510695.1975213
2185,m3_wood,0.0
2185,kg_cotton,13365000.0
2185,m² land,0.0
2185,kWh energy,5425137.103020914
2186,m3_wood,10320.0
2186,kg_cotton,13530000.0
2186,m² land,0.0
2186,kWh energy,5471675.832687839
2187,m3_wood,0.0
2187,kg_cotton,14272500.0
2187,m² land,0.0
2187,kWh energy,5732318.526998073
2188,m3_wood,0.0
2188,kg_cotton,13447500.0
2188,m² land,0.0
2188,kWh energy,5326118.560825263
2189,m3_wood,0.0
2189,kg_cotton,12210000.0
2189,m² land,0.0
2189,kWh energy,4847834.406161512
2190,m3_wood,0.0
2190,kg_cotton,11962500.0
2190,m² land,0.0
2190,kWh energy,4806782.62949931
2191,m3_wood,0.0
2191,kg_cotton,10147500.0
2191,m² land,0.0
2191,kWh energy,4135362.9210013226
2192,m3_wood,0.0
2192,kg_cotton,9240000.0
2192,m² land,0.0
2192,kWh energy,3911740.224165394
2193,m3_wood,0.0
2193,kg_cotton,8910000.0
2193,m² land,0.0
2193,kWh energy,3721591.402013942
2194,m3_wood,0.0
2194,kg_cotton,8992500.0
2194,m² land,0.0
2194,kWh energy,3827110.766847404
2195,m3_wood,0.0
2195,kg_cotton,8580000.0
2195,m² land,0.0
2195,kWh energy,3669513.942680091
2196,m3_wood,0.0
2196,kg_cotton,8910000.0
2196,m² land,0.0
2196,kWh energy,3760091.4020139426
2197,m3_wood,0.0
2197,kg_cotton,8497500.0
2197,m² land,0.0
2197,kWh energy,3624494.57784663
2198,m3_wood,0.0
2198,kg_cotton,9157500.0
2198,m² land,0.0
2198,kWh energy,3892986.369932382
2199,m3_wood,0.0
2199,kg_cotton,9075000.0
2199,m² land,0.0
2199,kWh energy,3834630.1316808676
2200,m3_wood,0.0
2200,kg_cotton,9075000.0
2200,m² land,0.0
2200,kWh energy,3884130.131680868
2201,m3_wood,0.0
2201,kg_cotton,10807500.0
2201,m² land,0.0
2201,kWh energy,4568036.793183579
2202,m3_wood,0.0
2202,kg_cotton,11715000.0
2202,m² land,0.0
2202,kWh energy,4982249.806351665
2203,m3_wood,0.0
2203,kg_cotton,12622500.0
2203,m² land,0.0
2203,kWh energy,5386462.819519753
2204,m3_wood,0.0
2204,kg_cotton,12127500.0
2204,m² land,0.0
2204,kWh energy,5098846.6305189775
2205,m3_wood,0.0
2205,kg_cotton,13447500.0
2205,m² land,0.0
2205,kWh energy,5533156.467854377
2206,m3_wood,0.0
2206,kg_cotton,15097500.0
2206,m² land,0.0
2206,kWh energy,6075043.764523627
2207,m3_wood,0.0
2207,kg_cotton,16995000.0
2207,m² land,0.0
2207,kWh energy,6867489.155693261
2208,m3_wood,0.0
2208,kg_cotton,16747500.0
2208,m² land,0.0
2208,kWh energy,6755931.061192873
2209,m3_wood,0.0
2209,kg_cotton,16417500.0
2209,m² land,0.0
2209,kWh energy,6515353.601859025
2210,m3_wood,0.0
2210,kg_cotton,16582500.0
2210,m² land,0.0
2210,kWh energy,6571892.331525949
2211,m3_wood,0.0
2211,kg_cotton,17902500.0
2211,m² land,0.0
2211,kWh energy,7037202.168861348
2212,m3_wood,0.0
2212,kg_cotton,17902500.0
2212,m² land,0.0
2212,kWh energy,7017202.168861347
2213,m3_wood,0.0
2213,kg_cotton,18480000.0
2213,m² land,0.0
2213,kWh energy,7199799.815666472
2214,m3_wood,0.0
2214,kg_cotton,17407500.0
2214,m² land,0.0
2214,kWh energy,6787560.70850783
2215,m3_wood,0.0
2215,kg_cotton,17655000.0
2215,m² land,0.0
2215,kWh energy,6875455.67642627
2216,m3_wood,0.0
2216,kg_cotton,17160000.0
2216,m² land,0.0
2216,kWh energy,6673027.885360185
2217,m3_wood,0.0
2217,kg_cotton,16500000.0
2217,m² land,0.0
2217,kWh energy,6473372.966692486
2218,m3_wood,0.0
2218,kg_cotton,15345000.0
2218,m² land,0.0
2218,kWh energy,6043082.905509455
2219,m3_wood,0.0
2219,kg_cotton,14602500.0
2219,m² land,0.0
2219,kWh energy,5803239.177588161
2220,m3_wood,0.0
2220,kg_cotton,12457500.0
2220,m² land,0.0
2220,kWh energy,4936898.818500085
2221,m3_wood,0.0
2221,kg_cotton,12540000.0
2221,m² land,0.0
2221,kWh energy,5009911.865495362
2222,m3_wood,0.0
2222,kg_cotton,12870000.0
2222,m² land,0.0
2222,kWh energy,5156520.91402014
2223,m3_wood,0.0
2223,kg_cotton,11632500.0
2223,m² land,0.0
2223,kWh energy,4695730.441518202
2224,m3_wood,0.0
2224,kg_cotton,11220000.0
2224,m² land,0.0
2224,kWh energy,4588633.61735089
2225,m3_wood,0.0
2225,kg_cotton,11797500.0
2225,m² land,0.0
2225,kWh energy,4937743.8998323865
2226,m3_wood,0.0
2226,kg_cotton,10560000.0
2226,m² land,0.0
2226,kWh energy,4372478.698683191
2227,m3_wood,0.0
2227,kg_cotton,10477500.0
2227,m² land,0.0
2227,kWh energy,4344796.20726778
2228,m3_wood,0.0
2228,kg_cotton,10890000.0
2228,m² land,0.0
2228,kWh energy,4575556.15801704
2229,m3_wood,0.0
2229,kg_cotton,10065000.0
2229,m² land,0.0
2229,kWh energy,4223362.509682417
2230,m3_wood,0.0
2230,kg_cotton,9405000.0
2230,m² land,0.0
2230,kWh energy,3998176.001823791
2231,m3_wood,0.0
2231,kg_cotton,9157500.0
2231,m² land,0.0
2231,kWh energy,3912624.2251615883
0,m3_wood,nil
0,kg_cotton,nil
0,m² land,nil
0,kWh energy,nil
1,m3_wood,nil
1,kg_cotton,nil
1,m² land,nil
1,kWh energy,nil
2,m3_wood,303264.0
2,kg_cotton,24420000.0
2,m² land,136882.47869868387
2,kWh energy,10385101.267640395
3,m3_wood,24721648.0
3,kg_cotton,16500000.0
3,m² land,124421099.50426066
3,kWh energy,7916650.397165871
4,m3_wood,43384759.0
4,kg_cotton,10890000.0
4,m² land,220583764.6005668
4,kWh energy,6198399.554205485
5,m3_wood,55542250.0
5,kg_cotton,8415000.0
5,m² land,287665012.7039234
5,kWh energy,5240312.760597256
6,m3_wood,60802371.0
6,kg_cotton,5775000.0
6,m² land,317720542.6775966
6,kWh energy,4305524.513528686
7,m3_wood,65546083.0
7,kg_cotton,3877500.0
7,m² land,347762776.4357886
7,kWh energy,3645426.484620223
8,m3_wood,69508067.0
8,kg_cotton,2310000.0
8,m² land,370836283.24636817
8,kWh energy,3135063.45584526
9,m3_wood,73022257.0
9,kg_cotton,1650000.0
9,m² land,390865855.36642766
9,kWh energy,2909821.865153776
10,m3_wood,74454849.0
10,kg_cotton,907500.0
10,m² land,398903126.98412204
10,kWh energy,2682386.7600041907
11,m3_wood,76671648.0
11,kg_cotton,412500.0
11,m² land,408929447.2326927
11,kWh energy,2536444.317839519
12,m3_wood,77825024.0
12,kg_cotton,82500.0
12,m² land,414962860.00930494
12,kWh energy,2458964.5535721453
13,m3_wood,78165760.0
13,kg_cotton,0.0
13,m² land,417795891.4868356
13,kWh energy,1834510.6202541555
14,m3_wood,78426672.0
14,kg_cotton,0.0
14,m² land,419540840.0
14,kWh energy,1485836.8734180517
15,m3_wood,77997456.0
15,kg_cotton,0.0
15,m² land,419344820.0
15,kWh energy,1388173.7468361035
16,m3_wood,77417296.0
16,kg_cotton,0.0
16,m² land,418167620.0
16,kWh energy,1343010.6202541555
17,m3_wood,77195504.0
17,kg_cotton,0.0
17,m² land,418090857.16227853
17,kWh energy,1314684.3670902592
18,m3_wood,76818112.0
18,kg_cotton,0.0
18,m² land,417923548.64911413
18,kWh energy,1306184.3670902592
19,m3_wood,76320416.0
19,kg_cotton,0.0
19,m² land,416795520.0
19,kWh energy,1283347.4936722072
20,m3_wood,75936448.0
20,kg_cotton,0.0
20,m² land,415620037.16227853
20,kWh energy,1258521.2405083107
21,m3_wood,75612896.0
21,kg_cotton,0.0
21,m² land,413685074.32455707
21,kWh energy,1212847.4936722072
22,m3_wood,75039393.0
22,kg_cotton,0.0
22,m² land,411637976.51503074
22,kWh energy,1180010.6202541555
23,m3_wood,74659328.0
23,kg_cotton,0.0
23,m² land,411493160.0
23,kWh energy,1147010.6202541555
24,m3_wood,74603360.0
24,kg_cotton,0.0
24,m² land,412495654.32455707
24,kWh energy,1151673.7468361035
25,m3_wood,74362416.0
25,kg_cotton,0.0
25,m² land,411397451.4868356
25,kWh energy,1166510.6202541555
26,m3_wood,74669744.0
26,kg_cotton,0.0
26,m² land,411442157.16227853
26,kWh energy,1200336.8734180517
27,m3_wood,75023440.0
27,kg_cotton,0.0
27,m² land,411513800.0
27,kWh energy,1242336.8734180517
28,m3_wood,74815200.0
28,kg_cotton,0.0
28,m² land,411545477.16227853
28,kWh energy,1280673.7468361035
29,m3_wood,75148736.0
29,kg_cotton,0.0
29,m² land,411669397.16227853
29,kWh energy,1388336.8734180517
30,m3_wood,75257328.0
30,kg_cotton,0.0
30,m² land,411691614.32455707
30,kWh energy,1504673.7468361037
31,m3_wood,75419328.0
31,kg_cotton,0.0
31,m² land,412690137.16227853
31,kWh energy,1738173.7468361035
32,m3_wood,75829520.0
32,kg_cotton,0.0
32,m² land,411927400.0
32,kWh energy,1850000.0
33,m3_wood,76158368.0
33,kg_cotton,0.0
33,m² land,413035437.16227853
33,kWh energy,1994336.8734180517
34,m3_wood,76373888.0
34,kg_cotton,0.0
34,m² land,413184860.0
34,kWh energy,2110500.0
35,m3_wood,76510432.0
35,kg_cotton,0.0
35,m² land,412288540.0
35,kWh energy,2231673.7468361035
36,m3_wood,76321952.0
36,kg_cotton,0.0
36,m² land,411395757.16227853
36,kWh energy,2308673.7468361035
37,m3_wood,76794704.0
37,kg_cotton,0.0
37,m² land,412458540.0
37,kWh energy,2278500.0
38,m3_wood,76817200.0
38,kg_cotton,0.0
38,m² land,412519454.32455707
38,kWh energy,2305673.7468361035
39,m3_wood,76965648.0
39,kg_cotton,0.0
39,m² land,413487011.4868356
39,kWh energy,2219510.6202541552
40,m3_wood,77033280.0
40,kg_cotton,0.0
40,m² land,413556297.16227853
40,kWh energy,2129336.8734180517
41,m3_wood,76902544.0
41,kg_cotton,0.0
41,m² land,412539977.16227853
41,kWh energy,1999673.7468361035
42,m3_wood,76975248.0
42,kg_cotton,0.0
42,m² land,412489991.4868356
42,kWh energy,1839010.6202541552
43,m3_wood,76579200.0
43,kg_cotton,0.0
43,m² land,412392794.32455707
43,kWh energy,1666000.0
44,m3_wood,76546464.0
44,kg_cotton,0.0
44,m² land,413262617.16227853
44,kWh energy,1535836.8734180517
45,m3_wood,76839024.0
45,kg_cotton,0.0
45,m² land,415221234.32455707
45,kWh energy,1439408.2362356537
46,m3_wood,76741280.0
46,kg_cotton,0.0
46,m² land,416098008.64911413
46,kWh energy,1388173.7468361037
47,m3_wood,76417600.0
47,kg_cotton,0.0
47,m² land,415996977.16227853
47,kWh energy,1327010.6202541555
48,m3_wood,76531072.0
48,kg_cotton,0.0
48,m² land,416901817.16227853
48,kWh energy,1321673.7468361035
49,m3_wood,76583584.0
49,kg_cotton,0.0
49,m² land,416905934.32455707
49,kWh energy,1301010.6202541555
50,m3_wood,22224592.0
50,kg_cotton,10230000.0
50,m² land,119977135.78350255
50,kWh energy,4215223.4616688145
51,m3_wood,7331088.0
51,kg_cotton,25740000.0
51,m² land,39006255.02564982
51,kWh energy,9680957.68072164
52,m3_wood,7317600.0
52,kg_cotton,42405000.0
52,m² land,39959490.49931487
52,kWh energy,15781837.787890097
53,m3_wood,7315776.0
53,kg_cotton,60307500.0
53,m² land,39958021.561968684
53,kWh energy,22346175.796558514
54,m3_wood,7281440.0
54,kg_cotton,77962500.0
54,m² land,39962817.82842879
54,kWh energy,28864001.951016016
55,m3_wood,7352224.0
55,kg_cotton,92482500.0
55,m² land,42755592.53292021
55,kWh energy,34244518.443165876
56,m3_wood,7238576.0
56,kg_cotton,106920000.0
56,m² land,40794231.51045701
56,kWh energy,39589898.95576137
57,m3_wood,6324192.0
57,kg_cotton,119377500.0
57,m² land,33929222.101474166
57,kWh energy,44126914.66055388
58,m3_wood,4627520.0
58,kg_cotton,129937500.0
58,m² land,24938735.78350238
58,kWh energy,48040024.89662811
59,m3_wood,3447232.0
59,kg_cotton,139095000.0
59,m² land,18960887.776917115
59,kWh energy,51413157.45505008
60,m3_wood,3016736.0
60,kg_cotton,146437500.0
60,m² land,16944874.221533693
60,kWh energy,54192559.852691695
61,m3_wood,2826480.0
61,kg_cotton,150645000.0
61,m² land,15949760.66615027
61,kWh energy,55843191.63226563
62,m3_wood,2734352.0
62,kg_cotton,154357500.0
62,m² land,14973095.243996901
62,kWh energy,57305662.119760245
63,m3_wood,2561232.0
63,kg_cotton,157657500.0
63,m² land,14906774.887683965
63,kWh energy,58614244.012748055
64,m3_wood,2592848.0
64,kg_cotton,157905000.0
64,m² land,13999138.977536794
64,kWh energy,58758515.77653586
65,m3_wood,2600336.0
65,kg_cotton,158647500.0
65,m² land,14010928.133230053
65,kWh energy,59060794.31065318
66,m3_wood,2643472.0
66,kg_cotton,157822500.0
66,m² land,14019340.0
66,kWh energy,58760933.23332055
67,m3_wood,2610976.0
67,kg_cotton,157575000.0
67,m² land,14021220.0
67,kWh energy,58656737.28359096
68,m3_wood,2646608.0
68,kg_cotton,159885000.0
68,m² land,14030260.0
68,kWh energy,59453292.134604305
69,m3_wood,2660992.0
69,kg_cotton,156997500.0
69,m² land,14042240.0
69,kWh energy,58303728.08652044
70,m3_wood,2642240.0
70,kg_cotton,157822500.0
70,m² land,14046300.0
70,kWh energy,58498528.00089337
71,m3_wood,2666624.0
71,kg_cotton,157987500.0
71,m² land,14049734.324557055
71,kWh energy,58425242.492818564
72,m3_wood,2498256.0
72,kg_cotton,157327500.0
72,m² land,13057822.711076684
72,kWh energy,58107772.81945252
73,m3_wood,2510752.0
73,kg_cotton,159060000.0
73,m² land,13054945.422153369
73,kWh energy,58625965.81166777
74,m3_wood,2515760.0
74,kg_cotton,158235000.0
74,m² land,13048700.0
74,kWh energy,58261718.455422595
75,m3_wood,2502016.0
75,kg_cotton,159637500.0
75,m² land,13055520.0
75,kWh energy,58713309.85416221
76,m3_wood,2480144.0
76,kg_cotton,160957500.0
76,m² land,13040180.0
76,kWh energy,59131864.949975885
77,m3_wood,2446400.0
77,kg_cotton,162360000.0
77,m² land,13037000.0
77,kWh energy,59626561.47754287
78,m3_wood,2293024.0
78,kg_cotton,163020000.0
78,m² land,12034280.0
78,kWh energy,59830430.06549799
79,m3_wood,2080272.0
79,kg_cotton,161205000.0
79,m² land,11028840.0
79,kWh energy,59158214.55581615
80,m3_wood,2007152.0
80,kg_cotton,160792500.0
80,m² land,10983500.0
80,kWh energy,58989180.910030685
81,m3_wood,1831264.0
81,kg_cotton,162277500.0
81,m² land,10009580.0
81,kWh energy,59540092.65541488
82,m3_wood,1861888.0
82,kg_cotton,161617500.0
82,m² land,10011360.0
82,kWh energy,59316331.4707089
83,m3_wood,2002128.0
83,kg_cotton,162277500.0
83,m² land,10984660.0
83,kWh energy,59588385.30396565
84,m3_wood,2018384.0
84,kg_cotton,160875000.0
84,m² land,10983980.0
84,kWh energy,59091864.53865699
85,m3_wood,1770000.0
85,kg_cotton,157657500.0
85,m² land,9965002.711076684
85,kWh energy,57971278.75457214
86,m3_wood,1820624.0
86,kg_cotton,159225000.0
86,m² land,9990280.0
86,kWh energy,58599083.508026
87,m3_wood,1639120.0
87,kg_cotton,160957500.0
87,m² land,8986900.0
87,kWh energy,59325945.94466145
88,m3_wood,1671888.0
88,kg_cotton,162195000.0
88,m² land,9916360.0
88,kWh energy,59869869.1043373
89,m3_wood,1785616.0
89,kg_cotton,160132500.0
89,m² land,9959020.0
89,kWh energy,59229582.8519067
90,m3_wood,1785616.0
90,kg_cotton,159555000.0
90,m² land,9963520.0
90,kWh energy,59076972.569425195
91,m3_wood,1602240.0
91,kg_cotton,159390000.0
91,m² land,8981802.711076684
91,kWh energy,59076308.62020547
92,m3_wood,1437616.0
92,kg_cotton,160462500.0
92,m² land,7978022.711076684
92,kWh energy,59491304.48430795
93,m3_wood,1040240.0
93,kg_cotton,162030000.0
93,m² land,5972310.844306739
93,kWh energy,60104273.50155474
94,m3_wood,917488.0
94,kg_cotton,160297500.0
94,m² land,5007378.977536793
94,kWh energy,59546332.098227985
95,m3_wood,874368.0
95,kg_cotton,160627500.0
95,m² land,4986030.844306739
95,kWh energy,59654642.18036383
96,m3_wood,885872.0
96,kg_cotton,157657500.0
96,m² land,5886413.61296807
96,kWh energy,58535721.89402841
97,m3_wood,1129616.0
97,kg_cotton,157905000.0
97,m² land,5998970.844306739
97,kWh energy,58570173.72249057
98,m3_wood,1149616.0
98,kg_cotton,137115000.0
98,m² land,6009030.844306739
98,kWh energy,50951855.82562895
99,m3_wood,1116496.0
99,kg_cotton,112942500.0
99,m² land,6010620.0
99,kWh energy,42084181.929424465
100,m3_wood,1143376.0
100,kg_cotton,91327500.0
100,m² land,6019720.0
100,kWh energy,34145027.34837185
101,m3_wood,1103376.0
101,kg_cotton,75157500.0
101,m² land,6008720.0
101,kWh energy,28229813.972909637
102,m3_wood,1140880.0
102,kg_cotton,60637500.0
102,m² land,6023100.0
102,kWh energy,22988613.113669433
103,m3_wood,976880.0
103,kg_cotton,49500000.0
103,m² land,5028602.711076684
103,kWh energy,18937685.24366443
104,m3_wood,976880.0
104,kg_cotton,40012500.0
104,m² land,5024100.0
104,kWh energy,15512653.003589105
105,m3_wood,1167136.0
105,kg_cotton,32422500.0
105,m² land,6022920.0
105,kWh energy,12768515.611977944
106,m3_wood,1150256.0
106,kg_cotton,25327500.0
106,m² land,6018820.0
106,kWh energy,10251731.334585525
107,m3_wood,1338016.0
107,kg_cotton,18232500.0
107,m² land,7007520.0
107,kWh energy,7750428.10367855
108,m3_wood,1351136.0
108,kg_cotton,13612500.0
108,m² land,7022920.0
108,kWh energy,6127805.765975545
109,m3_wood,1493888.0
109,kg_cotton,10065000.0
109,m² land,8002337.162278527
109,kWh energy,4883780.377786006
110,m3_wood,1443264.0
110,kg_cotton,8415000.0
110,m² land,7986057.162278527
110,kWh energy,4324759.528303521
111,m3_wood,1284256.0
111,kg_cotton,7177500.0
111,m² land,6993820.0
111,kWh energy,3895627.8799675633
112,m3_wood,1579152.0
112,kg_cotton,6600000.0
112,m² land,8962440.0
112,kWh energy,3760049.1866769944
113,m3_wood,1651008.0
113,kg_cotton,6270000.0
113,m² land,8993260.0
113,kWh energy,3698471.7273431444
114,m3_wood,1644128.0
114,kg_cotton,5362500.0
114,m² land,8985160.0
114,kWh energy,3423758.7141750585
115,m3_wood,1933040.0
115,kg_cotton,5280000.0
115,m² land,11841451.820294343
115,kWh energy,3458517.346793763
116,m3_wood,2186128.0
116,kg_cotton,5280000.0
116,m² land,11984660.0
116,kWh energy,3499538.315730535
117,m3_wood,2096752.0
117,kg_cotton,5445000.0
117,m² land,11930917.162278527
117,kWh energy,3645439.190168252
118,m3_wood,2111120.0
118,kg_cotton,5775000.0
118,m² land,11946900.0
118,kWh energy,3848849.2205041847
119,m3_wood,2092992.0
119,kg_cotton,5940000.0
119,m² land,11951217.162278527
119,kWh energy,3988231.141427347
120,m3_wood,2188256.0
120,kg_cotton,6022500.0
120,m² land,12907274.324557055
120,kWh energy,4080216.901647667
121,m3_wood,2269488.0
121,kg_cotton,5445000.0
121,m² land,12933860.0
121,kWh energy,3893733.8541412223
122,m3_wood,2422880.0
122,kg_cotton,5197500.0
122,m² land,13901175.910147171
122,kWh energy,3845694.713155391
123,m3_wood,2610608.0
123,kg_cotton,5362500.0
123,m² land,14920612.534410652
123,kWh energy,3907233.4428223157
124,m3_wood,2842752.0
124,kg_cotton,4950000.0
124,m² land,15944894.324557055
124,kWh energy,3714335.6368438494
125,m3_wood,2895856.0
125,kg_cotton,5197500.0
125,m² land,15975320.0
125,kWh energy,3779719.984508133
126,m3_wood,2936112.0
126,kg_cotton,5115000.0
126,m² land,16926315.0941891
126,kWh energy,3683200.619674671
127,m3_wood,3349120.0
127,kg_cotton,4950000.0
127,m² land,18913314.058485463
127,kWh energy,3592467.17423487
128,m3_wood,3278864.0
128,kg_cotton,4620000.0
128,m² land,17974142.711076684
128,kWh energy,3372584.4306738963
129,m3_wood,3326992.0
129,kg_cotton,4867500.0
129,m² land,17993740.0
129,kWh energy,3405142.5251742834
130,m3_wood,3300752.0
130,kg_cotton,4785000.0
130,m² land,18003440.0
130,kWh energy,3291460.033758873
131,m3_wood,3153632.0
131,kg_cotton,4125000.0
131,m² land,17017542.711076684
131,kWh energy,3003968.2416731217
132,m3_wood,3083632.0
132,kg_cotton,3877500.0
132,m² land,16987040.0
132,kWh energy,2867397.511496363
133,m3_wood,3138016.0
133,kg_cotton,4042500.0
133,m² land,17005520.0
133,kWh energy,2900273.1145813395
134,m3_wood,3193888.0
134,kg_cotton,3630000.0
134,m² land,17941866.97134003
134,kWh energy,2710350.0372501314
135,m3_wood,3307632.0
135,kg_cotton,3877500.0
135,m² land,17989040.0
135,kWh energy,2787583.8940088376
136,m3_wood,3094272.0
136,kg_cotton,4042500.0
136,m² land,16997342.711076684
136,kWh energy,2824296.370511866
137,m3_wood,2930896.0
137,kg_cotton,3712500.0
137,m² land,15989620.0
137,kWh energy,2745871.417505809
138,m3_wood,2962768.0
138,kg_cotton,3960000.0
138,m² land,16000960.0
138,kWh energy,2848234.7962333206
139,m3_wood,3004272.0
139,kg_cotton,4125000.0
139,m² land,16934722.230125412
139,kWh energy,2908461.923834936
140,m3_wood,3142016.0
140,kg_cotton,3877500.0
140,m² land,17933327.24748379
140,kWh energy,2797583.8940088376
141,m3_wood,3424752.0
141,kg_cotton,3630000.0
141,m² land,18959940.0
141,kWh energy,2742350.0372501314
142,m3_wood,3521632.0
142,kg_cotton,3382500.0
142,m² land,18986040.0
142,kWh energy,2747762.368981032
143,m3_wood,3352016.0
143,kg_cotton,3300000.0
143,m² land,18003420.490319986
143,kWh energy,2760785.2135926527
144,m3_wood,3518880.0
144,kg_cotton,2722500.0
144,m² land,18975193.503488075
144,kWh energy,2624312.7863403647
145,m3_wood,4834048.0
145,kg_cotton,3135000.0
145,m² land,25139260.66885172
145,kWh energy,2801909.610507676
146,m3_wood,7766528.0
146,kg_cotton,3382500.0
146,m² land,41980466.00404713
146,kWh energy,2987124.5137518262
147,m3_wood,8885024.0
147,kg_cotton,4290000.0
147,m² land,48963687.52131335
147,kWh energy,3332831.2090817275
148,m3_wood,9822864.0
148,kg_cotton,5527500.0
148,m² land,54885135.06104561
148,kWh energy,3813308.0640961393
149,m3_wood,10730768.0
149,kg_cotton,8332500.0
149,m² land,57150189.393514946
149,kWh energy,4811792.721597759
150,m3_wood,10948752.0
150,kg_cotton,13365000.0
150,m² land,58965215.50166382
150,kWh energy,6628455.022924404
151,m3_wood,11288720.0
151,kg_cotton,20955000.0
151,m² land,59288601.28033853
151,kWh energy,9310859.791733561
152,m3_wood,11504640.0
152,kg_cotton,29782500.0
152,m² land,63873389.42629286
152,kWh energy,12448368.650532188
153,m3_wood,12334528.0
153,kg_cotton,39847500.0
153,m² land,65150331.09995509
153,kWh energy,15985661.663994571
154,m3_wood,11607904.0
154,kg_cotton,52305000.0
154,m² land,59370786.0165622
154,kWh energy,20423891.038074546
155,m3_wood,10144768.0
155,kg_cotton,65835000.0
155,m² land,51374812.824183844
155,kWh energy,25220399.44176448
156,m3_wood,8892288.0
156,kg_cotton,78622500.0
156,m² land,46177857.25010514
156,kWh energy,29721756.81788377
157,m3_wood,5847328.0
157,kg_cotton,91657500.0
157,m² land,30094928.93734581
157,kWh energy,34344004.85950553
158,m3_wood,4690592.0
158,kg_cotton,103867500.0
158,m² land,24994431.851153105
158,kWh energy,38699029.691595964
159,m3_wood,4424784.0
159,kg_cotton,112117500.0
159,m² land,22181877.908597782
159,kWh energy,41650434.58575127
160,m3_wood,3600976.0
160,kg_cotton,121357500.0
160,m² land,19058368.565541297
160,kWh energy,44943911.88395922
161,m3_wood,3175152.0
161,kg_cotton,130185000.0
161,m² land,17938820.571516357
161,kWh energy,48055396.60861599
162,m3_wood,2871856.0
162,kg_cotton,139095000.0
162,m² land,15051042.607898904
162,kWh energy,51257072.17052061
163,m3_wood,2471376.0
163,kg_cotton,145200000.0
163,m² land,13035696.322583787
163,kWh energy,53490875.64622796
164,m3_wood,2942768.0
164,kg_cotton,147922500.0
164,m² land,16000917.010069655
164,kWh energy,54465756.79157754
165,m3_wood,3231376.0
165,kg_cotton,151140000.0
165,m² land,17947362.121652797
165,kWh energy,55662719.37153188
166,m3_wood,3177392.0
166,kg_cotton,150562500.0
166,m² land,17038740.0
166,kWh energy,55397646.996079475
167,m3_wood,3202384.0
167,kg_cotton,156667500.0
167,m² land,17032980.0
167,kWh energy,57612841.05311553
168,m3_wood,3017136.0
168,kg_cotton,156007500.0
168,m² land,16032422.711076684
168,kWh energy,57372668.31814412
169,m3_wood,2460752.0
169,kg_cotton,156337500.0
169,m² land,13020929.833164603
169,kWh energy,57564685.764301255
170,m3_wood,2417008.0
170,kg_cotton,155100000.0
170,m² land,12999278.977536792
170,kWh energy,57196068.618239194
171,m3_wood,2335136.0
171,kg_cotton,154605000.0
171,m² land,12985420.0
171,kWh energy,57052953.727845974
172,m3_wood,2228624.0
172,kg_cotton,153780000.0
172,m² land,12001257.162278527
172,kWh energy,56818266.397349514
173,m3_wood,2359520.0
173,kg_cotton,152377500.0
173,m² land,12989501.859023973
173,kWh energy,56335095.70912531
174,m3_wood,2364496.0
174,kg_cotton,150067500.0
174,m² land,12986120.0
174,kWh energy,55539942.357344136
175,m3_wood,2132368.0
175,kg_cotton,151057500.0
175,m² land,11970960.0
175,kWh energy,55939404.20551459
176,m3_wood,2136128.0
176,kg_cotton,153862500.0
176,m² land,11973677.815646753
176,kWh energy,57062807.86833066
177,m3_wood,2326992.0
177,kg_cotton,154522500.0
177,m² land,12971696.26646011
177,kWh energy,57327470.97143406
178,m3_wood,2402256.0
178,kg_cotton,155182500.0
178,m² land,13908751.486835582
178,kWh energy,57591486.16827499
179,m3_wood,2318240.0
179,kg_cotton,155100000.0
179,m² land,12953862.711076684
179,kWh energy,57586698.28903272
180,m3_wood,2395360.0
180,kg_cotton,154935000.0
180,m² land,13901342.881487183
180,kWh energy,57520757.4921436
181,m3_wood,2321360.0
181,kg_cotton,155182500.0
181,m² land,12972590.844306739
181,kWh energy,57602356.64630617
182,m3_wood,2272000.0
182,kg_cotton,153202500.0
182,m² land,12922371.247336809
182,kWh energy,56844191.993902944
183,m3_wood,2431632.0
183,kg_cotton,152460000.0
183,m² land,13927948.64911411
183,kWh energy,56489274.46734562
184,m3_wood,2582864.0
184,kg_cotton,152047500.0
184,m² land,13984868.418260854
184,kWh energy,56247177.64317829
185,m3_wood,2989840.0
185,kg_cotton,152295000.0
185,m² land,16932709.291923657
185,kWh energy,56305170.54387463
186,m3_wood,3149248.0
186,kg_cotton,152130000.0
186,m² land,17002221.85902401
186,kWh energy,56213375.935475186
187,m3_wood,3432240.0
187,kg_cotton,150480000.0
187,m² land,18981692.749806315
187,kWh energy,55525469.68529137
188,m3_wood,3301376.0
188,kg_cotton,151635000.0
188,m² land,18003720.0
188,kWh energy,55890235.612332515
189,m3_wood,2901504.0
189,kg_cotton,151882500.0
189,m² land,15978882.711076684
189,kWh energy,55926088.37080594
190,m3_wood,3255744.0
190,kg_cotton,153202500.0
190,m² land,17949643.23780013
190,kWh energy,56434361.438323066
191,m3_wood,3066768.0
191,kg_cotton,155182500.0
191,m² land,16965470.844306737
191,kWh energy,57090587.253685944
192,m3_wood,2967760.0
192,kg_cotton,154770000.0
192,m² land,15989718.977536792
192,kWh energy,56937332.483564064
193,m3_wood,2959040.0
193,kg_cotton,156502500.0
193,m² land,16004743.880328966
193,kWh energy,57592990.721383296
194,m3_wood,2798768.0
194,kg_cotton,157162500.0
194,m² land,15006522.711076684
194,kWh energy,57793057.19031642
195,m3_wood,2540384.0
195,kg_cotton,155512500.0
195,m² land,13982482.711076684
195,kWh energy,57163707.80067623
196,m3_wood,2541008.0
196,kg_cotton,155677500.0
196,m² land,14000765.422153369
196,kWh energy,57217519.08816853
197,m3_wood,2690640.0
197,kg_cotton,151717500.0
197,m² land,14979847.637490267
197,kWh energy,55827234.886440575
198,m3_wood,2251760.0
198,kg_cotton,146025000.0
198,m² land,12004210.844306739
198,kWh energy,53822774.63058971
199,m3_wood,2214256.0
199,kg_cotton,139342500.0
199,m² land,11998820.0
199,kWh energy,51450658.68900683
200,m3_wood,1814368.0
200,kg_cotton,130102500.0
200,m² land,10000478.093039446
200,kWh energy,48148431.82990448
201,m3_wood,1861872.0
201,kg_cotton,116820000.0
201,m² land,10010845.422153369
201,kWh energy,43363937.2958477
202,m3_wood,1824992.0
202,kg_cotton,109312500.0
202,m² land,9996740.0
202,kWh energy,40693032.93835743
203,m3_wood,1834368.0
203,kg_cotton,96690000.0
203,m² land,10005960.0
203,kWh energy,36197316.514526896
204,m3_wood,1638496.0
204,kg_cotton,83902500.0
204,m² land,8986622.711076684
204,kWh energy,31686759.242007416
205,m3_wood,1686000.0
205,kg_cotton,72105000.0
205,m² land,8997005.422153369
205,kWh energy,27506229.01146248
206,m3_wood,1625376.0
206,kg_cotton,62040000.0
206,m² land,8962230.844306739
206,kWh energy,23908665.46816898
207,m3_wood,1654752.0
207,kg_cotton,50490000.0
207,m² land,8990433.428738635
207,kWh energy,19754927.104709253
208,m3_wood,1802496.0
208,kg_cotton,41415000.0
208,m² land,9967610.71766195
208,kWh energy,16555699.040250497
209,m3_wood,1463872.0
209,kg_cotton,34155000.0
209,m² land,8000319.873355212
209,kWh energy,13948265.464736903
210,m3_wood,1463248.0
210,kg_cotton,27720000.0
210,m² land,8000060.0
210,kWh energy,11627336.002412368
211,m3_wood,1517888.0
211,kg_cotton,23100000.0
211,m² land,8941021.915571721
211,kWh energy,9959456.907765498
212,m3_wood,1596624.0
212,kg_cotton,20377500.0
212,m² land,8979280.0
212,kWh energy,8987637.803586952
213,m3_wood,1432000.0
213,kg_cotton,18645000.0
213,m² land,7984500.0
213,kWh energy,8348275.366951537
214,m3_wood,1462624.0
214,kg_cotton,16170000.0
214,m² land,8008780.0
214,kWh energy,7424380.804460142
215,m3_wood,1468256.0
215,kg_cotton,15757500.0
215,m² land,7989320.0
215,kWh energy,7223739.755425531
216,m3_wood,1316752.0
216,kg_cotton,14272500.0
216,m² land,6996442.711076684
216,kWh energy,6651029.043652415
217,m3_wood,1286128.0
217,kg_cotton,13860000.0
217,m² land,6994665.4221533695
217,kWh energy,6444501.715705143
218,m3_wood,1276752.0
218,kg_cotton,13777500.0
218,m² land,6998940.0
218,kWh energy,6419075.98123359
219,m3_wood,1263632.0
219,kg_cotton,13777500.0
219,m² land,6988040.0
219,kWh energy,6399262.363746066
220,m3_wood,1288000.0
220,kg_cotton,13200000.0
220,m² land,6991000.0
220,kWh energy,6152490.970104835
221,m3_wood,1264256.0
221,kg_cotton,12540000.0
221,m² land,6992820.0
221,kWh energy,5892855.004951693
222,m3_wood,1264256.0
222,kg_cotton,12292500.0
222,m² land,6997320.0
222,kWh energy,5785095.876840245
223,m3_wood,1268624.0
223,kg_cotton,12210000.0
223,m² land,6999280.0
223,kWh energy,5708957.610292131
224,m3_wood,1276128.0
224,kg_cotton,11880000.0
224,m² land,6998660.0
224,kWh energy,5604574.8667311575
225,m3_wood,1258624.0
225,kg_cotton,11385000.0
225,m² land,6985280.0
225,kWh energy,5472245.00844295
226,m3_wood,1075248.0
226,kg_cotton,11137500.0
226,m² land,5994562.711076684
226,kWh energy,5471038.438459201
227,m3_wood,1229248.0
227,kg_cotton,10725000.0
227,m² land,6965991.486835582
227,kWh energy,5358808.061478654
228,m3_wood,1327376.0
228,kg_cotton,11137500.0
228,m² land,7010855.553834237
228,kWh energy,5554887.947553625
229,m3_wood,1511376.0
229,kg_cotton,11302500.0
229,m² land,8010720.0
229,kWh energy,5665250.91496223
230,m3_wood,1483248.0
230,kg_cotton,11880000.0
230,m² land,8005560.0
230,kWh energy,5884392.786634653
231,m3_wood,1414256.0
231,kg_cotton,11220000.0
231,m² land,7063423.02091402
231,kWh energy,5689882.0410343455
232,m3_wood,1473872.0
232,kg_cotton,11055000.0
232,m² land,7996340.0
232,kWh energy,5660550.662816666
233,m3_wood,1465120.0
233,kg_cotton,11632500.0
233,m² land,7996400.0
233,kWh energy,5922947.276010731
234,m3_wood,1422624.0
234,kg_cotton,11467500.0
234,m² land,7979780.0
234,kWh energy,5917120.2002090225
235,m3_wood,1460752.0
235,kg_cotton,11550000.0
235,m² land,7989952.279630641
235,kWh energy,5965591.037759216
236,m3_wood,1752256.0
236,kg_cotton,11550000.0
236,m² land,9046867.591014672
236,kWh energy,6010959.500368196
237,m3_wood,1875632.0
237,kg_cotton,11220000.0
237,m² land,10009045.422153369
237,kWh energy,5877089.392483592
238,m3_wood,1634752.0
238,kg_cotton,10890000.0
238,m² land,8993390.844306739
238,kWh energy,5744285.628185941
239,m3_wood,1438880.0
239,kg_cotton,10972500.0
239,m² land,7992613.555383423
239,kWh energy,5733578.688055599
240,m3_wood,1457008.0
240,kg_cotton,10477500.0
240,m² land,7992765.4221533695
240,kWh energy,5487644.579151328
241,m3_wood,1223632.0
241,kg_cotton,10065000.0
241,m² land,6973442.711076684
241,kWh energy,5299196.230467379
242,m3_wood,1229856.0
242,kg_cotton,10477500.0
242,m² land,6984408.303640552
242,kWh energy,5422881.504369288
243,m3_wood,1299872.0
243,kg_cotton,10312500.0
243,m² land,7001342.711076684
243,kWh energy,5331024.854798867
244,m3_wood,1386368.0
244,kg_cotton,9900000.0
244,m² land,7960675.238577114
244,kWh energy,5128591.1572135035
245,m3_wood,1447600.0
245,kg_cotton,9982500.0
245,m² land,7984056.570877645
245,kWh energy,5104884.217083163
246,m3_wood,1456992.0
246,kg_cotton,9982500.0
246,m² land,7989442.711076684
246,kWh energy,5053403.17059772
247,m3_wood,1628624.0
247,kg_cotton,10230000.0
247,m² land,8017768.474051059
247,kWh energy,5059045.26359208
248,m3_wood,1784736.0
248,kg_cotton,10560000.0
248,m² land,8222244.813038617
248,kWh energy,5126714.486690274
249,m3_wood,1383600.0
249,kg_cotton,12292500.0
249,m² land,7073344.554608741
249,kWh energy,5759759.003422191
250,m3_wood,1311440.0
250,kg_cotton,14602500.0
250,m² land,6999910.828814679
250,kWh energy,6592826.490111882
251,m3_wood,1825072.0
251,kg_cotton,16582500.0
251,m² land,7272145.520398983
251,kWh energy,7271090.212503919
252,m3_wood,1382976.0
252,kg_cotton,21697500.0
252,m² land,7017627.147957183
252,kWh energy,9068771.878664032
253,m3_wood,1706752.0
253,kg_cotton,26977500.0
253,m² land,7223313.296734154
253,kWh energy,10992341.783585498
254,m3_wood,1964912.0
254,kg_cotton,33082500.0
254,m² land,7323937.315582886
254,kWh energy,13206881.047299998
255,m3_wood,1655552.0
255,kg_cotton,39600000.0
255,m² land,7207100.559954651
255,kWh energy,15548398.233467152
256,m3_wood,1351616.0
256,kg_cotton,46447500.0
256,m² land,6091695.900132534
256,kWh energy,18014241.302651625
257,m3_wood,1202944.0
257,kg_cotton,56677500.0
257,m² land,5129288.855927888
257,kWh energy,21740617.270648252
258,m3_wood,1867216.0
258,kg_cotton,67897500.0
258,m² land,5431474.97950733
258,kWh energy,25824457.102237493
259,m3_wood,1472864.0
259,kg_cotton,78210000.0
259,m² land,5241627.296424067
259,kWh energy,29533966.15615494
260,m3_wood,1108048.0
260,kg_cotton,88275000.0
260,m² land,2311057.163527287
260,kWh energy,33154339.286091466
261,m3_wood,480896.0
261,kg_cotton,98257500.0
261,m² land,310569.2352802377
261,kWh energy,36783143.38670045
262,m3_wood,85632.0
262,kg_cotton,107662500.0
262,m² land,39771.13719120396
262,kWh energy,40198280.344284244
263,m3_wood,87488.0
263,kg_cotton,114180000.0
263,m² land,39584.79955679373
263,kWh energy,42608537.608302444
264,m3_wood,2496.0
264,kg_cotton,121275000.0
264,m² land,2407.7149495632493
264,kWh energy,45176467.195973165
265,m3_wood,0.0
265,kg_cotton,127545000.0
265,m² land,568.1332300542215
265,kWh energy,47488590.55143277
266,m3_wood,0.0
266,kg_cotton,130515000.0
266,m² land,0.0
266,kWh energy,48537412.75616564
267,m3_wood,0.0
267,kg_cotton,135217500.0
267,m² land,0.0
267,kWh energy,50243326.28714069
268,m3_wood,1600.0
268,kg_cotton,137940000.0
268,m² land,0.0
268,kWh energy,51186646.269530594
269,m3_wood,8768.0
269,kg_cotton,139755000.0
269,m² land,88.51325151324272
269,kWh energy,51817208.13567374
270,m3_wood,18128.0
270,kg_cotton,141322500.0
270,m² land,0.0
270,kWh energy,52370589.43257261
271,m3_wood,9376.0
271,kg_cotton,141900000.0
271,m² land,176.26646010844308
271,kWh energy,52558329.38584759
272,m3_wood,0.0
272,kg_cotton,142642500.0
272,m² land,0.0
272,kWh energy,52772827.90709042
273,m3_wood,0.0
273,kg_cotton,144292500.0
273,m² land,0.0
273,kWh energy,53310629.90665809
274,m3_wood,0.0
274,kg_cotton,144292500.0
274,m² land,0.0
274,kWh energy,53318829.654233694
275,m3_wood,0.0
275,kg_cotton,143467500.0
275,m² land,0.0
275,kWh energy,52977208.816148825
276,m3_wood,0.0
276,kg_cotton,143385000.0
276,m² land,0.0
276,kWh energy,52904626.27293355
277,m3_wood,0.0
277,kg_cotton,144705000.0
277,m² land,0.0
277,kWh energy,53348168.58424624
278,m3_wood,0.0
278,kg_cotton,145612500.0
278,m² land,0.0
278,kWh energy,53684330.32532219
279,m3_wood,0.0
279,kg_cotton,144705000.0
279,m² land,0.0
279,kWh energy,53280400.477661595
280,m3_wood,0.0
280,kg_cotton,142890000.0
280,m² land,0.0
280,kWh energy,52646357.56503296
281,m3_wood,0.0
281,kg_cotton,143055000.0
281,m² land,0.0
281,kWh energy,52713104.79593199
282,m3_wood,10640.0
282,kg_cotton,142312500.0
282,m² land,0.0
282,kWh energy,52470894.62082394
283,m3_wood,0.0
283,kg_cotton,141817500.0
283,m² land,0.0
283,kWh energy,52301845.91262101
284,m3_wood,0.0
284,kg_cotton,142065000.0
284,m² land,0.0
284,kWh energy,52429232.12688288
285,m3_wood,0.0
285,kg_cotton,140910000.0
285,m² land,0.0
285,kWh energy,52064316.84614703
286,m3_wood,0.0
286,kg_cotton,142807500.0
286,m² land,0.0
286,kWh energy,52822930.544525854
287,m3_wood,0.0
287,kg_cotton,141487500.0
287,m² land,0.0
287,kWh energy,52361358.91844397
288,m3_wood,0.0
288,kg_cotton,143467500.0
288,m² land,0.0
288,kWh energy,53114140.457139626
289,m3_wood,0.0
289,kg_cotton,143632500.0
289,m² land,0.0
289,kWh energy,53188742.36518841
290,m3_wood,0.0
290,kg_cotton,143055000.0
290,m² land,0.0
290,kWh energy,53018542.495761506
291,m3_wood,0.0
291,kg_cotton,141982500.0
291,m² land,0.0
291,kWh energy,52630747.66527005
292,m3_wood,12864.0
292,kg_cotton,144787500.0
292,m² land,0.0
292,kWh energy,53680777.69742179
293,m3_wood,0.0
293,kg_cotton,144292500.0
293,m² land,0.0
293,kWh energy,53483629.906658165
294,m3_wood,0.0
294,kg_cotton,143962500.0
294,m² land,0.0
294,kWh energy,53359599.67600003
295,m3_wood,0.0
295,kg_cotton,144210000.0
295,m² land,0.0
295,kWh energy,53450211.62723564
296,m3_wood,0.0
296,kg_cotton,145612500.0
296,m² land,0.0
296,kWh energy,53970952.379669935
297,m3_wood,0.0
297,kg_cotton,143880000.0
297,m² land,0.0
297,kWh energy,53281857.32023251
298,m3_wood,0.0
298,kg_cotton,142725000.0
298,m² land,0.0
298,kWh energy,52841255.656984165
299,m3_wood,0.0
299,kg_cotton,140167500.0
299,m² land,0.0
299,kWh energy,51863454.31353575
300,m3_wood,0.0
300,kg_cotton,137115000.0
300,m² land,0.0
300,kWh energy,50741172.6083216
301,m3_wood,0.0
301,kg_cotton,128617500.0
301,m² land,0.0
301,kWh energy,47624470.6790257
302,m3_wood,0.0
302,kg_cotton,122182500.0
302,m² land,0.0
302,kWh energy,45282133.968851715
303,m3_wood,0.0
303,kg_cotton,114510000.0
303,m² land,0.0
303,kWh energy,42473469.75735802
304,m3_wood,0.0
304,kg_cotton,106837500.0
304,m² land,0.0
304,kWh energy,39690049.92613137
305,m3_wood,0.0
305,kg_cotton,97680000.0
305,m² land,0.0
305,kWh energy,36364492.03198476
306,m3_wood,0.0
306,kg_cotton,89595000.0
306,m² land,0.0
306,kWh energy,33432707.999392785
307,m3_wood,0.0
307,kg_cotton,78705000.0
307,m² land,0.0
307,kWh energy,29486737.138477247
308,m3_wood,0.0
308,kg_cotton,71197500.0
308,m² land,0.0
308,kWh energy,26757468.620793976
309,m3_wood,0.0
309,kg_cotton,61627500.0
309,m² land,0.0
309,kWh energy,23310662.27436358
310,m3_wood,0.0
310,kg_cotton,52140000.0
310,m² land,0.0
310,kWh energy,19934621.70102784
311,m3_wood,0.0
311,kg_cotton,43725000.0
311,m² land,0.0
311,kWh energy,16918979.059016753
312,m3_wood,0.0
312,kg_cotton,35970000.0
312,m² land,0.0
312,kWh energy,14187851.465021938
313,m3_wood,0.0
313,kg_cotton,30772500.0
313,m² land,0.0
313,kWh energy,12355546.183412302
314,m3_wood,0.0
314,kg_cotton,26152500.0
314,m² land,0.0
314,kWh energy,10742255.538500024
315,m3_wood,0.0
315,kg_cotton,23512500.0
315,m² land,0.0
315,kWh energy,9830052.43332528
316,m3_wood,0.0
316,kg_cotton,21367500.0
316,m² land,0.0
316,kWh energy,9119958.631323097
317,m3_wood,16256.0
317,kg_cotton,18975000.0
317,m² land,0.0
317,kWh energy,8347274.996804946
318,m3_wood,0.0
318,kg_cotton,17077500.0
318,m² land,0.0
318,kWh energy,7726467.460864517
319,m3_wood,0.0
319,kg_cotton,15840000.0
319,m² land,0.0
319,kWh energy,7309827.47926816
320,m3_wood,0.0
320,kg_cotton,15097500.0
320,m² land,0.0
320,kWh energy,7040584.836757834
321,m3_wood,0.0
321,kg_cotton,15180000.0
321,m² land,0.0
321,kWh energy,7089037.858004344
322,m3_wood,0.0
322,kg_cotton,13942500.0
322,m² land,0.0
322,kWh energy,6639914.814500325
323,m3_wood,0.0
323,kg_cotton,13942500.0
323,m² land,0.0
323,kWh energy,6637063.289983688
324,m3_wood,0.0
324,kg_cotton,13447500.0
324,m² land,0.0
324,kWh energy,6455184.904412214
325,m3_wood,0.0
325,kg_cotton,14107500.0
325,m² land,0.0
325,kWh energy,6670409.319299953
326,m3_wood,0.0
326,kg_cotton,14107500.0
326,m² land,0.0
326,kWh energy,6637746.192718006
327,m3_wood,0.0
327,kg_cotton,14107500.0
327,m² land,0.0
327,kWh energy,6637940.90849088
328,m3_wood,0.0
328,kg_cotton,14520000.0
328,m² land,0.0
328,kWh energy,6782150.316534657
329,m3_wood,0.0
329,kg_cotton,13860000.0
329,m² land,0.0
329,kWh energy,6521677.4779634625
330,m3_wood,0.0
330,kg_cotton,13777500.0
330,m² land,0.0
330,kWh energy,6432120.206100887
331,m3_wood,0.0
331,kg_cotton,12952500.0
331,m² land,0.0
331,kWh energy,6067413.922089891
332,m3_wood,0.0
332,kg_cotton,13282500.0
332,m² land,0.0
332,kWh energy,6154196.717450774
333,m3_wood,0.0
333,kg_cotton,12952500.0
333,m² land,0.0
333,kWh energy,6038138.211631481
334,m3_wood,0.0
334,kg_cotton,12457500.0
334,m² land,0.0
334,kWh energy,5826379.864985529
335,m3_wood,0.0
335,kg_cotton,11880000.0
335,m² land,0.0
335,kWh energy,5607737.993313106
336,m3_wood,0.0
336,kg_cotton,11385000.0
336,m² land,0.0
336,kWh energy,5433583.897283218
337,m3_wood,0.0
337,kg_cotton,11137500.0
337,m² land,0.0
337,kWh energy,5337413.218906368
338,m3_wood,68896.0
338,kg_cotton,10807500.0
338,m² land,0.0
338,kWh energy,5185960.9791253535
339,m3_wood,0.0
339,kg_cotton,10642500.0
339,m² land,0.0
339,kWh energy,5138727.533685553
340,m3_wood,0.0
340,kg_cotton,10560000.0
340,m² land,0.0
340,kWh energy,5121201.851013904
341,m3_wood,0.0
341,kg_cotton,10477500.0
341,m² land,0.0
341,kWh energy,5112538.313113051
342,m3_wood,0.0
342,kg_cotton,10560000.0
342,m² land,0.0
342,kWh energy,5152733.440204832
343,m3_wood,247552.0
343,kg_cotton,10890000.0
343,m² land,0.0
343,kWh energy,5267965.692860229
344,m3_wood,0.0
344,kg_cotton,10725000.0
344,m² land,0.0
344,kWh energy,5218897.389424593
345,m3_wood,0.0
345,kg_cotton,10642500.0
345,m² land,0.0
345,kWh energy,5216939.187550768
346,m3_wood,0.0
346,kg_cotton,10065000.0
346,m² land,0.0
346,kWh energy,5036536.25651852
347,m3_wood,0.0
347,kg_cotton,9487500.0
347,m² land,0.0
347,kWh energy,4864701.684495438
348,m3_wood,0.0
348,kg_cotton,9982500.0
348,m² land,0.0
348,kWh energy,5064303.2223976245
349,m3_wood,0.0
349,kg_cotton,9817500.0
349,m² land,0.0
349,kWh energy,4985143.155197644
350,m3_wood,99120.0
350,kg_cotton,10230000.0
350,m² land,29.349383356853252
350,kWh energy,5132336.0455452725
351,m3_wood,2512.0
351,kg_cotton,12210000.0
351,m² land,0.0
351,kWh energy,5806250.2588428855
352,m3_wood,0.0
352,kg_cotton,13860000.0
352,m² land,89.4965142980218
352,kWh energy,6478237.503712226
353,m3_wood,0.0
353,kg_cotton,16170000.0
353,m² land,0.0
353,kWh energy,7216461.799145677
354,m3_wood,0.0
354,kg_cotton,19717500.0
354,m² land,0.0
354,kWh energy,8475193.4015736
355,m3_wood,7504.0
355,kg_cotton,24502500.0
355,m² land,0.0
355,kWh energy,10184253.383532561
356,m3_wood,0.0
356,kg_cotton,28050000.0
356,m² land,0.0
356,kWh energy,11411862.919040738
357,m3_wood,123200.0
357,kg_cotton,31762500.0
357,m² land,0.0
357,kWh energy,12674476.442391817
358,m3_wood,4352.0
358,kg_cotton,38115000.0
358,m² land,0.0
358,kWh energy,14961822.224290164
359,m3_wood,106032.0
359,kg_cotton,44550000.0
359,m² land,0.0
359,kWh energy,17266682.19039465
360,m3_wood,27472.0
360,kg_cotton,53377500.0
360,m² land,0.0
360,kWh energy,20420754.22757513
361,m3_wood,15632.0
361,kg_cotton,61215000.0
361,m² land,0.0
361,kWh energy,23192839.145232424
362,m3_wood,0.0
362,kg_cotton,70290000.0
362,m² land,0.0
362,kWh energy,26433069.225113392
363,m3_wood,0.0
363,kg_cotton,77880000.0
363,m² land,0.0
363,kWh energy,29155319.200601008
364,m3_wood,5648.0
364,kg_cotton,87285000.0
364,m² land,0.0
364,kWh energy,32542749.943946436
365,m3_wood,14768.0
365,kg_cotton,95782500.0
365,m² land,0.0
365,kWh energy,35598081.39521108
366,m3_wood,3120.0
366,kg_cotton,101805000.0
366,m² land,0.0
366,kWh energy,37778707.56013044
367,m3_wood,0.0
367,kg_cotton,105930000.0
367,m² land,0.0
367,kWh energy,39312039.083785236
368,m3_wood,0.0
368,kg_cotton,109890000.0
368,m² land,0.0
368,kWh energy,40723576.72842727
369,m3_wood,640.0
369,kg_cotton,116160000.0
369,m² land,0.0
369,kWh energy,43055313.96637082
370,m3_wood,0.0
370,kg_cotton,119460000.0
370,m² land,0.0
370,kWh energy,44250345.31665319
371,m3_wood,0.0
371,kg_cotton,125152500.0
371,m² land,0.0
371,kWh energy,46337512.045742035
372,m3_wood,6256.0
372,kg_cotton,127380000.0
372,m² land,10.162664532661438
372,kWh energy,47186630.554601595
373,m3_wood,0.0
373,kg_cotton,131587500.0
373,m² land,0.0
373,kWh energy,48707176.15886277
374,m3_wood,0.0
374,kg_cotton,132825000.0
374,m² land,0.0
374,kWh energy,49177452.85847747
375,m3_wood,0.0
375,kg_cotton,130515000.0
375,m² land,0.0
375,kWh energy,48329992.61364027
376,m3_wood,0.0
376,kg_cotton,130267500.0
376,m² land,0.0
376,kWh energy,48255356.83848408
377,m3_wood,0.0
377,kg_cotton,130515000.0
377,m² land,0.0
377,kWh energy,48366446.522175394
378,m3_wood,0.0
378,kg_cotton,131175000.0
378,m² land,0.0
378,kWh energy,48624129.87740093
379,m3_wood,0.0
379,kg_cotton,129690000.0
379,m² land,0.0
379,kWh energy,48094673.90714945
380,m3_wood,0.0
380,kg_cotton,130432500.0
380,m² land,0.0
380,kWh energy,48373188.21670174
381,m3_wood,0.0
381,kg_cotton,131092500.0
381,m² land,0.0
381,kWh energy,48592059.969861984
382,m3_wood,0.0
382,kg_cotton,128865000.0
382,m² land,0.0
382,kWh energy,47763500.34954023
383,m3_wood,0.0
383,kg_cotton,128452500.0
383,m² land,0.0
383,kWh energy,47612487.672691554
384,m3_wood,179120.0
384,kg_cotton,126555000.0
384,m² land,0.0
384,kWh energy,46913834.93007265
385,m3_wood,0.0
385,kg_cotton,127297500.0
385,m² land,0.0
385,kWh energy,47113230.35048233
386,m3_wood,0.0
386,kg_cotton,127215000.0
386,m² land,0.0
386,kWh energy,47045338.22062393
387,m3_wood,0.0
387,kg_cotton,128700000.0
387,m² land,0.0
387,kWh energy,47599202.5885077
388,m3_wood,92512.0
388,kg_cotton,130185000.0
388,m² land,0.0
388,kWh energy,48154383.72651216
389,m3_wood,0.0
389,kg_cotton,130267500.0
389,m² land,0.0
389,kWh energy,48147554.71946207
390,m3_wood,0.0
390,kg_cotton,126060000.0
390,m² land,0.0
390,kWh energy,46579853.44366801
391,m3_wood,0.0
391,kg_cotton,125400000.0
391,m² land,0.0
391,kWh energy,46322524.77816416
392,m3_wood,0.0
392,kg_cotton,121852500.0
392,m² land,0.0
392,kWh energy,45001679.45464897
393,m3_wood,0.0
393,kg_cotton,120450000.0
393,m² land,0.0
393,kWh energy,44536963.97356746
394,m3_wood,0.0
394,kg_cotton,119707500.0
394,m² land,0.0
394,kWh energy,44265105.581975535
395,m3_wood,0.0
395,kg_cotton,119212500.0
395,m² land,0.0
395,kWh energy,44102242.99728553
396,m3_wood,0.0
396,kg_cotton,119872500.0
396,m² land,0.0
396,kWh energy,44337867.46397322
397,m3_wood,0.0
397,kg_cotton,119377500.0
397,m² land,0.0
397,kWh energy,44192800.68046701
398,m3_wood,0.0
398,kg_cotton,117067500.0
398,m² land,0.0
398,kWh energy,43348638.426204555
399,m3_wood,16000.0
399,kg_cotton,117315000.0
399,m² land,0.0
399,kWh energy,43471942.91639415
400,m3_wood,29376.0
400,kg_cotton,113520000.0
400,m² land,0.0
400,kWh energy,42065665.855142236
401,m3_wood,38128.0
401,kg_cotton,109477500.0
401,m² land,0.0
401,kWh energy,40637248.56749345
402,m3_wood,0.0
402,kg_cotton,108075000.0
402,m² land,0.0
402,kWh energy,40167591.97494985
403,m3_wood,0.0
403,kg_cotton,104032500.0
403,m² land,0.0
403,kWh energy,38734222.077373505
404,m3_wood,0.0
404,kg_cotton,99742500.0
404,m² land,0.0
404,kWh energy,37213091.901902854
405,m3_wood,0.0
405,kg_cotton,95865000.0
405,m² land,0.0
405,kWh energy,35808820.747170165
406,m3_wood,0.0
406,kg_cotton,87780000.0
406,m² land,0.0
406,kWh energy,32884929.311329063
407,m3_wood,0.0
407,kg_cotton,78705000.0
407,m² land,0.0
407,kWh energy,29619418.08136286
408,m3_wood,0.0
408,kg_cotton,72600000.0
408,m² land,0.0
408,kWh energy,27428467.26738297
409,m3_wood,0.0
409,kg_cotton,66412500.0
409,m² land,0.0
409,kWh energy,25243213.92306213
410,m3_wood,0.0
410,kg_cotton,59565000.0
410,m² land,0.0
410,kWh energy,22749364.53603947
411,m3_wood,0.0
411,kg_cotton,52635000.0
411,m² land,0.0
411,kWh energy,20264043.174255736
412,m3_wood,0.0
412,kg_cotton,46365000.0
412,m² land,0.0
412,kWh energy,17973630.322878487
413,m3_wood,0.0
413,kg_cotton,41085000.0
413,m² land,0.0
413,kWh energy,16040403.609213253
414,m3_wood,0.0
414,kg_cotton,34320000.0
414,m² land,0.0
414,kWh energy,13631790.42151658
415,m3_wood,0.0
415,kg_cotton,29947500.0
415,m² land,0.0
415,kWh energy,12027556.733893821
416,m3_wood,0.0
416,kg_cotton,26235000.0
416,m² land,0.0
416,kWh energy,10683121.259794815
417,m3_wood,0.0
417,kg_cotton,22522500.0
417,m² land,0.0
417,kWh energy,9322377.077264067
418,m3_wood,0.0
418,kg_cotton,20707500.0
418,m² land,0.0
418,kWh energy,8674681.658307657
419,m3_wood,0.0
419,kg_cotton,18892500.0
419,m² land,0.0
419,kWh energy,8025026.161802586
420,m3_wood,0.0
420,kg_cotton,16912500.0
420,m² land,0.0
420,kWh energy,7289887.658963386
421,m3_wood,0.0
421,kg_cotton,16087500.0
421,m² land,0.0
421,kWh energy,6988738.235496061
422,m3_wood,0.0
422,kg_cotton,15180000.0
422,m² land,0.0
422,kWh energy,6639809.537618326
423,m3_wood,0.0
423,kg_cotton,15922500.0
423,m² land,0.0
423,kWh energy,6866517.42573263
424,m3_wood,0.0
424,kg_cotton,16087500.0
424,m² land,0.0
424,kWh energy,6965691.995206547
425,m3_wood,0.0
425,kg_cotton,15675000.0
425,m² land,0.0
425,kWh energy,6819578.232946892
426,m3_wood,0.0
426,kg_cotton,14685000.0
426,m² land,0.0
426,kWh energy,6528151.139172471
427,m3_wood,0.0
427,kg_cotton,13777500.0
427,m² land,0.0
427,kWh energy,6235781.317260621
428,m3_wood,0.0
428,kg_cotton,13695000.0
428,m² land,0.0
428,kWh energy,6224151.383972908
429,m3_wood,0.0
429,kg_cotton,13282500.0
429,m² land,0.0
429,kWh energy,6051560.877643783
430,m3_wood,0.0
430,kg_cotton,13365000.0
430,m² land,0.0
430,kWh energy,6088690.8109314935
431,m3_wood,0.0
431,kg_cotton,13035000.0
431,m² land,0.0
431,kWh energy,5968069.126730346
432,m3_wood,0.0
432,kg_cotton,12705000.0
432,m² land,0.0
432,kWh energy,5883834.858652733
433,m3_wood,0.0
433,kg_cotton,11880000.0
433,m² land,0.0
433,kWh energy,5560668.497093066
434,m3_wood,0.0
434,kg_cotton,11880000.0
434,m² land,0.0
434,kWh energy,5592986.416996563
435,m3_wood,0.0
435,kg_cotton,11632500.0
435,m² land,0.0
435,kWh energy,5491673.580974533
436,m3_wood,0.0
436,kg_cotton,11797500.0
436,m² land,0.0
436,kWh energy,5582867.1039630035
437,m3_wood,0.0
437,kg_cotton,12540000.0
437,m² land,0.0
437,kWh energy,5887054.023140539
438,m3_wood,0.0
438,kg_cotton,12292500.0
438,m² land,0.0
438,kWh energy,5805853.770994973
439,m3_wood,0.0
439,kg_cotton,13365000.0
439,m² land,0.0
439,kWh energy,6154927.73614945
440,m3_wood,0.0
440,kg_cotton,12787500.0
440,m² land,0.0
440,kWh energy,5897118.435479108
441,m3_wood,0.0
441,kg_cotton,13530000.0
441,m² land,0.0
441,kWh energy,6172805.354656642
442,m3_wood,0.0
442,kg_cotton,13612500.0
442,m² land,0.0
442,kWh energy,6228449.93904294
443,m3_wood,0.0
443,kg_cotton,13860000.0
443,m² land,0.0
443,kWh energy,6277183.795801648
444,m3_wood,0.0
444,kg_cotton,14767500.0
444,m² land,0.0
444,kWh energy,6595488.423909428
445,m3_wood,0.0
445,kg_cotton,14932500.0
445,m² land,0.0
445,kWh energy,6600948.174313032
446,m3_wood,0.0
446,kg_cotton,15097500.0
446,m² land,0.0
446,kWh energy,6630003.842072296
447,m3_wood,0.0
447,kg_cotton,15427500.0
447,m² land,0.0
447,kWh energy,6733731.792311724
448,m3_wood,0.0
448,kg_cotton,15345000.0
448,m² land,0.0
448,kWh energy,6667068.254410868
449,m3_wood,0.0
449,kg_cotton,16170000.0
449,m² land,0.0
449,kWh energy,6956012.341851165
450,m3_wood,0.0
450,kg_cotton,16747500.0
450,m² land,0.0
450,kWh energy,7185685.802714514
451,m3_wood,0.0
451,kg_cotton,18892500.0
451,m² land,0.0
451,kWh energy,7956689.288384535
452,m3_wood,0.0
452,kg_cotton,18975000.0
452,m² land,0.0
452,kWh energy,7991922.322505432
453,m3_wood,20368.0
453,kg_cotton,20377500.0
453,m² land,0.0
453,kWh energy,8530226.253321549
454,m3_wood,0.0
454,kg_cotton,22027500.0
454,m² land,0.0
454,kWh energy,9063692.52925412
455,m3_wood,13120.0
455,kg_cotton,24502500.0
455,m² land,0.0
455,kWh energy,9996998.64201092
456,m3_wood,8144.0
456,kg_cotton,27555000.0
456,m² land,0.0
456,kWh energy,11061778.319230886
457,m3_wood,5024.0
457,kg_cotton,31762500.0
457,m² land,0.0
457,kWh energy,12631626.933297394
458,m3_wood,1248.0
458,kg_cotton,36052500.0
458,m² land,0.0
458,kWh energy,14155559.227790078
459,m3_wood,624.0
459,kg_cotton,39765000.0
459,m² land,0.0
459,kWh energy,15499030.593495993
460,m3_wood,54976.0
460,kg_cotton,42982500.0
460,m² land,0.0
460,kWh energy,16679472.204513496
461,m3_wood,10000.0
461,kg_cotton,47355000.0
461,m² land,0.0
461,kWh energy,18226392.27464875
462,m3_wood,0.0
462,kg_cotton,53295000.0
462,m² land,0.0
462,kWh energy,20368725.3796984
463,m3_wood,0.0
463,kg_cotton,60060000.0
463,m² land,0.0
463,kWh energy,22819860.686114736
464,m3_wood,0.0
464,kg_cotton,66495000.0
464,m² land,0.0
464,kWh energy,25154779.52818511
465,m3_wood,9376.0
465,kg_cotton,72352500.0
465,m² land,0.0
465,kWh energy,27281663.914404195
466,m3_wood,0.0
466,kg_cotton,77055000.0
466,m² land,0.0
466,kWh energy,29002565.53908964
467,m3_wood,0.0
467,kg_cotton,81262500.0
467,m² land,0.0
467,kWh energy,30503159.411634475
468,m3_wood,0.0
468,kg_cotton,84727500.0
468,m² land,0.0
468,kWh energy,31743124.36275636
469,m3_wood,0.0
469,kg_cotton,90502500.0
469,m² land,0.0
469,kWh energy,33840650.48272974
470,m3_wood,0.0
470,kg_cotton,92812500.0
470,m² land,0.0
470,kWh energy,34681428.48607377
471,m3_wood,0.0
471,kg_cotton,93967500.0
471,m² land,0.0
471,kWh energy,35069186.958065845
472,m3_wood,0.0
472,kg_cotton,97680000.0
472,m² land,0.0
472,kWh energy,36376531.96700801
473,m3_wood,0.0
473,kg_cotton,100072500.0
473,m² land,0.0
473,kWh energy,37245647.25508902
474,m3_wood,0.0
474,kg_cotton,102960000.0
474,m² land,0.0
474,kWh energy,38232086.08362004
475,m3_wood,0.0
475,kg_cotton,101227500.0
475,m² land,0.0
475,kWh energy,37586465.740257904
476,m3_wood,8736.0
476,kg_cotton,102960000.0
476,m² land,0.0
476,kWh energy,38211158.732473195
477,m3_wood,0.0
477,kg_cotton,104197500.0
477,m² land,0.0
477,kWh energy,38614954.385602444
478,m3_wood,0.0
478,kg_cotton,103867500.0
478,m² land,0.0
478,kWh energy,38495440.104650445
479,m3_wood,0.0
479,kg_cotton,103372500.0
479,m² land,0.0
479,kWh energy,38298531.2670989
480,m3_wood,0.0
480,kg_cotton,103950000.0
480,m² land,0.0
480,kWh energy,38515631.129942104
481,m3_wood,0.0
481,kg_cotton,102712500.0
481,m² land,0.0
481,kWh energy,38078041.74943488
482,m3_wood,0.0
482,kg_cotton,101970000.0
482,m² land,0.0
482,kWh energy,37838404.23575199
483,m3_wood,0.0
483,kg_cotton,99742500.0
483,m² land,0.0
483,kWh energy,37033736.07497021
484,m3_wood,0.0
484,kg_cotton,100567500.0
484,m² land,0.0
484,kWh energy,37344184.464826494
485,m3_wood,0.0
485,kg_cotton,100732500.0
485,m² land,0.0
485,kWh energy,37431842.89104754
486,m3_wood,0.0
486,kg_cotton,98917500.0
486,m² land,0.0
486,kWh energy,36762260.44474253
487,m3_wood,0.0
487,kg_cotton,98752500.0
487,m² land,0.0
487,kWh energy,36729163.67091753
488,m3_wood,30992.0
488,kg_cotton,98835000.0
488,m² land,0.0
488,kWh energy,36760552.63557087
489,m3_wood,23120.0
489,kg_cotton,99165000.0
489,m² land,0.0
489,kWh energy,36891617.459228314
490,m3_wood,33120.0
490,kg_cotton,98670000.0
490,m² land,0.0
490,kWh energy,36712077.13068929
491,m3_wood,0.0
491,kg_cotton,97350000.0
491,m² land,0.0
491,kWh energy,36285185.8973214
492,m3_wood,0.0
492,kg_cotton,97597500.0
492,m² land,0.0
492,kWh energy,36366882.595486954
493,m3_wood,0.0
493,kg_cotton,96937500.0
493,m² land,0.0
493,kWh energy,36160539.76360339
494,m3_wood,0.0
494,kg_cotton,97020000.0
494,m² land,0.0
494,kWh energy,36154033.85708411
495,m3_wood,0.0
495,kg_cotton,96772500.0
495,m² land,0.0
495,kWh energy,36074070.53015651
496,m3_wood,0.0
496,kg_cotton,94792500.0
496,m² land,0.0
496,kWh energy,35355282.6736226
497,m3_wood,0.0
497,kg_cotton,96360000.0
497,m² land,0.0
497,kWh energy,35933085.411654316
498,m3_wood,0.0
498,kg_cotton,94710000.0
498,m² land,0.0
498,kWh energy,35303760.15615602
499,m3_wood,0.0
499,kg_cotton,95617500.0
499,m² land,0.0
499,kWh energy,35593398.19179131
500,m3_wood,0.0
500,kg_cotton,94132500.0
500,m² land,0.0
500,kWh energy,35042912.94845658
501,m3_wood,0.0
501,kg_cotton,91327500.0
501,m² land,0.0
501,kWh energy,33997667.231595136
502,m3_wood,0.0
502,kg_cotton,89925000.0
502,m² land,0.0
502,kWh energy,33477655.94932979
503,m3_wood,0.0
503,kg_cotton,86542500.0
503,m² land,0.0
503,kWh energy,32219181.44176473
504,m3_wood,157232.0
504,kg_cotton,84150000.0
504,m² land,0.0
504,kWh energy,31347025.57874035
505,m3_wood,0.0
505,kg_cotton,81675000.0
505,m² land,0.0
505,kWh energy,30392887.773192815
506,m3_wood,2512.0
506,kg_cotton,77962500.0
506,m² land,0.0
506,kWh energy,29079609.107837565
507,m3_wood,19376.0
507,kg_cotton,75322500.0
507,m² land,0.0
507,kWh energy,28107298.70655239
508,m3_wood,42640.0
508,kg_cotton,72435000.0
508,m² land,0.0
508,kWh energy,27104292.309134085
509,m3_wood,184000.0
509,kg_cotton,66907500.0
509,m² land,0.0
509,kWh energy,25090169.000903152
510,m3_wood,43472.0
510,kg_cotton,61297500.0
510,m² land,0.0
510,kWh energy,23058151.15861664
511,m3_wood,51248.0
511,kg_cotton,57337500.0
511,m² land,0.0
511,kWh energy,21638571.15570489
512,m3_wood,60000.0
512,kg_cotton,50902500.0
512,m² land,0.0
512,kWh energy,19335604.923562106
513,m3_wood,60000.0
513,kg_cotton,46860000.0
513,m² land,0.0
513,kWh energy,17888259.14755562
514,m3_wood,49376.0
514,kg_cotton,42240000.0
514,m² land,0.0
514,kWh energy,16250699.988234468
515,m3_wood,0.0
515,kg_cotton,37372500.0
515,m² land,0.0
515,kWh energy,14529913.289992783
516,m3_wood,0.0
516,kg_cotton,34567500.0
516,m² land,0.0
516,kWh energy,13586340.18275657
517,m3_wood,0.0
517,kg_cotton,31432500.0
517,m² land,0.0
517,kWh energy,12436716.902961466
518,m3_wood,0.0
518,kg_cotton,29535000.0
518,m² land,0.0
518,kWh energy,11840448.411261026
519,m3_wood,0.0
519,kg_cotton,27555000.0
519,m² land,0.0
519,kWh energy,11138433.11255243
520,m3_wood,0.0
520,kg_cotton,25080000.0
520,m² land,0.0
520,kWh energy,10268871.121063117
521,m3_wood,0.0
521,kg_cotton,24420000.0
521,m² land,0.0
521,kWh energy,10052005.685741076
522,m3_wood,0.0
522,kg_cotton,22440000.0
522,m² land,0.0
522,kWh energy,9343714.676574077
523,m3_wood,0.0
523,kg_cotton,21615000.0
523,m² land,0.0
523,kWh energy,9019271.467345128
524,m3_wood,0.0
524,kg_cotton,21615000.0
524,m² land,0.0
524,kWh energy,9010214.606801463
525,m3_wood,0.0
525,kg_cotton,20542500.0
525,m² land,0.0
525,kWh energy,8633655.564317103
526,m3_wood,0.0
526,kg_cotton,19470000.0
526,m² land,0.0
526,kWh energy,8264617.490769525
527,m3_wood,0.0
527,kg_cotton,18480000.0
527,m² land,0.0
527,kWh energy,7865586.146379037
528,m3_wood,0.0
528,kg_cotton,18480000.0
528,m² land,0.0
528,kWh energy,7801742.955122801
529,m3_wood,0.0
529,kg_cotton,17737500.0
529,m² land,0.0
529,kWh energy,7478280.3254868565
530,m3_wood,0.0
530,kg_cotton,17902500.0
530,m² land,0.0
530,kWh energy,7559456.910382986
531,m3_wood,0.0
531,kg_cotton,18810000.0
531,m² land,0.0
531,kWh energy,7900150.970036519
532,m3_wood,0.0
532,kg_cotton,18727500.0
532,m² land,0.0
532,kWh energy,7854055.791144832
533,m3_wood,0.0
533,kg_cotton,19552500.0
533,m² land,0.0
533,kWh energy,8149969.426605075
534,m3_wood,0.0
534,kg_cotton,20460000.0
534,m² land,0.0
534,kWh energy,8474582.491573064
535,m3_wood,0.0
535,kg_cotton,20130000.0
535,m² land,0.0
535,kWh energy,8369536.621430142
536,m3_wood,0.0
536,kg_cotton,19470000.0
536,m² land,0.0
536,kWh energy,8132498.589054876
537,m3_wood,163520.0
537,kg_cotton,19552500.0
537,m² land,0.0
537,kWh energy,8189011.636050154
538,m3_wood,0.0
538,kg_cotton,19882500.0
538,m² land,0.0
538,kWh energy,8265883.759356973
539,m3_wood,0.0
539,kg_cotton,18975000.0
539,m² land,0.0
539,kWh energy,7930388.717892288
540,m3_wood,0.0
540,kg_cotton,19882500.0
540,m² land,0.0
540,kWh energy,8286726.950613213
541,m3_wood,0.0
541,kg_cotton,19882500.0
541,m² land,0.0
541,kWh energy,8266106.911687685
542,m3_wood,0.0
542,kg_cotton,19305000.0
542,m² land,0.0
542,kWh energy,8070710.298493626
543,m3_wood,0.0
543,kg_cotton,19800000.0
543,m² land,0.0
543,kWh energy,8246495.931914533
544,m3_wood,0.0
544,kg_cotton,20625000.0
544,m² land,0.0
544,kWh energy,8590271.712145567
545,m3_wood,0.0
545,kg_cotton,20130000.0
545,m² land,0.0
545,kWh energy,8405693.430173904
546,m3_wood,0.0
546,kg_cotton,20460000.0
546,m² land,0.0
546,kWh energy,8576849.86877108
547,m3_wood,0.0
547,kg_cotton,20295000.0
547,m² land,0.0
547,kWh energy,8531210.053693185
548,m3_wood,0.0
548,kg_cotton,19305000.0
548,m² land,0.0
548,kWh energy,8166666.073626328
549,m3_wood,0.0
549,kg_cotton,19635000.0
549,m² land,0.0
549,kWh energy,8273564.605496759
550,m3_wood,44112.0
550,kg_cotton,20377500.0
550,m² land,0.0
550,kWh energy,8528956.86070132
551,m3_wood,0.0
551,kg_cotton,19140000.0
551,m² land,0.0
551,kWh energy,8057785.289914038
552,m3_wood,12496.0
552,kg_cotton,19552500.0
552,m² land,0.0
552,kWh energy,8254674.762632104
553,m3_wood,0.0
553,kg_cotton,21367500.0
553,m² land,0.0
553,kWh energy,8930575.517615536
554,m3_wood,16880.0
554,kg_cotton,22770000.0
554,m² land,0.0
554,kWh energy,9435998.350146307
555,m3_wood,0.0
555,kg_cotton,23017500.0
555,m² land,0.0
555,kWh energy,9497638.5765431
556,m3_wood,20624.0
556,kg_cotton,25080000.0
556,m² land,0.0
556,kWh energy,10177689.040966611
557,m3_wood,0.0
557,kg_cotton,26317500.0
557,m² land,0.0
557,kWh energy,10596017.420497667
558,m3_wood,0.0
558,kg_cotton,28132500.0
558,m² land,0.0
558,kWh energy,11168674.932424944
559,m3_wood,30352.0
559,kg_cotton,30525000.0
559,m² land,0.0
559,kWh energy,12036299.69097721
560,m3_wood,0.0
560,kg_cotton,33247500.0
560,m² land,0.0
560,kWh energy,12969646.08193072
561,m3_wood,6624.0
561,kg_cotton,35310000.0
561,m² land,0.0
561,kWh energy,13708903.897803476
562,m3_wood,7248.0
562,kg_cotton,38857500.0
562,m² land,0.0
562,kWh energy,14973211.314289624
563,m3_wood,0.0
563,kg_cotton,41827500.0
563,m² land,0.0
563,kWh energy,16009160.024610825
564,m3_wood,0.0
564,kg_cotton,44715000.0
564,m² land,0.0
564,kWh energy,17101810.507007036
565,m3_wood,0.0
565,kg_cotton,49665000.0
565,m² land,0.0
565,kWh energy,18919373.327026047
566,m3_wood,0.0
566,kg_cotton,53212500.0
566,m² land,0.0
566,kWh energy,20175155.472159456
567,m3_wood,0.0
567,kg_cotton,56100000.0
567,m² land,0.0
567,kWh energy,21193113.254205022
568,m3_wood,0.0
568,kg_cotton,60802500.0
568,m² land,0.0
568,kWh energy,22951509.698263135
569,m3_wood,0.0
569,kg_cotton,64267500.0
569,m² land,0.0
569,kWh energy,24191161.910108794
570,m3_wood,0.0
570,kg_cotton,65257500.0
570,m² land,0.0
570,kWh energy,24592312.156213947
571,m3_wood,0.0
571,kg_cotton,69547500.0
571,m² land,0.0
571,kWh energy,26151637.04745749
572,m3_wood,0.0
572,kg_cotton,73260000.0
572,m² land,0.0
572,kWh energy,27499883.245410457
573,m3_wood,0.0
573,kg_cotton,74580000.0
573,m² land,0.0
573,kWh energy,27932666.67418224
574,m3_wood,0.0
574,kg_cotton,74250000.0
574,m² land,0.0
574,kWh energy,27801539.809353795
575,m3_wood,0.0
575,kg_cotton,76972500.0
575,m² land,0.0
575,kWh energy,28838962.014365517
576,m3_wood,2496.0
576,kg_cotton,79117500.0
576,m² land,0.0
576,kWh energy,29587688.652366247
577,m3_wood,0.0
577,kg_cotton,80602500.0
577,m² land,0.0
577,kWh energy,30113467.72314854
578,m3_wood,0.0
578,kg_cotton,82417500.0
578,m² land,0.0
578,kWh energy,30781455.790655684
579,m3_wood,0.0
579,kg_cotton,82747500.0
579,m² land,0.0
579,kWh energy,30924335.369011555
580,m3_wood,0.0
580,kg_cotton,83160000.0
580,m² land,0.0
580,kWh energy,31081970.100207977
581,m3_wood,0.0
581,kg_cotton,81840000.0
581,m² land,0.0
581,kWh energy,30604249.849818055
582,m3_wood,0.0
582,kg_cotton,81345000.0
582,m² land,0.0
582,kWh energy,30392493.531166334
583,m3_wood,0.0
583,kg_cotton,81427500.0
583,m² land,0.0
583,kWh energy,30428906.629961513
584,m3_wood,0.0
584,kg_cotton,80767500.0
584,m² land,0.0
584,kWh energy,30166000.134977255
585,m3_wood,0.0
585,kg_cotton,80932500.0
585,m² land,0.0
585,kWh energy,30200583.08951148
586,m3_wood,0.0
586,kg_cotton,80355000.0
586,m² land,0.0
586,kWh energy,29970223.24613567
587,m3_wood,0.0
587,kg_cotton,79117500.0
587,m² land,0.0
587,kWh energy,29518672.86405678
588,m3_wood,0.0
588,kg_cotton,78787500.0
588,m² land,0.0
588,kWh energy,29365785.818079837
589,m3_wood,0.0
589,kg_cotton,78127500.0
589,m² land,0.0
589,kWh energy,29112244.62049948
590,m3_wood,0.0
590,kg_cotton,78375000.0
590,m² land,0.0
590,kWh energy,29184671.17760885
591,m3_wood,0.0
591,kg_cotton,81675000.0
591,m² land,0.0
591,kWh energy,30400608.89752927
592,m3_wood,0.0
592,kg_cotton,82912500.0
592,m² land,0.0
592,kWh energy,30889071.979656454
593,m3_wood,0.0
593,kg_cotton,82995000.0
593,m² land,0.0
593,kWh energy,30957317.649453733
594,m3_wood,0.0
594,kg_cotton,82500000.0
594,m² land,0.0
594,kWh energy,30754318.34674539
595,m3_wood,0.0
595,kg_cotton,82665000.0
595,m² land,0.0
595,kWh energy,30856064.42786153
596,m3_wood,123488.0
596,kg_cotton,82500000.0
596,m² land,0.0
596,kWh energy,30785718.398545288
597,m3_wood,0.0
597,kg_cotton,81922500.0
597,m² land,0.0
597,kWh energy,30558761.75960246
598,m3_wood,0.0
598,kg_cotton,81097500.0
598,m² land,0.0
598,kWh energy,30257995.4624147
599,m3_wood,0.0
599,kg_cotton,82335000.0
599,m² land,0.0
599,kWh energy,30711239.682055123
600,m3_wood,0.0
600,kg_cotton,82417500.0
600,m² land,0.0
600,kWh energy,30737208.504183087
601,m3_wood,0.0
601,kg_cotton,80355000.0
601,m² land,0.0
601,kWh energy,29960223.246135663
602,m3_wood,0.0
602,kg_cotton,79282500.0
602,m² land,0.0
602,kWh energy,29544219.926984105
603,m3_wood,0.0
603,kg_cotton,78045000.0
603,m² land,0.0
603,kWh energy,29129181.030798707
604,m3_wood,0.0
604,kg_cotton,78210000.0
604,m² land,0.0
604,kWh energy,29211031.362530958
605,m3_wood,0.0
605,kg_cotton,74002500.0
605,m² land,0.0
605,kWh energy,27710600.616568044
606,m3_wood,0.0
606,kg_cotton,70372500.0
606,m² land,0.0
606,kWh energy,26362374.92065941
607,m3_wood,0.0
607,kg_cotton,66907500.0
607,m² land,0.0
607,kWh energy,25101306.85613235
608,m3_wood,0.0
608,kg_cotton,63855000.0
608,m² land,0.0
608,kWh energy,24011191.442705225
609,m3_wood,0.0
609,kg_cotton,59730000.0
609,m² land,0.0
609,kWh energy,22537141.069135692
610,m3_wood,0.0
610,kg_cotton,57585000.0
610,m² land,0.0
610,kWh energy,21812719.715362072
611,m3_wood,0.0
611,kg_cotton,56265000.0
611,m² land,0.0
611,kWh energy,21334840.381806638
612,m3_wood,0.0
612,kg_cotton,52635000.0
612,m² land,0.0
612,kWh energy,20031530.53857936
613,m3_wood,37488.0
613,kg_cotton,50242500.0
613,m² land,0.0
613,kWh energy,19131559.423565768
614,m3_wood,0.0
614,kg_cotton,46447500.0
614,m² land,0.0
614,kWh energy,17743253.938328005
615,m3_wood,0.0
615,kg_cotton,43230000.0
615,m² land,0.0
615,kWh energy,16529593.477395745
616,m3_wood,0.0
616,kg_cotton,42075000.0
616,m² land,0.0
616,kWh energy,16152522.266127462
617,m3_wood,0.0
617,kg_cotton,38445000.0
617,m² land,0.0
617,kWh energy,14874306.0532621
618,m3_wood,0.0
618,kg_cotton,36135000.0
618,m² land,0.0
618,kWh energy,14062640.633794535
619,m3_wood,0.0
619,kg_cotton,33412500.0
619,m² land,0.0
619,kWh energy,13076496.413662966
620,m3_wood,0.0
620,kg_cotton,31515000.0
620,m² land,0.0
620,kWh energy,12376394.213749561
621,m3_wood,0.0
621,kg_cotton,29370000.0
621,m² land,0.0
621,kWh energy,11632210.663405249
622,m3_wood,0.0
622,kg_cotton,28957500.0
622,m² land,0.0
622,kWh energy,11426113.839237938
623,m3_wood,0.0
623,kg_cotton,27142500.0
623,m² land,0.0
623,kWh energy,10784524.68631982
624,m3_wood,0.0
624,kg_cotton,27967500.0
624,m² land,0.0
624,kWh energy,11081938.321780063
625,m3_wood,0.0
625,kg_cotton,25987500.0
625,m² land,0.0
625,kWh energy,10406266.214327713
626,m3_wood,0.0
626,kg_cotton,24667500.0
626,m² land,0.0
626,kWh energy,10006869.064468592
627,m3_wood,0.0
627,kg_cotton,23100000.0
627,m² land,0.0
627,kWh energy,9447398.031799622
628,m3_wood,0.0
628,kg_cotton,22357500.0
628,m² land,0.0
628,kWh energy,9159325.711920768
629,m3_wood,0.0
629,kg_cotton,22027500.0
629,m² land,0.0
629,kWh energy,9064113.549990801
630,m3_wood,0.0
630,kg_cotton,22110000.0
630,m² land,0.0
630,kWh energy,9084412.927698644
631,m3_wood,0.0
631,kg_cotton,22852500.0
631,m² land,0.0
631,kWh energy,9352936.72029423
632,m3_wood,50336.0
632,kg_cotton,23347500.0
632,m² land,0.0
632,kWh energy,9469904.43381164
633,m3_wood,0.0
633,kg_cotton,23017500.0
633,m² land,0.0
633,kWh energy,9319494.403475711
634,m3_wood,0.0
634,kg_cotton,24172500.0
634,m² land,0.0
634,kWh energy,9772478.04322075
635,m3_wood,0.0
635,kg_cotton,23595000.0
635,m² land,0.0
635,kWh energy,9593861.442901064
636,m3_wood,0.0
636,kg_cotton,23017500.0
636,m² land,0.0
636,kWh energy,9413763.796095936
637,m3_wood,0.0
637,kg_cotton,23677500.0
637,m² land,0.0
637,kWh energy,9589880.807734525
638,m3_wood,0.0
638,kg_cotton,23017500.0
638,m² land,0.0
638,kWh energy,9345887.000226561
639,m3_wood,136576.0
639,kg_cotton,23677500.0
639,m² land,0.0
639,kWh energy,9589416.699341428
640,m3_wood,0.0
640,kg_cotton,21780000.0
640,m² land,0.0
640,kWh energy,8891322.832688425
641,m3_wood,0.0
641,kg_cotton,22440000.0
641,m² land,0.0
641,kWh energy,9153820.942612361
642,m3_wood,0.0
642,kg_cotton,22522500.0
642,m² land,0.0
642,kWh energy,9177815.036093082
643,m3_wood,0.0
643,kg_cotton,22935000.0
643,m² land,0.0
643,kWh energy,9330763.384777032
644,m3_wood,0.0
644,kg_cotton,23100000.0
644,m² land,0.0
644,kWh energy,9353632.670023823
645,m3_wood,63504.0
645,kg_cotton,23265000.0
645,m² land,0.0
645,kWh energy,9408370.417879594
646,m3_wood,0.0
646,kg_cotton,23347500.0
646,m² land,0.0
646,kWh energy,9396709.718038768
647,m3_wood,0.0
647,kg_cotton,21532500.0
647,m² land,0.0
647,kWh energy,8749226.831158925
648,m3_wood,0.0
648,kg_cotton,20872500.0
648,m² land,0.0
648,kWh energy,8511946.69293839
649,m3_wood,0.0
649,kg_cotton,20707500.0
649,m² land,0.0
649,kWh energy,8462314.332909556
650,m3_wood,0.0
650,kg_cotton,20047500.0
650,m² land,0.0
650,kWh energy,8222667.747502255
651,m3_wood,0.0
651,kg_cotton,20130000.0
651,m² land,0.0
651,kWh energy,8238510.212866529
652,m3_wood,0.0
652,kg_cotton,19305000.0
652,m² land,0.0
652,kWh energy,7919229.252008178
653,m3_wood,0.0
653,kg_cotton,19140000.0
653,m² land,0.0
653,kWh energy,7855372.602437757
654,m3_wood,0.0
654,kg_cotton,19222500.0
654,m² land,0.0
654,kWh energy,7901673.117356476
655,m3_wood,105008.0
655,kg_cotton,18645000.0
655,m² land,0.0
655,kWh energy,7660050.19919861
656,m3_wood,0.0
656,kg_cotton,19882500.0
656,m² land,0.0
656,kWh energy,8101946.937738825
657,m3_wood,0.0
657,kg_cotton,21780000.0
657,m² land,0.0
657,kWh energy,8822728.06511564
658,m3_wood,0.0
658,kg_cotton,23347500.0
658,m² land,0.0
658,kWh energy,9429077.043436874
659,m3_wood,0.0
659,kg_cotton,25657500.0
659,m² land,0.0
659,kWh energy,10331131.894450193
660,m3_wood,0.0
660,kg_cotton,27472500.0
660,m² land,0.0
660,kWh energy,10930674.807078803
661,m3_wood,0.0
661,kg_cotton,28545000.0
661,m² land,0.0
661,kWh energy,11310284.392268635
662,m3_wood,0.0
662,kg_cotton,31680000.0
662,m² land,0.0
662,kWh energy,12488288.770349095
663,m3_wood,0.0
663,kg_cotton,33825000.0
663,m² land,0.0
663,kWh energy,13285124.8270212
664,m3_wood,79136.0
664,kg_cotton,37042500.0
664,m² land,0.0
664,kWh energy,14446486.321564514
665,m3_wood,10000.0
665,kg_cotton,39600000.0
665,m² land,0.0
665,kWh energy,15325279.331752513
666,m3_wood,0.0
666,kg_cotton,41745000.0
666,m² land,0.0
666,kWh energy,16080012.287591431
667,m3_wood,0.0
667,kg_cotton,46035000.0
667,m² land,0.0
667,kWh energy,17708956.080549624
668,m3_wood,0.0
668,kg_cotton,48345000.0
668,m² land,0.0
668,kWh energy,18523862.45607959
669,m3_wood,0.0
669,kg_cotton,50077500.0
669,m² land,0.0
669,kWh energy,19129175.487220388
670,m3_wood,0.0
670,kg_cotton,50325000.0
670,m² land,0.0
670,kWh energy,19166504.111551866
671,m3_wood,0.0
671,kg_cotton,53460000.0
671,m² land,0.0
671,kWh energy,20248355.724305023
672,m3_wood,1872.0
672,kg_cotton,55770000.0
672,m² land,0.0
672,kWh energy,21081929.52883287
673,m3_wood,0.0
673,kg_cotton,57337500.0
673,m² land,0.0
673,kWh energy,21595511.129956096
674,m3_wood,0.0
674,kg_cotton,60142500.0
674,m² land,0.0
674,kWh energy,22596688.487808365
675,m3_wood,14976.0
675,kg_cotton,63525000.0
675,m² land,0.0
675,kWh energy,23850963.49246579
676,m3_wood,0.0
676,kg_cotton,63607500.0
676,m² land,0.0
676,kWh energy,23846038.58063204
677,m3_wood,0.0
677,kg_cotton,64350000.0
677,m² land,0.0
677,kWh energy,24131168.6392659
678,m3_wood,0.0
678,kg_cotton,64680000.0
678,m² land,0.0
678,kWh energy,24200799.806510333
679,m3_wood,0.0
679,kg_cotton,64680000.0
679,m² land,0.0
679,kWh energy,24192337.71353945
680,m3_wood,0.0
680,kg_cotton,65422500.0
680,m² land,0.0
680,kWh energy,24426914.06426275
681,m3_wood,0.0
681,kg_cotton,64432500.0
681,m² land,0.0
681,kWh energy,24070175.368423022
682,m3_wood,0.0
682,kg_cotton,65670000.0
682,m² land,0.0
682,kWh energy,24510991.112277668
